<?xml version="1.0" encoding="utf-8"?>
<COLLADA xmlns="http://www.collada.org/2005/11/COLLADASchema" version="1.4.1" xmlns:xsi="http://www.w3.org/2001/XMLSchema-instance">
  <asset>
    <contributor>
      <author>Blender User</author>
      <authoring_tool>Blender 4.5.5 LTS commit date:2025-11-17, commit time:16:03, hash:836beaaf597a</authoring_tool>
    </contributor>
    <created>2025-12-22T17:39:17</created>
    <modified>2025-12-22T17:39:17</modified>
    <unit name="meter" meter="1"/>
    <up_axis>Z_UP</up_axis>
  </asset>
  <library_cameras>
    <camera id="Camera-camera" name="Camera">
      <optics>
        <technique_common>
          <perspective>
            <xfov sid="xfov">39.59775</xfov>
            <aspect_ratio>1.777778</aspect_ratio>
            <znear sid="znear">0.1</znear>
            <zfar sid="zfar">100</zfar>
          </perspective>
        </technique_common>
      </optics>
      <extra>
        <technique profile="blender">
          <shiftx sid="shiftx" type="float">0</shiftx>
          <shifty sid="shifty" type="float">0</shifty>
          <dof_distance sid="dof_distance" type="float">10</dof_distance>
        </technique>
      </extra>
    </camera>
  </library_cameras>
  <library_lights>
    <light id="Light-light" name="Light">
      <technique_common>
        <point>
          <color sid="color">1000 1000 1000</color>
          <constant_attenuation>1</constant_attenuation>
          <linear_attenuation>0</linear_attenuation>
          <quadratic_attenuation>0</quadratic_attenuation>
        </point>
      </technique_common>
      <extra>
        <technique profile="blender">
          <type sid="type" type="int">0</type>
          <flag sid="flag" type="int">0</flag>
          <mode sid="mode" type="int">2097153</mode>
          <red sid="red" type="float">1</red>
          <green sid="green" type="float">1</green>
          <blue sid="blue" type="float">1</blue>
          <energy sid="blender_energy" type="float">1000</energy>
          <spotsize sid="spotsize" type="float">75</spotsize>
          <spotblend sid="spotblend" type="float">0.15</spotblend>
          <clipsta sid="clipsta" type="float">0.04999995</clipsta>
          <clipend sid="clipend" type="float">40</clipend>
          <radius sid="radius" type="float">0.1</radius>
          <area_shape sid="area_shape" type="int">1</area_shape>
          <area_size sid="area_size" type="float">0.1</area_size>
          <area_sizey sid="area_sizey" type="float">0.1</area_sizey>
          <area_sizez sid="area_sizez" type="float">1</area_sizez>
        </technique>
      </extra>
    </light>
  </library_lights>
  <library_images/>
  <library_geometries>
    <geometry id="table_001-mesh" name="table.001">
      <mesh>
        <source id="table_001-mesh-positions">
          <float_array id="table_001-mesh-positions-array" count="9018">-0.6099935 -0.3310986 -0.8263267 -0.6099935 -0.3310986 -0.707279 -0.6115478 -0.3287781 -0.8263267 -0.6079446 -0.3333887 -0.707279 -0.6079446 -0.3333887 -0.8263267 -0.6054084 -0.3356403 -0.707279 -0.6054084 -0.3356403 -0.5882315 -0.6023939 -0.3378454 -0.5882315 -0.6023939 -0.3378454 -0.4691838 -0.5989122 -0.3399959 -0.4691838 -0.5989122 -0.3399959 -0.3501362 -0.594976 -0.3420841 -0.3501362 -0.594976 -0.3420841 -0.2310885 -0.590599 -0.3441024 -0.2310885 -0.590599 -0.3441024 -0.1120409 -0.5857971 -0.3460437 -0.1120409 -0.5857971 -0.3460437 0.007006645 -0.5805879 -0.3479009 0.007006645 -0.5849431 -0.3463644 0.1260542 -0.5797378 -0.3481833 0.1260542 -0.5897544 -0.3444625 0.1260542 -0.590599 -0.3441024 0.007006645 -0.594976 -0.3420841 -0.1120409 -0.5989122 -0.3399959 -0.2310885 -0.6023939 -0.3378454 -0.3501362 -0.6054084 -0.3356403 -0.4691838 -0.6079446 -0.3333887 -0.5882315 -0.6054084 -0.3356403 -0.8263267 -0.6023939 -0.3378454 -0.707279 -0.5989122 -0.3399959 -0.5882315 -0.594976 -0.3420841 -0.4691838 -0.590599 -0.3441024 -0.3501362 -0.5857971 -0.3460437 -0.2310885 -0.5805879 -0.3479009 -0.1120409 -0.5749898 -0.3496674 0.007006645 -0.5741569 -0.3499128 0.1260542 -0.6023939 -0.3378454 -0.8263267 -0.5989122 -0.3399959 -0.707279 -0.594976 -0.3420841 -0.5882315 -0.590599 -0.3441024 -0.4691838 -0.5857971 -0.3460437 -0.3501362 -0.5805879 -0.3479009 -0.2310885 -0.5749898 -0.3496674 -0.1120409 -0.5690234 -0.3513368 0.007006645 -0.5682199 -0.3515468 0.1260542 -0.5989122 -0.3399959 -0.8263267 -0.594976 -0.3420841 -0.707279 -0.590599 -0.3441024 -0.5882315 -0.5857971 -0.3460437 -0.4691838 -0.5805879 -0.3479009 -0.3501362 -0.5749898 -0.3496674 -0.2310885 -0.5690234 -0.3513368 -0.1120409 -0.5627096 -0.352903 0.007006645 -0.5619476 -0.3530796 0.1260542 -0.594976 -0.3420841 -0.8263267 -0.590599 -0.3441024 -0.707279 -0.5857971 -0.3460437 -0.5882315 -0.5805879 -0.3479009 -0.4691838 -0.5749898 -0.3496674 -0.3501362 -0.5690234 -0.3513368 -0.2310885 -0.5627096 -0.352903 -0.1120409 -0.5560715 -0.3543605 0.007006645 -0.5553619 -0.3545059 0.1260542 -0.590599 -0.3441024 -0.8263267 -0.5857971 -0.3460437 -0.707279 -0.5805879 -0.3479009 -0.5882315 -0.5749898 -0.3496674 -0.4691838 -0.5690234 -0.3513368 -0.3501362 -0.5627096 -0.352903 -0.2310885 -0.5560715 -0.3543605 -0.1120409 -0.5491328 -0.3557038 0.007006645 -0.548486 -0.3558205 0.1260542 -0.5857971 -0.3460437 -0.8263267 -0.5805879 -0.3479009 -0.707279 -0.5749898 -0.3496674 -0.5882315 -0.5690234 -0.3513368 -0.4691838 -0.5627096 -0.352903 -0.3501362 -0.5560715 -0.3543605 -0.2310885 -0.5491328 -0.3557038 -0.1120409 -0.5419189 -0.3569284 0.007006645 -0.5413439 -0.357019 0.1260542 -0.5805879 -0.3479009 -0.8263267 -0.5749898 -0.3496674 -0.707279 -0.5690234 -0.3513368 -0.5882315 -0.5627096 -0.352903 -0.4691838 -0.5560715 -0.3543605 -0.3501362 -0.5491328 -0.3557038 -0.2310885 -0.5419189 -0.3569284 -0.1120409 -0.5344552 -0.3580297 0.007006645 -0.5339608 -0.3580971 0.1260542 -0.5749898 -0.3496674 -0.8263267 -0.5690234 -0.3513368 -0.707279 -0.5627096 -0.352903 -0.5882315 -0.5560715 -0.3543605 -0.4691838 -0.5491328 -0.3557038 -0.3501362 -0.5419189 -0.3569284 -0.2310885 -0.5344552 -0.3580297 -0.1120409 -0.5267688 -0.3590039 0.007006645 -0.5263627 -0.3590511 0.1260542 -0.5690234 -0.3513368 -0.8263267 -0.5627096 -0.352903 -0.707279 -0.5560715 -0.3543605 -0.5882315 -0.5491328 -0.3557038 -0.4691838 -0.5419189 -0.3569284 -0.3501362 -0.5344552 -0.3580297 -0.2310885 -0.5267688 -0.3590039 -0.1120409 -0.5188875 -0.3598473 0.007006645 -0.518576 -0.3598775 0.1260542 -0.5627096 -0.352903 -0.8263267 -0.5560715 -0.3543605 -0.707279 -0.5491328 -0.3557038 -0.5882315 -0.5419189 -0.3569284 -0.4691838 -0.5344552 -0.3580297 -0.3501362 -0.5267688 -0.3590039 -0.2310885 -0.5188875 -0.3598473 -0.1120409 -0.5108395 -0.3605569 0.007006645 -0.5106279 -0.3605735 0.1260542 -0.5560715 -0.3543605 -0.8263267 -0.5491328 -0.3557038 -0.707279 -0.5419189 -0.3569284 -0.5882315 -0.5344552 -0.3580297 -0.4691838 -0.5267688 -0.3590039 -0.3501362 -0.5188875 -0.3598473 -0.2310885 -0.5108395 -0.3605569 -0.1120409 -0.5026542 -0.3611301 0.007006645 -0.5025467 -0.3611366 0.1260542 -0.5491328 -0.3557038 -0.8263267 -0.5419189 -0.3569284 -0.707279 -0.5344552 -0.3580297 -0.5882315 -0.5267688 -0.3590039 -0.4691838 -0.5188875 -0.3598473 -0.3501362 -0.5108395 -0.3605569 -0.2310885 -0.5026542 -0.3611301 -0.1120409 -0.4943603 -0.3615649 0.1260542 -0.5419189 -0.3569284 -0.8263267 -0.5344552 -0.3580297 -0.707279 -0.5267688 -0.3590039 -0.5882315 -0.5188875 -0.3598473 -0.4691838 -0.5108395 -0.3605569 -0.3501362 -0.5026542 -0.3611301 -0.2310885 -0.4943603 -0.3615649 -0.3501362 -0.5344552 -0.3580297 -0.8263267 -0.5267688 -0.3590039 -0.707279 -0.5188875 -0.3598473 -0.5882315 -0.5108395 -0.3605569 -0.4691838 -0.5026542 -0.3611301 -0.3501362 -0.5267688 -0.3590039 -0.8263267 -0.5188875 -0.3598473 -0.707279 -0.5108395 -0.3605569 -0.5882315 -0.5026542 -0.3611301 -0.4691838 -0.5188875 -0.3598473 -0.8263267 -0.5108395 -0.3605569 -0.707279 -0.5026542 -0.3611301 -0.5882315 -0.5108395 -0.3605569 -0.8263267 -0.5026542 -0.3611301 -0.707279 -0.4943603 -0.3615649 -0.8263267 -0.5026542 -0.3611301 -0.8263267 -0.5941547 -0.3424842 0.1260542 -0.594976 -0.3420841 0.007006645 -0.5989122 -0.3399959 -0.1120409 -0.6023939 -0.3378454 -0.2310885 -0.6054084 -0.3356403 -0.3501362 -0.6079446 -0.3333887 -0.4691838 -0.6099935 -0.3310986 -0.5882315 -0.5981288 -0.3404366 0.1260542 -0.5989122 -0.3399959 0.007006645 -0.6023939 -0.3378454 -0.1120409 -0.6054084 -0.3356403 -0.2310885 -0.6079446 -0.3333887 -0.3501362 -0.6099935 -0.3310986 -0.4691838 -0.6115478 -0.3287781 -0.3530263 -0.6016626 -0.3383267 0.1260542 -0.6023939 -0.3378454 0.007006645 -0.6054084 -0.3356403 -0.1120409 -0.6079446 -0.3333887 -0.2310885 -0.6099935 -0.3310986 -0.3501362 -0.604744 -0.336162 0.1260542 -0.6054084 -0.3356403 0.007006645 -0.6079446 -0.3333887 -0.1120409 -0.6099935 -0.3310986 -0.2310885 -0.6073617 -0.3339499 0.1260542 -0.6079446 -0.3333887 0.007006645 -0.6099935 -0.3310986 -0.1120409 -0.609507 -0.3316985 0.1260542 -0.609507 -0.3316985 0.1098806 -0.6099935 -0.3310986 0.007006645 -0.6107479 -0.3300673 0.1148766 -0.6112031 -0.3293653 0.1174806 -0.6113899 -0.329054 0.1188444 -0.6115478 -0.3287781 0.1202741 -0.6101855 -0.3308492 0.1123658 -0.4943603 -0.3287781 -0.8263267 0.5029859 -0.3611254 -0.8263267 0.5029934 -0.3611249 -0.707279 0.4946923 -0.3615602 -0.8263267 0.5111714 -0.3605521 -0.8263267 0.5111714 -0.3605521 -0.707279 0.5030009 -0.3611245 -0.5882315 0.5111714 -0.3605521 -0.5882315 0.5030084 -0.361124 -0.4691838 0.5111714 -0.3605521 -0.4691838 0.5030156 -0.3611236 -0.3501362 0.5111714 -0.3605521 -0.3501362 0.5030232 -0.3611232 -0.2310885 0.5111714 -0.3605521 -0.2310885 0.5030307 -0.3611227 -0.1120409 0.5111714 -0.3605521 -0.1120409 0.5030381 -0.3611222 0.007006645 0.5111714 -0.3605521 0.007006645 0.5030456 -0.3611218 0.1260542 0.5112891 -0.3605428 0.1260542 0.4946923 -0.3615602 0.1260542 0.5192194 -0.3598425 -0.707279 0.5192194 -0.3598425 -0.5882315 0.5271005 -0.3589991 -0.5882315 0.5271005 -0.3589991 -0.4691838 0.5347868 -0.358025 -0.4691838 0.5347868 -0.358025 -0.3501362 0.5422505 -0.3569237 -0.3501362 0.5422505 -0.3569237 -0.2310885 0.5494645 -0.3556991 -0.2310885 0.5494645 -0.3556991 -0.1120409 0.5564032 -0.3543557 -0.1120409 0.5564032 -0.3543557 0.007006645 0.5630414 -0.3528982 0.007006645 0.5567965 -0.3542743 0.1260542 0.5634633 -0.3527994 0.1260542 0.5498234 -0.3556338 0.1260542 0.5494645 -0.3556991 0.007006645 0.5422505 -0.3569237 -0.1120409 0.5347868 -0.358025 -0.2310885 0.5271005 -0.3589991 -0.3501362 0.5192194 -0.3598425 -0.4691838 0.5271005 -0.3589991 -0.8263267 0.5271005 -0.3589991 -0.707279 0.5192194 -0.3598425 -0.8263267 0.5347868 -0.358025 -0.707279 0.5347868 -0.358025 -0.8263267 0.5422505 -0.3569237 -0.707279 0.5422505 -0.3569237 -0.5882315 0.5494645 -0.3556991 -0.5882315 0.5494645 -0.3556991 -0.4691838 0.5564032 -0.3543557 -0.4691838 0.5564032 -0.3543557 -0.3501362 0.5630414 -0.3528982 -0.3501362 0.5630414 -0.3528982 -0.2310885 0.569355 -0.3513321 -0.2310885 0.569355 -0.3513321 -0.1120409 0.5753217 -0.3496627 -0.1120409 0.5753217 -0.3496627 0.007006645 0.5809198 -0.3478962 0.007006645 0.5757816 -0.3495253 0.1260542 0.5813883 -0.3477382 0.1260542 0.5697994 -0.3512145 0.1260542 0.569355 -0.3513321 0.007006645 0.5630414 -0.3528982 -0.1120409 0.5564032 -0.3543557 -0.2310885 0.5494645 -0.3556991 -0.3501362 0.5422505 -0.3569237 -0.4691838 0.5347868 -0.358025 -0.5882315 0.5422505 -0.3569237 -0.8263267 0.5494645 -0.3556991 -0.707279 0.5564032 -0.3543557 -0.5882315 0.5630414 -0.3528982 -0.4691838 0.569355 -0.3513321 -0.3501362 0.5753217 -0.3496627 -0.2310885 0.5809198 -0.3478962 -0.1120409 0.586129 -0.346039 0.007006645 0.5865989 -0.3458596 0.1260542 0.5494645 -0.3556991 -0.8263267 0.5564032 -0.3543557 -0.707279 0.5630414 -0.3528982 -0.5882315 0.569355 -0.3513321 -0.4691838 0.5753217 -0.3496627 -0.3501362 0.5809198 -0.3478962 -0.2310885 0.586129 -0.346039 -0.1120409 0.5909307 -0.3440977 0.007006645 0.5913943 -0.3438964 0.1260542 0.5564032 -0.3543557 -0.8263267 0.5630414 -0.3528982 -0.707279 0.569355 -0.3513321 -0.5882315 0.5753217 -0.3496627 -0.4691838 0.5809198 -0.3478962 -0.3501362 0.586129 -0.346039 -0.2310885 0.5909307 -0.3440977 -0.1120409 0.5953076 -0.3420794 0.007006645 0.5957571 -0.3418556 0.1260542 0.5630414 -0.3528982 -0.8263267 0.569355 -0.3513321 -0.707279 0.5753217 -0.3496627 -0.5882315 0.5809198 -0.3478962 -0.4691838 0.586129 -0.346039 -0.3501362 0.5909307 -0.3440977 -0.2310885 0.5953076 -0.3420794 -0.1120409 0.5992441 -0.3399912 0.007006645 0.5996712 -0.3397449 0.1260542 0.569355 -0.3513321 -0.8263267 0.5753217 -0.3496627 -0.707279 0.5809198 -0.3478962 -0.5882315 0.586129 -0.346039 -0.4691838 0.5909307 -0.3440977 -0.3501362 0.5953076 -0.3420794 -0.2310885 0.5992441 -0.3399912 -0.1120409 0.6027258 -0.3378406 0.007006645 0.6031224 -0.3375719 0.1260542 0.5753217 -0.3496627 -0.8263267 0.5809198 -0.3478962 -0.707279 0.586129 -0.346039 -0.5882315 0.5909307 -0.3440977 -0.4691838 0.5953076 -0.3420794 -0.3501362 0.5992441 -0.3399912 -0.2310885 0.6027258 -0.3378406 -0.1120409 0.6057401 -0.3356356 0.007006645 0.6060982 -0.3353444 0.1260542 0.5809198 -0.3478962 -0.8263267 0.586129 -0.346039 -0.707279 0.5909307 -0.3440977 -0.5882315 0.5953076 -0.3420794 -0.4691838 0.5992441 -0.3399912 -0.3501362 0.6027258 -0.3378406 -0.2310885 0.6057401 -0.3356356 -0.1120409 0.6082763 -0.333384 0.007006645 0.6085875 -0.3330708 0.1260542 0.586129 -0.346039 -0.8263267 0.5909307 -0.3440977 -0.707279 0.5953076 -0.3420794 -0.5882315 0.5992441 -0.3399912 -0.4691838 0.6027258 -0.3378406 -0.3501362 0.6057401 -0.3356356 -0.2310885 0.6082763 -0.333384 -0.1120409 0.6103254 -0.3310939 0.007006645 0.6105813 -0.3307593 0.1260542 0.5909307 -0.3440977 -0.8263267 0.5953076 -0.3420794 -0.707279 0.5992441 -0.3399912 -0.5882315 0.6027258 -0.3378406 -0.4691838 0.6057401 -0.3356356 -0.3501362 0.6082763 -0.333384 -0.2310885 0.6103254 -0.3310939 -0.1120409 0.6118798 -0.3287734 0.1234183 0.611805 -0.3289054 0.1219676 0.6116996 -0.3290871 0.1206125 0.6115681 -0.3293066 0.1193315 0.6114131 -0.3295556 0.1181066 0.6110386 -0.3301228 0.1157693 0.6105813 -0.3307593 0.1135301 0.5953076 -0.3420794 -0.8263267 0.5992441 -0.3399912 -0.707279 0.6027258 -0.3378406 -0.5882315 0.6057401 -0.3356356 -0.4691838 0.6082763 -0.333384 -0.3501362 0.6103254 -0.3310939 -0.2310885 0.6118798 -0.3287734 -0.3514541 0.5992441 -0.3399912 -0.8263267 0.6027258 -0.3378406 -0.707279 0.6057401 -0.3356356 -0.5882315 0.6082763 -0.333384 -0.4691838 0.6103254 -0.3310939 -0.3501362 0.6027258 -0.3378406 -0.8263267 0.6057401 -0.3356356 -0.707279 0.6082763 -0.333384 -0.5882315 0.6103254 -0.3310939 -0.4691838 0.6057401 -0.3356356 -0.8263267 0.6082763 -0.333384 -0.707279 0.6103254 -0.3310939 -0.5882315 0.6082763 -0.333384 -0.8263267 0.6103254 -0.3310939 -0.707279 0.6118798 -0.3287734 -0.8263267 0.6103254 -0.3310939 -0.8263267 0.5425695 -0.356873 0.1260542 0.5422505 -0.3569237 0.007006645 0.5347868 -0.358025 -0.1120409 0.5271005 -0.3589991 -0.2310885 0.5192194 -0.3598425 -0.3501362 0.5350612 -0.3579874 0.1260542 0.5347868 -0.358025 0.007006645 0.5271005 -0.3589991 -0.1120409 0.5192194 -0.3598425 -0.2310885 0.5273262 -0.3589728 0.1260542 0.5271005 -0.3589991 0.007006645 0.5192194 -0.3598425 -0.1120409 0.5193924 -0.3598256 0.1260542 0.5192194 -0.3598425 0.007006645 0.4946923 -0.3615602 -0.3501362 0.6103254 0.3305963 -0.8263267 0.6103254 0.3305963 -0.707279 0.6118798 0.3282763 -0.8263267 0.6082763 0.3328868 -0.707279 0.6082763 0.3328868 -0.8263267 0.6057401 0.3351386 -0.707279 0.6057401 0.3351386 -0.5882315 0.6027256 0.3373432 -0.5882315 0.6027256 0.3373432 -0.4691838 0.5992439 0.3394939 -0.4691838 0.5992439 0.3394939 -0.3501362 0.5953076 0.3415818 -0.3501362 0.5953076 0.3415818 -0.2310885 0.5909307 0.3436002 -0.2310885 0.5909307 0.3436002 -0.1120409 0.586129 0.3455418 -0.1120409 0.586129 0.3455418 0.007006645 0.5809198 0.3473989 0.007006645 0.5822058 0.3469615 0.1260542 0.576851 0.3487038 0.1260542 0.5871879 0.3451346 0.1260542 0.5909307 0.3436002 0.007006645 0.5953076 0.3415818 -0.1120409 0.5992439 0.3394939 -0.2310885 0.6027256 0.3373432 -0.3501362 0.6057401 0.3351386 -0.4691838 0.6082763 0.3328868 -0.5882315 0.6057401 0.3351386 -0.8263267 0.6027256 0.3373432 -0.707279 0.5992439 0.3394939 -0.5882315 0.5953076 0.3415818 -0.4691838 0.5909307 0.3436002 -0.3501362 0.586129 0.3455418 -0.2310885 0.5809198 0.3473989 -0.1120409 0.5753217 0.3491654 0.007006645 0.5711419 0.3503556 0.1260542 0.6027256 0.3373432 -0.8263267 0.5992439 0.3394939 -0.707279 0.5953076 0.3415818 -0.5882315 0.5909307 0.3436002 -0.4691838 0.586129 0.3455418 -0.3501362 0.5809198 0.3473989 -0.2310885 0.5753217 0.3491654 -0.1120409 0.569355 0.3508349 0.007006645 0.5650978 0.3519117 0.1260542 0.5992439 0.3394939 -0.8263267 0.5953076 0.3415818 -0.707279 0.5909307 0.3436002 -0.5882315 0.586129 0.3455418 -0.4691838 0.5809198 0.3473989 -0.3501362 0.5753217 0.3491654 -0.2310885 0.569355 0.3508349 -0.1120409 0.5630412 0.3524008 0.007006645 0.5587393 0.3533661 0.1260542 0.5953076 0.3415818 -0.8263267 0.5909307 0.3436002 -0.707279 0.586129 0.3455418 -0.5882315 0.5809198 0.3473989 -0.4691838 0.5753217 0.3491654 -0.3501362 0.569355 0.3508349 -0.2310885 0.5630412 0.3524008 -0.1120409 0.5564032 0.3538585 0.007006645 0.5520882 0.3547143 0.1260542 0.5909307 0.3436002 -0.8263267 0.586129 0.3455418 -0.707279 0.5809198 0.3473989 -0.5882315 0.5753217 0.3491654 -0.4691838 0.569355 0.3508349 -0.3501362 0.5630412 0.3524008 -0.2310885 0.5564032 0.3538585 -0.1120409 0.5494645 0.3552021 0.007006645 0.545167 0.355951 0.1260542 0.586129 0.3455418 -0.8263267 0.5809198 0.3473989 -0.707279 0.5753217 0.3491654 -0.5882315 0.569355 0.3508349 -0.4691838 0.5630412 0.3524008 -0.3501362 0.5564032 0.3538585 -0.2310885 0.5494645 0.3552021 -0.1120409 0.5422505 0.3564264 0.007006645 0.5379996 0.3570736 0.1260542 0.5809198 0.3473989 -0.8263267 0.5753217 0.3491654 -0.707279 0.569355 0.3508349 -0.5882315 0.5630412 0.3524008 -0.4691838 0.5564032 0.3538585 -0.3501362 0.5494645 0.3552021 -0.2310885 0.5422505 0.3564264 -0.1120409 0.5347868 0.357528 0.007006645 0.5306103 0.3580762 0.1260542 0.5753217 0.3491654 -0.8263267 0.569355 0.3508349 -0.707279 0.5630412 0.3524008 -0.5882315 0.5564032 0.3538585 -0.4691838 0.5494645 0.3552021 -0.3501362 0.5422505 0.3564264 -0.2310885 0.5347868 0.357528 -0.1120409 0.5271005 0.3585018 0.007006645 0.5230242 0.3589569 0.1260542 0.569355 0.3508349 -0.8263267 0.5630412 0.3524008 -0.707279 0.5564032 0.3538585 -0.5882315 0.5494645 0.3552021 -0.4691838 0.5422505 0.3564264 -0.3501362 0.5347868 0.357528 -0.2310885 0.5271005 0.3585018 -0.1120409 0.5192192 0.3593451 0.007006645 0.5152674 0.3597123 0.1260542 0.5630412 0.3524008 -0.8263267 0.5564032 0.3538585 -0.707279 0.5494645 0.3552021 -0.5882315 0.5422505 0.3564264 -0.4691838 0.5347868 0.357528 -0.3501362 0.5271005 0.3585018 -0.2310885 0.5192192 0.3593451 -0.1120409 0.5111714 0.3600546 0.007006645 0.5073661 0.3603398 0.1260542 0.5564032 0.3538585 -0.8263267 0.5494645 0.3552021 -0.707279 0.5422505 0.3564264 -0.5882315 0.5347868 0.357528 -0.4691838 0.5271005 0.3585018 -0.3501362 0.5192192 0.3593451 -0.2310885 0.5111714 0.3600546 -0.1120409 0.5029859 0.3606284 0.007006645 0.5073661 0.3603398 0.1072542 0.5038376 0.3605753 0.1098535 0.5494645 0.3552021 -0.8263267 0.5422505 0.3564264 -0.707279 0.5347868 0.357528 -0.5882315 0.5271005 0.3585018 -0.4691838 0.5192192 0.3593451 -0.3501362 0.5111714 0.3600546 -0.2310885 0.5029859 0.3606284 -0.1120409 0.4946923 0.3610631 0.1177461 0.4974551 0.360934 0.1150463 0.5005184 0.3607726 0.1124425 0.5422505 0.3564264 -0.8263267 0.5347868 0.357528 -0.707279 0.5271005 0.3585018 -0.5882315 0.5192192 0.3593451 -0.4691838 0.5111714 0.3600546 -0.3501362 0.5029859 0.3606284 -0.2310885 0.4946923 0.3610631 -0.3542903 0.5347868 0.357528 -0.8263267 0.5271005 0.3585018 -0.707279 0.5192192 0.3593451 -0.5882315 0.5111714 0.3600546 -0.4691838 0.5029859 0.3606284 -0.3501362 0.5271005 0.3585018 -0.8263267 0.5192192 0.3593451 -0.707279 0.5111714 0.3600546 -0.5882315 0.5029859 0.3606284 -0.4691838 0.5192192 0.3593451 -0.8263267 0.5111714 0.3600546 -0.707279 0.5029859 0.3606284 -0.5882315 0.5111714 0.3600546 -0.8263267 0.5029859 0.3606284 -0.707279 0.4946923 0.3610631 -0.8263267 0.5029859 0.3606284 -0.8263267 0.5917803 0.3432297 0.1260542 0.5953076 0.3415818 0.007006645 0.5992439 0.3394939 -0.1120409 0.6027256 0.3373432 -0.2310885 0.6057401 0.3351386 -0.3501362 0.6082763 0.3328868 -0.4691838 0.6103254 0.3305963 -0.5882315 0.5959674 0.3412526 0.1260542 0.5992439 0.3394939 0.007006645 0.6027256 0.3373432 -0.1120409 0.6057401 0.3351386 -0.2310885 0.6082763 0.3328868 -0.3501362 0.6103254 0.3305963 -0.4691838 0.6118798 0.3282763 -0.3501362 0.5997347 0.3392107 0.1260542 0.6027256 0.3373432 0.007006645 0.6057401 0.3351386 -0.1120409 0.6082763 0.3328868 -0.2310885 0.6103254 0.3305963 -0.3501362 0.6030697 0.337111 0.1260542 0.6057401 0.3351386 0.007006645 0.6082763 0.3328868 -0.1120409 0.6103254 0.3305963 -0.2310885 0.6059606 0.3349602 0.1260542 0.6082763 0.3328868 0.007006645 0.6103254 0.3305963 -0.1120409 0.6083979 0.3327654 0.1260542 0.6103254 0.3305963 0.007006645 0.6103733 0.3305353 0.1260542 0.6118798 0.3282763 0.1260542 0.4946923 0.3282763 -0.8263267 -0.5026744 0.3606258 -0.8263267 -0.5026744 0.3606258 -0.707279 -0.4943807 0.3610612 -0.8263267 -0.51086 0.3600527 -0.707279 -0.51086 0.3600527 -0.8263267 -0.5189079 0.3593431 -0.707279 -0.5189079 0.3593431 -0.5882315 -0.5267892 0.3584998 -0.5882315 -0.5267892 0.3584998 -0.4691838 -0.5344753 0.3575254 -0.4691838 -0.5344753 0.3575254 -0.3501362 -0.541939 0.3564245 -0.3501362 -0.541939 0.3564245 -0.2310885 -0.5491531 0.3551995 -0.2310885 -0.5491531 0.3551995 -0.1120409 -0.5560917 0.3538566 -0.1120409 -0.5560917 0.3538566 0.007006645 -0.56273 0.3523989 0.007006645 -0.5617118 0.3526343 0.1260542 -0.5681656 0.3510618 0.1260542 -0.5549281 0.354094 0.1260542 -0.5491531 0.3551995 0.007006645 -0.541939 0.3564245 -0.1120409 -0.5344753 0.3575254 -0.2310885 -0.5267892 0.3584998 -0.3501362 -0.5189079 0.3593431 -0.4691838 -0.51086 0.3600527 -0.5882315 -0.5189079 0.3593431 -0.8263267 -0.5267892 0.3584998 -0.707279 -0.5344753 0.3575254 -0.5882315 -0.541939 0.3564245 -0.4691838 -0.5491531 0.3551995 -0.3501362 -0.5560917 0.3538566 -0.2310885 -0.56273 0.3523989 -0.1120409 -0.5690435 0.3508329 0.007006645 -0.5742654 0.3493831 0.1260542 -0.5267892 0.3584998 -0.8263267 -0.5344753 0.3575254 -0.707279 -0.541939 0.3564245 -0.5882315 -0.5491531 0.3551995 -0.4691838 -0.5560917 0.3538566 -0.3501362 -0.56273 0.3523989 -0.2310885 -0.5690435 0.3508329 -0.1120409 -0.5750102 0.3491635 0.007006645 -0.5799891 0.3476028 0.1260542 -0.5344753 0.3575254 -0.8263267 -0.541939 0.3564245 -0.707279 -0.5491531 0.3551995 -0.5882315 -0.5560917 0.3538566 -0.4691838 -0.56273 0.3523989 -0.3501362 -0.5690435 0.3508329 -0.2310885 -0.5750102 0.3491635 -0.1120409 -0.5806083 0.3473969 0.007006645 -0.5853152 0.3457294 0.1260542 -0.541939 0.3564245 -0.8263267 -0.5491531 0.3551995 -0.707279 -0.5560917 0.3538566 -0.5882315 -0.56273 0.3523989 -0.4691838 -0.5690435 0.3508329 -0.3501362 -0.5750102 0.3491635 -0.2310885 -0.5806083 0.3473969 -0.1120409 -0.5858175 0.3455399 0.007006645 -0.590224 0.3437681 0.1260542 -0.5491531 0.3551995 -0.8263267 -0.5560917 0.3538566 -0.707279 -0.56273 0.3523989 -0.5882315 -0.5690435 0.3508329 -0.4691838 -0.5750102 0.3491635 -0.3501362 -0.5806083 0.3473969 -0.2310885 -0.5858175 0.3455399 -0.1120409 -0.5906193 0.3435982 0.007006645 -0.5946975 0.3417267 0.1260542 -0.5560917 0.3538566 -0.8263267 -0.56273 0.3523989 -0.707279 -0.5690435 0.3508329 -0.5882315 -0.5750102 0.3491635 -0.4691838 -0.5806083 0.3473969 -0.3501362 -0.5858175 0.3455399 -0.2310885 -0.5906193 0.3435982 -0.1120409 -0.5949961 0.3415799 0.007006645 -0.5987187 0.3396133 0.1260542 -0.56273 0.3523989 -0.8263267 -0.5690435 0.3508329 -0.707279 -0.5750102 0.3491635 -0.5882315 -0.5806083 0.3473969 -0.4691838 -0.5858175 0.3455399 -0.3501362 -0.5906193 0.3435982 -0.2310885 -0.5949961 0.3415799 -0.1120409 -0.5989326 0.339492 0.007006645 -0.6022732 0.3374356 0.1260542 -0.5690435 0.3508329 -0.8263267 -0.5750102 0.3491635 -0.707279 -0.5806083 0.3473969 -0.5882315 -0.5858175 0.3455399 -0.4691838 -0.5906193 0.3435982 -0.3501362 -0.5949961 0.3415799 -0.2310885 -0.5989326 0.339492 -0.1120409 -0.6024143 0.3373412 0.007006645 -0.6053475 0.3352009 0.1260542 -0.5750102 0.3491635 -0.8263267 -0.5806083 0.3473969 -0.707279 -0.5858175 0.3455399 -0.5882315 -0.5906193 0.3435982 -0.4691838 -0.5949961 0.3415799 -0.3501362 -0.5989326 0.339492 -0.2310885 -0.6024143 0.3373412 -0.1120409 -0.6054286 0.3351366 0.007006645 -0.6079306 0.3329189 0.1260542 -0.5806083 0.3473969 -0.8263267 -0.5858175 0.3455399 -0.707279 -0.5906193 0.3435982 -0.5882315 -0.5949961 0.3415799 -0.4691838 -0.5989326 0.339492 -0.3501362 -0.6024143 0.3373412 -0.2310885 -0.6054286 0.3351366 -0.1120409 -0.6079648 0.3328848 0.007006645 -0.6100125 0.3305963 0.1260542 -0.5858175 0.3455399 -0.8263267 -0.5906193 0.3435982 -0.707279 -0.5949961 0.3415799 -0.5882315 -0.5989326 0.339492 -0.4691838 -0.6024143 0.3373412 -0.3501362 -0.6054286 0.3351366 -0.2310885 -0.6079648 0.3328848 -0.1120409 -0.6100128 0.3305963 0.007006645 -0.6100125 0.3305963 0.1116882 -0.610515 0.3299254 0.1137697 -0.5906193 0.3435982 -0.8263267 -0.5949961 0.3415799 -0.707279 -0.5989326 0.339492 -0.5882315 -0.6024143 0.3373412 -0.4691838 -0.6054286 0.3351366 -0.3501362 -0.6079648 0.3328848 -0.2310885 -0.6100128 0.3305956 -0.1120409 -0.6115682 0.3282743 0.1204877 -0.6112943 0.3287451 0.1181135 -0.6109418 0.3293045 0.1158961 -0.5949961 0.3415799 -0.8263267 -0.5989326 0.339492 -0.707279 -0.6024143 0.3373412 -0.5882315 -0.6054286 0.3351366 -0.4691838 -0.6079648 0.3328848 -0.3501362 -0.610013 0.3305956 -0.2310885 -0.5989326 0.339492 -0.8263267 -0.6024143 0.3373412 -0.707279 -0.6054286 0.3351366 -0.5882315 -0.6079648 0.3328848 -0.4691838 -0.6100133 0.3305956 -0.3501362 -0.6024143 0.3373412 -0.8263267 -0.6054286 0.3351366 -0.707279 -0.6079648 0.3328848 -0.5882315 -0.6100134 0.330595 -0.4691838 -0.6054286 0.3351366 -0.8263267 -0.6079648 0.3328848 -0.707279 -0.6100134 0.330595 -0.5882315 -0.6115682 0.3282743 -0.3529193 -0.6079648 0.3328848 -0.8263267 -0.6100136 0.330595 -0.707279 -0.6100139 0.3305943 -0.8263267 -0.6115682 0.3282743 -0.8263267 -0.5478399 0.355435 0.1260542 -0.541939 0.3564245 0.007006645 -0.5344753 0.3575254 -0.1120409 -0.5267892 0.3584998 -0.2310885 -0.5189079 0.3593431 -0.3501362 -0.51086 0.3600527 -0.4691838 -0.5026744 0.3606258 -0.5882315 -0.540473 0.3566533 0.1260542 -0.5344753 0.3575254 0.007006645 -0.5267892 0.3584998 -0.1120409 -0.5189079 0.3593431 -0.2310885 -0.51086 0.3600527 -0.3501362 -0.5026744 0.3606258 -0.4691838 -0.4943807 0.3610612 -0.3543155 -0.5328548 0.3577445 0.1260542 -0.5267892 0.3584998 0.007006645 -0.5189079 0.3593431 -0.1120409 -0.51086 0.3600527 -0.2310885 -0.5026744 0.3606258 -0.3501362 -0.5250138 0.3587031 0.1260542 -0.5189079 0.3593431 0.007006645 -0.51086 0.3600527 -0.1120409 -0.5026744 0.3606258 -0.2310885 -0.5169788 0.3595268 0.1260542 -0.51086 0.3600527 0.007006645 -0.5026744 0.3606258 -0.1120409 -0.5087797 0.3602126 0.1260542 -0.5026744 0.3606258 0.007006645 -0.4972524 0.3609268 0.1149117 -0.4943807 0.3610612 0.1176955 -0.5004464 0.3607569 0.1260542 -0.5004464 0.3607569 0.1122199 0.4946923 0.3607779 0.1125201 0.3393973 0.3608841 0.1141687 0.3393973 0.3604959 0.108933 0.4946923 0.360349 0.1073518 0.3393973 0.3599635 0.1037725 0.1714284 0.3599635 0.1037725 0.1714284 0.359288 0.09871095 0.003459811 0.359288 0.09871095 0.003459811 0.358473 0.09377127 -0.1645089 0.358473 0.09377127 -0.1645089 0.3575215 0.08897602 -0.3324778 0.3575215 0.08897602 -0.3324778 0.3564389 0.0843473 -0.4943807 0.3572363 0.08768272 -0.4943807 0.3561294 0.08314573 -0.4943807 0.3582153 0.09238857 -0.3324778 0.358473 0.09377127 -0.1645089 0.359288 0.09871095 0.003459811 0.3599635 0.1037725 0.1714284 0.3604959 0.108933 0.4946923 0.3597785 0.1022647 0.3393973 0.359288 0.09871095 0.1714284 0.358473 0.09377127 0.003459811 0.3575215 0.08897602 -0.1645089 0.3564389 0.0843473 -0.3324778 0.3552297 0.07990586 -0.4943807 0.3548992 0.07879811 0.4946923 0.3590684 0.09728145 0.3393973 0.358473 0.09377127 0.1714284 0.3575215 0.08897602 0.003459811 0.3564389 0.0843473 -0.1645089 0.3552297 0.07990586 -0.3324778 0.3538992 0.07567238 -0.4943807 0.3535523 0.07465922 0.4946923 0.3582218 0.09242427 0.3393973 0.3575215 0.08897602 0.1714284 0.3564389 0.0843473 0.003459811 0.3552297 0.07990586 -0.1645089 0.3538992 0.07567238 -0.3324778 0.352454 0.0716657 -0.4943807 0.3520939 0.07074779 0.4946923 0.3572435 0.08771508 0.3393973 0.3564389 0.0843473 0.1714284 0.3552297 0.07990586 0.003459811 0.3538992 0.07567238 -0.1645089 0.352454 0.0716657 -0.3324778 0.3509005 0.06790459 -0.4943807 0.3505307 0.06708109 0.4946923 0.3561372 0.08317494 0.3393973 0.3552297 0.07990586 0.1714284 0.3538992 0.07567238 0.003459811 0.352454 0.0716657 -0.1645089 0.3509005 0.06790459 -0.3324778 0.3492454 0.06440585 -0.4943807 0.3488697 0.0636757 0.4946923 0.3549077 0.0788241 0.3393973 0.3538992 0.07567238 0.1714284 0.352454 0.0716657 0.003459811 0.3509005 0.06790459 -0.1645089 0.3492454 0.06440585 -0.3324778 0.3474959 0.06118553 -0.4943807 0.3471182 0.06054681 0.4946923 0.3535602 0.07468223 0.3393973 0.352454 0.0716657 0.1714284 0.3509005 0.06790459 0.003459811 0.3492454 0.06440585 -0.1645089 0.3474959 0.06118553 -0.3324778 0.3456612 0.05825841 -0.4943807 0.3452841 0.05770856 0.4946923 0.3521018 0.07076776 0.3393973 0.3509005 0.06790459 0.1714284 0.3492454 0.06440585 0.003459811 0.3474959 0.06118553 -0.1645089 0.3456612 0.05825841 -0.3324778 0.3437491 0.05563795 -0.4943807 0.3433759 0.05517351 0.4946923 0.3505386 0.06709825 0.3393973 0.3492454 0.06440585 0.1714284 0.3474959 0.06118553 0.003459811 0.3456612 0.05825841 -0.1645089 0.3437491 0.05563795 -0.3324778 0.341768 0.05333572 -0.4943807 0.3414022 0.052953 0.4946923 0.3488769 0.06369018 0.3393973 0.3474959 0.06118553 0.1714284 0.3456612 0.05825841 0.003459811 0.3437491 0.05563795 -0.1645089 0.341768 0.05333572 -0.3324778 0.3397274 0.05136269 -0.4943807 0.3393713 0.05105698 0.4946923 0.3471254 0.06055873 0.3393973 0.3456612 0.05825841 0.1714284 0.3437491 0.05563795 0.003459811 0.341768 0.05333572 -0.1645089 0.3397274 0.05136269 -0.3324778 0.3376362 0.04972743 -0.4943807 0.337292 0.04949396 0.4946923 0.3452907 0.05771791 0.3393973 0.3437491 0.05563795 0.1714284 0.341768 0.05333572 0.003459811 0.3397274 0.05136269 -0.1645089 0.3376362 0.04972743 -0.3324778 0.3355045 0.04843777 -0.4943807 0.3351753 0.04827111 0.4946923 0.3433818 0.05518078 0.3393973 0.341768 0.05333572 0.1714284 0.3397274 0.05136269 0.003459811 0.3376362 0.04972743 -0.1645089 0.3355045 0.04843777 -0.3324778 0.3333418 0.04749935 -0.4943807 0.3330284 0.0473935 0.4946923 0.3414074 0.05295842 0.3393973 0.3397274 0.05136269 0.1714284 0.3376362 0.04972743 0.003459811 0.3355045 0.04843777 -0.1645089 0.3333418 0.04749935 -0.3324778 0.3311576 0.04691648 -0.4943807 0.3308631 0.04686558 0.4946923 0.3393753 0.05106079 0.3393973 0.3376362 0.04972743 0.1714284 0.3355045 0.04843777 0.003459811 0.3333418 0.04749935 -0.1645089 0.3311576 0.04691648 -0.3324778 0.3289622 0.04669207 -0.4943807 0.3286874 0.04668921 0.4946923 0.3372959 0.04949653 0.3393973 0.3355045 0.04843777 0.1714284 0.3333418 0.04749935 0.003459811 0.3311576 0.04691648 -0.1645089 0.3289622 0.04669207 0.4946923 0.3351779 0.04827237 0.3393973 0.3333418 0.04749935 0.1714284 0.3311576 0.04691648 0.003459811 0.3289622 0.04669207 0.4946923 0.3330304 0.04739409 0.3393973 0.3311576 0.04691648 0.1714284 0.3289622 0.04669207 0.4946923 0.3286874 0.04668921 0.4946923 0.3308638 0.0468657 0.3393973 0.3289622 0.04669207 -0.4943807 0.3590618 0.09724253 -0.3324778 0.359288 0.09871095 -0.1645089 0.3599635 0.1037725 0.003459811 0.3604959 0.108933 0.1714284 0.3608841 0.1141687 0.3393973 0.3611248 0.1194558 0.5073661 0.3611634 0.1208512 0.5073661 0.3609982 0.1162827 0.5073661 0.3607228 0.1117452 -0.4943807 0.3597733 0.1022228 -0.3324778 0.3599635 0.1037725 -0.1645089 0.3604959 0.108933 0.003459811 0.3608841 0.1141687 0.1714284 0.3611248 0.1194558 0.3393973 0.3612172 0.1247701 0.5073661 0.3612185 0.1254352 -0.4943807 0.3603444 0.1073068 -0.3324778 0.3604959 0.108933 -0.1645089 0.3608841 0.1141687 0.003459811 0.3611248 0.1194558 0.1714284 0.3612172 0.1247701 -0.4943807 0.3607746 0.1124722 -0.3324778 0.3608841 0.1141687 -0.1645089 0.3611248 0.1194558 0.003459811 0.3612172 0.1247701 -0.3324778 0.3611248 0.1194558 -0.1645089 0.3612172 0.1247701 -0.5004464 0.3612185 0.1254352 -0.5004464 0.3610133 0.1166017 -0.5004464 0.3611674 0.1210116 -0.3324778 0.3612172 0.1247701 0.5073661 0.3612185 0.1260542 -0.5004464 0.3612185 0.1260542 -0.6108403 0.3282743 0.1153495 -0.6114624 0.2832894 0.1194558 -0.6106017 0.2832894 0.1141687 -0.6096169 0.3282743 0.1102547 -0.6092161 0.2832894 0.108933 -0.6092161 0.2359825 0.108933 -0.6073117 0.2359825 0.1037725 -0.6073117 0.1886762 0.1037725 -0.6048973 0.1886762 0.09871095 -0.6048973 0.1413692 0.09871095 -0.601984 0.1413692 0.09377127 -0.601984 0.09406244 0.09377127 -0.5985847 0.09406244 0.08897602 -0.5985847 0.04675561 0.08897602 -0.5947154 0.04675561 0.0843473 -0.5947154 -5.51105e-4 0.0843473 -0.5903932 -5.51105e-4 0.07990586 -0.5903932 -0.04785788 0.07990586 -0.5856382 -0.04785788 0.07567238 -0.5856382 -0.09516465 0.07567238 -0.5804721 -0.09516465 0.0716657 -0.5804721 -0.1424714 0.0716657 -0.5749186 -0.1424714 0.06790459 -0.5749186 -0.1897782 0.06790459 -0.5690025 -0.1897782 0.06440585 -0.5690025 -0.237085 0.06440585 -0.5627515 -0.237085 0.06118553 -0.5627515 -0.2843918 0.06118553 -0.5561935 -0.2843918 0.05825841 -0.5601174 -0.3287781 0.05995792 -0.5536563 -0.3287781 0.05723732 -0.5663018 -0.3287781 0.06295889 -0.5690025 -0.2843918 0.06440585 -0.5749186 -0.237085 0.06790459 -0.5804721 -0.1897782 0.0716657 -0.5856382 -0.1424714 0.07567238 -0.5903932 -0.09516465 0.07990586 -0.5947154 -0.04785788 0.0843473 -0.5985847 -5.51105e-4 0.08897602 -0.601984 0.04675561 0.09377127 -0.6048973 0.09406244 0.09871095 -0.6073117 0.1413692 0.1037725 -0.6092161 0.1886762 0.108933 -0.6106017 0.2359825 0.1141687 -0.6079034 0.3282743 0.105225 -0.6073117 0.2832894 0.1037725 -0.6048973 0.2359825 0.09871095 -0.601984 0.1886762 0.09377127 -0.5985847 0.1413692 0.08897602 -0.5947154 0.09406244 0.0843473 -0.5903932 0.04675561 0.07990586 -0.5856382 -5.51105e-4 0.07567238 -0.5804721 -0.04785788 0.0716657 -0.5749186 -0.09516465 0.06790459 -0.5690025 -0.1424714 0.06440585 -0.5627515 -0.1897782 0.06118553 -0.5561935 -0.237085 0.05825841 -0.5493589 -0.2843918 0.05563795 -0.5469467 -0.3287781 0.05480855 -0.6057068 0.3282743 0.1002821 -0.6048973 0.2832894 0.09871095 -0.601984 0.2359825 0.09377127 -0.5985847 0.1886762 0.08897602 -0.5947154 0.1413692 0.0843473 -0.5903932 0.09406244 0.07990586 -0.5856382 0.04675561 0.07567238 -0.5804721 -5.51105e-4 0.0716657 -0.5749186 -0.04785788 0.06790459 -0.5690025 -0.09516465 0.06440585 -0.5627515 -0.1424714 0.06118553 -0.5561935 -0.1897782 0.05825841 -0.5493589 -0.237085 0.05563795 -0.5422783 -0.2843918 0.05333572 -0.5400167 -0.3287781 0.05268222 -0.6030368 0.3282743 0.09544748 -0.601984 0.2832894 0.09377127 -0.5985847 0.2359825 0.08897602 -0.5947154 0.1886762 0.0843473 -0.5903932 0.1413692 0.07990586 -0.5856382 0.09406244 0.07567238 -0.5804721 0.04675561 0.0716657 -0.5749186 -5.51105e-4 0.06790459 -0.5690025 -0.04785788 0.06440585 -0.5627515 -0.09516465 0.06118553 -0.5561935 -0.1424714 0.05825841 -0.5493589 -0.1897782 0.05563795 -0.5422783 -0.237085 0.05333572 -0.5349846 -0.2843918 0.05136269 -0.5328961 -0.3287781 0.05086743 -0.5999048 0.3282743 0.09074157 -0.5985847 0.2832894 0.08897602 -0.5947154 0.2359825 0.0843473 -0.5903932 0.1886762 0.07990586 -0.5856382 0.1413692 0.07567238 -0.5804721 0.09406244 0.0716657 -0.5749186 0.04675561 0.06790459 -0.5690025 -5.51105e-4 0.06440585 -0.5627515 -0.04785788 0.06118553 -0.5561935 -0.09516465 0.05825841 -0.5493589 -0.1424714 0.05563795 -0.5422783 -0.1897782 0.05333572 -0.5349846 -0.237085 0.05136269 -0.5275109 -0.2843918 0.04972743 -0.5256157 -0.3287781 0.04937189 -0.5963246 0.3282743 0.08618474 -0.5947154 0.2832894 0.0843473 -0.5903932 0.2359825 0.07990586 -0.5856382 0.1886762 0.07567238 -0.5804721 0.1413692 0.0716657 -0.5749186 0.09406244 0.06790459 -0.5690025 0.04675561 0.06440585 -0.5627515 -5.51105e-4 0.06118553 -0.5561935 -0.04785788 0.05825841 -0.5493589 -0.09516465 0.05563795 -0.5422783 -0.1424714 0.05333572 -0.5349846 -0.1897782 0.05136269 -0.5275109 -0.237085 0.04972743 -0.519891 -0.2843918 0.04843777 -0.5182061 -0.3287781 0.04820203 -0.5923109 0.3282743 0.08179652 -0.5903932 0.2832894 0.07990586 -0.5856382 0.2359825 0.07567238 -0.5804721 0.1886762 0.0716657 -0.5749186 0.1413692 0.06790459 -0.5690025 0.09406244 0.06440585 -0.5627515 0.04675561 0.06118553 -0.5561935 -5.51105e-4 0.05825841 -0.5493589 -0.04785788 0.05563795 -0.5422783 -0.09516465 0.05333572 -0.5349846 -0.1424714 0.05136269 -0.5275109 -0.1897782 0.04972743 -0.519891 -0.237085 0.04843777 -0.5121602 -0.2843918 0.04749935 -0.5106999 -0.3287781 0.04736268 -0.5878817 0.3282743 0.07759588 -0.5856382 0.2832894 0.07567238 -0.5804721 0.2359825 0.0716657 -0.5749186 0.1886762 0.06790459 -0.5690025 0.1413692 0.06440585 -0.5627515 0.09406244 0.06118553 -0.5561935 0.04675561 0.05825841 -0.5493589 -5.51105e-4 0.05563795 -0.5422783 -0.04785788 0.05333572 -0.5349846 -0.09516465 0.05136269 -0.5275109 -0.1424714 0.04972743 -0.519891 -0.1897782 0.04843777 -0.5121602 -0.237085 0.04749935 -0.5043534 -0.2843918 0.04691648 -0.5031283 -0.3287781 0.04685777 -0.5830551 0.3282743 0.07360076 -0.5804721 0.2832894 0.0716657 -0.5749186 0.2359825 0.06790459 -0.5690025 0.1886762 0.06440585 -0.5627515 0.1413692 0.06118553 -0.5561935 0.09406244 0.05825841 -0.5493589 0.04675561 0.05563795 -0.5422783 -5.51105e-4 0.05333572 -0.5349846 -0.04785788 0.05136269 -0.5275109 -0.09516465 0.04972743 -0.519891 -0.1424714 0.04843777 -0.5121602 -0.1897782 0.04749935 -0.5043534 -0.237085 0.04691648 -0.4965066 -0.2843918 0.04669207 -0.4955245 -0.3287781 0.04668921 -0.577853 0.3282743 0.06982839 -0.5749186 0.2832894 0.06790459 -0.5690025 0.2359825 0.06440585 -0.5627515 0.1886762 0.06118553 -0.5561935 0.1413692 0.05825841 -0.5493589 0.09406244 0.05563795 -0.5422783 0.04675561 0.05333572 -0.5349846 -5.51105e-4 0.05136269 -0.5275109 -0.04785788 0.04972743 -0.519891 -0.09516465 0.04843777 -0.5121602 -0.1424714 0.04749935 -0.5043534 -0.1897782 0.04691648 -0.4965066 -0.237085 0.04669207 -0.5722969 0.3282743 0.0662949 -0.5690025 0.2832894 0.06440585 -0.5627515 0.2359825 0.06118553 -0.5561935 0.1886762 0.05825841 -0.5493589 0.1413692 0.05563795 -0.5422783 0.09406244 0.05333572 -0.5349846 0.04675561 0.05136269 -0.5275109 -5.51105e-4 0.04972743 -0.519891 -0.04785788 0.04843777 -0.5121602 -0.09516465 0.04749935 -0.5043534 -0.1424714 0.04691648 -0.4965066 -0.1897782 0.04669207 -0.5664108 0.3282743 0.06301569 -0.5627515 0.2832894 0.06118553 -0.5561935 0.2359825 0.05825841 -0.5493589 0.1886762 0.05563795 -0.5422783 0.1413692 0.05333572 -0.5349846 0.09406244 0.05136269 -0.5275109 0.04675561 0.04972743 -0.519891 -5.51105e-4 0.04843777 -0.5121602 -0.04785788 0.04749935 -0.5043534 -0.09516465 0.04691648 -0.4965066 -0.1424714 0.04669207 -0.5602203 0.3282743 0.06000441 -0.5561935 0.2832894 0.05825841 -0.5493589 0.2359825 0.05563795 -0.5422783 0.1886762 0.05333572 -0.5349846 0.1413692 0.05136269 -0.5275109 0.09406244 0.04972743 -0.519891 0.04675561 0.04843777 -0.5121602 -5.51105e-4 0.04749935 -0.5043534 -0.04785788 0.04691648 -0.4965066 -0.09516465 0.04669207 -0.4955245 -2.52038e-4 0.04668921 -0.5537517 0.3282743 0.05727458 -0.5493589 0.2832894 0.05563795 -0.5422783 0.2359825 0.05333572 -0.5349846 0.1886762 0.05136269 -0.5275109 0.1413692 0.04972743 -0.519891 0.09406244 0.04843777 -0.5121602 0.04675561 0.04749935 -0.5043534 -5.51105e-4 0.04691648 -0.4965066 -0.04785788 0.04669207 -0.5470328 0.3282743 0.05483746 -0.5422783 0.2832894 0.05333572 -0.5349846 0.2359825 0.05136269 -0.5275109 0.1886762 0.04972743 -0.519891 0.1413692 0.04843777 -0.5121602 0.09406244 0.04749935 -0.5043534 0.04675561 0.04691648 -0.4965066 -5.51105e-4 0.04669207 -0.5400928 0.3282743 0.05270367 -0.5349846 0.2832894 0.05136269 -0.5275109 0.2359825 0.04972743 -0.519891 0.1886762 0.04843777 -0.5121602 0.1413692 0.04749935 -0.5043534 0.09406244 0.04691648 -0.4965066 0.04675561 0.04669207 -0.5329613 0.3282743 0.05088251 -0.5275109 0.2832894 0.04972743 -0.519891 0.2359825 0.04843777 -0.5121602 0.1886762 0.04749935 -0.5043534 0.1413692 0.04691648 -0.4965066 0.09406244 0.04669207 -0.5256686 0.3282743 0.04938161 -0.519891 0.2832894 0.04843777 -0.5121602 0.2359825 0.04749935 -0.5043534 0.1886762 0.04691648 -0.4965066 0.1413692 0.04669207 -0.5182467 0.3282743 0.04820746 -0.5121602 0.2832894 0.04749935 -0.5043534 0.2359825 0.04691648 -0.4965066 0.1886762 0.04669207 -0.4955245 0.3282743 0.04668921 -0.5107271 0.3282743 0.04736524 -0.5043534 0.2832894 0.04691648 -0.4965066 0.2359825 0.04669207 -0.5031421 0.3282743 0.04685842 -0.4965066 0.2832894 0.04669207 -0.5721831 -0.3287781 0.06622743 -0.5749186 -0.2843918 0.06790459 -0.5804721 -0.237085 0.0716657 -0.5856382 -0.1897782 0.07567238 -0.5903932 -0.1424714 0.07990586 -0.5947154 -0.09516465 0.0843473 -0.5985847 -0.04785788 0.08897602 -0.601984 -5.51105e-4 0.09377127 -0.6048973 0.04675561 0.09871095 -0.6073117 0.09406244 0.1037725 -0.6092161 0.1413692 0.108933 -0.6106017 0.1886762 0.1141687 -0.6114624 0.2359825 0.1194558 -0.6117938 0.2832894 0.1247701 -0.6115992 0.3305963 0.1208319 -0.6117979 0.3305963 0.1254352 -0.6110032 0.3305963 0.1162442 -0.5777363 -0.3287781 0.06974935 -0.5804721 -0.2843918 0.0716657 -0.5856382 -0.237085 0.07567238 -0.5903932 -0.1897782 0.07990586 -0.5947154 -0.1424714 0.0843473 -0.5985847 -0.09516465 0.08897602 -0.601984 -0.04785788 0.09377127 -0.6048973 -5.51105e-4 0.09871095 -0.6073117 0.04675561 0.1037725 -0.6092161 0.09406244 0.108933 -0.6106017 0.1413692 0.1141687 -0.6114624 0.1886762 0.1194558 -0.6117938 0.2359825 0.1247701 -0.5829375 -0.3287781 0.07350969 -0.5856382 -0.2843918 0.07567238 -0.5903932 -0.237085 0.07990586 -0.5947154 -0.1897782 0.0843473 -0.5985847 -0.1424714 0.08897602 -0.601984 -0.09516465 0.09377127 -0.6048973 -0.04785788 0.09871095 -0.6073117 -5.51105e-4 0.1037725 -0.6092161 0.04675561 0.108933 -0.6106017 0.09406244 0.1141687 -0.6114624 0.1413692 0.1194558 -0.6117938 0.1886762 0.1247701 -0.5877644 -0.3287781 0.07749235 -0.5903932 -0.2843918 0.07990586 -0.5947154 -0.237085 0.0843473 -0.5985847 -0.1897782 0.08897602 -0.601984 -0.1424714 0.09377127 -0.6048973 -0.09516465 0.09871095 -0.6073117 -0.04785788 0.1037725 -0.6092161 -5.51105e-4 0.108933 -0.6106017 0.04675561 0.1141687 -0.6114624 0.09406244 0.1194558 -0.6117938 0.1413692 0.1247701 -0.5921965 -0.3287781 0.08168029 -0.5947154 -0.2843918 0.0843473 -0.5985847 -0.237085 0.08897602 -0.601984 -0.1897782 0.09377127 -0.6048973 -0.1424714 0.09871095 -0.6073117 -0.09516465 0.1037725 -0.6092161 -0.04785788 0.108933 -0.6106017 -5.51105e-4 0.1141687 -0.6114624 0.04675561 0.1194558 -0.6117938 0.09406244 0.1247701 -0.6117979 -5.51105e-4 0.1254352 -0.5962147 -0.3287781 0.08605557 -0.5985847 -0.2843918 0.08897602 -0.601984 -0.237085 0.09377127 -0.6048973 -0.1897782 0.09871095 -0.6073117 -0.1424714 0.1037725 -0.6092161 -0.09516465 0.108933 -0.6106017 -0.04785788 0.1141687 -0.6114624 -5.51105e-4 0.1194558 -0.6117938 0.04675561 0.1247701 -0.5998017 -0.3287781 0.09059953 -0.601984 -0.2843918 0.09377127 -0.6048973 -0.237085 0.09871095 -0.6073117 -0.1897782 0.1037725 -0.6092161 -0.1424714 0.108933 -0.6106017 -0.09516465 0.1141687 -0.6114624 -0.04785788 0.1194558 -0.6117938 -5.51105e-4 0.1247701 -0.6029424 -0.3287781 0.0952925 -0.6048973 -0.2843918 0.09871095 -0.6073117 -0.237085 0.1037725 -0.6092161 -0.1897782 0.108933 -0.6106017 -0.1424714 0.1141687 -0.6114624 -0.09516465 0.1194558 -0.6117938 -0.04785788 0.1247701 -0.6056231 -0.3287781 0.1001145 -0.6073117 -0.2843918 0.1037725 -0.6092161 -0.237085 0.108933 -0.6106017 -0.1897782 0.1141687 -0.6114624 -0.1424714 0.1194558 -0.6117938 -0.09516465 0.1247701 -0.6078323 -0.3287781 0.105045 -0.6092161 -0.2843918 0.108933 -0.6106017 -0.237085 0.1141687 -0.6114624 -0.1897782 0.1194558 -0.6117938 -0.1424714 0.1247701 -0.6095609 -0.3287781 0.1100628 -0.6106017 -0.2843918 0.1141687 -0.6114624 -0.237085 0.1194558 -0.6117938 -0.1897782 0.1247701 -0.6108011 -0.3287781 0.1151465 -0.6114624 -0.2843918 0.1194558 -0.6117938 -0.237085 0.1247701 -0.6117979 -0.3316985 0.1254352 -0.6117938 -0.2843918 0.1247701 -0.6115427 -0.3316985 0.1202198 -0.610778 -0.3316985 0.1150274 -0.6117979 0.3305963 0.1260542 -0.6117979 -5.51105e-4 0.1260542 -0.6117979 -0.3316985 0.1260542 -0.4943603 -0.3612419 0.120285 -0.3295183 -0.3613104 0.1247701 -0.4943603 -0.3613115 0.1254352 -0.3295183 -0.3612176 0.1194558 -0.4943603 -0.3610332 0.1151568 -0.3295183 -0.3609768 0.1141687 -0.1646763 -0.3609768 0.1141687 -0.1646763 -0.3605892 0.108933 1.65939e-4 -0.3605892 0.108933 1.65939e-4 -0.3600564 0.1037725 0.165008 -0.3600564 0.1037725 0.165008 -0.3593809 0.09871095 0.32985 -0.3593809 0.09871095 0.32985 -0.3585658 0.09377127 0.4946923 -0.3588353 0.09530049 0.4946923 -0.3579567 0.0906068 0.4946923 -0.3595851 0.1001231 0.32985 -0.3600564 0.1037725 0.165008 -0.3605892 0.108933 1.65939e-4 -0.3609768 0.1141687 -0.1646763 -0.3612176 0.1194558 -0.4943603 -0.3606865 0.1100726 -0.3295183 -0.3605892 0.108933 -0.1646763 -0.3600564 0.1037725 1.65939e-4 -0.3593809 0.09871095 0.165008 -0.3585658 0.09377127 0.32985 -0.3576147 0.08897602 0.4946923 -0.3569532 0.08606219 -0.4943603 -0.3602031 0.1050542 -0.3295183 -0.3600564 0.1037725 -0.1646763 -0.3593809 0.09871095 1.65939e-4 -0.3585658 0.09377127 0.165008 -0.3576147 0.08897602 0.32985 -0.3565321 0.0843473 0.4946923 -0.355829 0.08168631 -0.4943603 -0.3595851 0.1001231 -0.3295183 -0.3593809 0.09871095 -0.1646763 -0.3585658 0.09377127 1.65939e-4 -0.3576147 0.08897602 0.165008 -0.3565321 0.0843473 0.32985 -0.3553228 0.07990586 0.4946923 -0.3545891 0.0774976 -0.4943603 -0.3588353 0.09530049 -0.3295183 -0.3585658 0.09377127 -0.1646763 -0.3576147 0.08897602 1.65939e-4 -0.3565321 0.0843473 0.165008 -0.3553228 0.07990586 0.32985 -0.3539925 0.07567238 0.4946923 -0.3532386 0.07351446 -0.4943603 -0.3579567 0.0906068 -0.3295183 -0.3576147 0.08897602 -0.1646763 -0.3565321 0.0843473 1.65939e-4 -0.3553228 0.07990586 0.165008 -0.3539925 0.07567238 0.32985 -0.3525471 0.0716657 0.4946923 -0.3517834 0.06975334 -0.4943603 -0.3569532 0.08606219 -0.3295183 -0.3565321 0.0843473 -0.1646763 -0.3553228 0.07990586 1.65939e-4 -0.3539925 0.07567238 0.165008 -0.3525471 0.0716657 0.32985 -0.3509933 0.06790459 0.4946923 -0.3502296 0.06623077 -0.4943603 -0.355829 0.08168631 -0.3295183 -0.3553228 0.07990586 -0.1646763 -0.3539925 0.07567238 1.65939e-4 -0.3525471 0.0716657 0.165008 -0.3509933 0.06790459 0.32985 -0.3493382 0.06440585 0.4946923 -0.3485841 0.06296175 -0.4943603 -0.3545891 0.0774976 -0.3295183 -0.3539925 0.07567238 -0.1646763 -0.3525471 0.0716657 1.65939e-4 -0.3509933 0.06790459 0.165008 -0.3493382 0.06440585 0.32985 -0.3475893 0.06118553 0.4946923 -0.3468537 0.0599603 -0.4943603 -0.3532386 0.07351446 -0.3295183 -0.3525471 0.0716657 -0.1646763 -0.3509933 0.06790459 1.65939e-4 -0.3493382 0.06440585 0.165008 -0.3475893 0.06118553 0.32985 -0.3457544 0.05825841 0.4946923 -0.3450459 0.05723923 -0.4943603 -0.3517834 0.06975334 -0.3295183 -0.3509933 0.06790459 -0.1646763 -0.3493382 0.06440585 1.65939e-4 -0.3475893 0.06118553 0.165008 -0.3457544 0.05825841 0.32985 -0.3438422 0.05563795 0.4946923 -0.3431685 0.05480998 -0.4943603 -0.3502296 0.06623077 -0.3295183 -0.3493382 0.06440585 -0.1646763 -0.3475893 0.06118553 1.65939e-4 -0.3457544 0.05825841 0.165008 -0.3438422 0.05563795 0.32985 -0.3418613 0.05333572 0.4946923 -0.3412295 0.05268335 -0.4943603 -0.3485841 0.06296175 -0.3295183 -0.3475893 0.06118553 -0.1646763 -0.3457544 0.05825841 1.65939e-4 -0.3438422 0.05563795 0.165008 -0.3418613 0.05333572 0.32985 -0.3398206 0.05136269 0.4946923 -0.3392372 0.05086827 -0.4943603 -0.3468537 0.0599603 -0.3295183 -0.3457544 0.05825841 -0.1646763 -0.3438422 0.05563795 1.65939e-4 -0.3418613 0.05333572 0.165008 -0.3398206 0.05136269 0.32985 -0.3377296 0.04972743 0.4946923 -0.3372001 0.04937237 -0.4943603 -0.3450459 0.05723923 -0.3295183 -0.3438422 0.05563795 -0.1646763 -0.3418613 0.05333572 1.65939e-4 -0.3398206 0.05136269 0.165008 -0.3377296 0.04972743 0.32985 -0.3355977 0.04843777 0.4946923 -0.3351269 0.04820221 -0.4943603 -0.3431685 0.05480998 -0.3295183 -0.3418613 0.05333572 -0.1646763 -0.3398206 0.05136269 1.65939e-4 -0.3377296 0.04972743 0.165008 -0.3355977 0.04843777 0.32985 -0.3334348 0.04749935 0.4946923 -0.3330265 0.04736286 -0.4943603 -0.3412295 0.05268335 -0.3295183 -0.3398206 0.05136269 -0.1646763 -0.3377296 0.04972743 1.65939e-4 -0.3355977 0.04843777 0.165008 -0.3334348 0.04749935 0.32985 -0.3312506 0.04691648 0.4946923 -0.330908 0.04685777 -0.4943603 -0.3392372 0.05086827 -0.3295183 -0.3377296 0.04972743 -0.1646763 -0.3355977 0.04843777 1.65939e-4 -0.3334348 0.04749935 0.165008 -0.3312506 0.04691648 0.32985 -0.3290551 0.04669207 0.4946923 -0.3287804 0.04668921 -0.4943603 -0.3372001 0.04937237 -0.3295183 -0.3355977 0.04843777 -0.1646763 -0.3334348 0.04749935 1.65939e-4 -0.3312506 0.04691648 0.165008 -0.3290551 0.04669207 -0.4943603 -0.3351269 0.04820221 -0.3295183 -0.3334348 0.04749935 -0.1646763 -0.3312506 0.04691648 1.65939e-4 -0.3290551 0.04669207 -0.4943603 -0.3330265 0.04736286 -0.3295183 -0.3312506 0.04691648 -0.1646763 -0.3290551 0.04669207 -0.4943603 -0.3287804 0.04668921 -0.4943603 -0.330908 0.04685777 -0.3295183 -0.3290551 0.04669207 0.4946923 -0.3602031 0.1050542 0.32985 -0.3605892 0.108933 0.165008 -0.3609768 0.1141687 1.65939e-4 -0.3612176 0.1194558 -0.1646763 -0.3613104 0.1247701 0.4946923 -0.3606865 0.1100726 0.32985 -0.3609768 0.1141687 0.165008 -0.3612176 0.1194558 1.65939e-4 -0.3613104 0.1247701 0.4946923 -0.3610332 0.1151568 0.32985 -0.3612176 0.1194558 0.165008 -0.3613104 0.1247701 0.4946923 -0.3613115 0.1254352 0.4946923 -0.3612419 0.120285 0.32985 -0.3613104 0.1247701 -0.4943603 -0.3287781 0.04668921 -0.4946104 -0.3285247 0.04668921 0.4947302 -0.3285247 0.04668921 0.4946923 -0.3287734 0.04668921 0.4956443 -0.3287734 0.04668921 0.4956443 -2.58267e-4 0.04668921 0.4947302 -1.33872e-4 0.04668921 0.4956443 0.3282572 0.04668921 0.4947302 0.3282572 0.04668921 -0.4946104 -1.25289e-4 0.04668921 -0.4946104 0.3282743 0.04668921 0.6114176 -0.3287734 0.1181384 0.6115822 -0.290023 0.1194558 0.6107217 -0.290023 0.1141687 0.6104332 -0.3287734 0.1128912 0.6093361 -0.290023 0.108933 0.6093361 -0.2424629 0.108933 0.6074315 -0.2424629 0.1037725 0.6074315 -0.194903 0.1037725 0.6050173 -0.194903 0.09871095 0.6050173 -0.147343 0.09871095 0.6021038 -0.147343 0.09377127 0.6021038 -0.09978294 0.09377127 0.5987046 -0.09978294 0.08897602 0.5987046 -0.05222296 0.08897602 0.5948351 -0.05222296 0.0843473 0.5948351 -0.00466299 0.0843473 0.590513 -0.00466299 0.07990586 0.590513 0.04289698 0.07990586 0.5857582 0.04289698 0.07567238 0.5857582 0.09045696 0.07567238 0.5805921 0.09045696 0.0716657 0.5805921 0.1380169 0.0716657 0.5750384 0.1380169 0.06790459 0.5750384 0.1855772 0.06790459 0.5691225 0.1855772 0.06440585 0.5691225 0.2331372 0.06440585 0.5628713 0.2331372 0.06118553 0.5628713 0.2806972 0.06118553 0.5563135 0.2806972 0.05825841 0.5602425 0.3282572 0.0599603 0.553781 0.3282572 0.05723923 0.5664272 0.3282572 0.06296175 0.5691225 0.2806972 0.06440585 0.5750384 0.2331372 0.06790459 0.5805921 0.1855772 0.0716657 0.5857582 0.1380169 0.07567238 0.590513 0.09045696 0.07990586 0.5948351 0.04289698 0.0843473 0.5987046 -0.00466299 0.08897602 0.6021038 -0.05222296 0.09377127 0.6050173 -0.09978294 0.09871095 0.6074315 -0.147343 0.1037725 0.6093361 -0.194903 0.108933 0.6107217 -0.2424629 0.1141687 0.6089309 -0.3287734 0.1077007 0.6074315 -0.290023 0.1037725 0.6050173 -0.2424629 0.09871095 0.6021038 -0.194903 0.09377127 0.5987046 -0.147343 0.08897602 0.5948351 -0.09978294 0.0843473 0.590513 -0.05222296 0.07990586 0.5857582 -0.00466299 0.07567238 0.5805921 0.04289698 0.0716657 0.5750384 0.09045696 0.06790459 0.5691225 0.1380169 0.06440585 0.5628713 0.1855772 0.06118553 0.5563135 0.2331372 0.05825841 0.5494786 0.2806972 0.05563795 0.5470709 0.3282572 0.05480998 0.6069174 -0.3287734 0.1025903 0.6050173 -0.290023 0.09871095 0.6021038 -0.2424629 0.09377127 0.5987046 -0.194903 0.08897602 0.5948351 -0.147343 0.0843473 0.590513 -0.09978294 0.07990586 0.5857582 -0.05222296 0.07567238 0.5805921 -0.00466299 0.0716657 0.5750384 0.04289698 0.06790459 0.5691225 0.09045696 0.06440585 0.5628713 0.1380169 0.06118553 0.5563135 0.1855772 0.05825841 0.5494786 0.2331372 0.05563795 0.5423982 0.2806972 0.05333572 0.5401404 0.3282572 0.05268335 0.6044018 -0.3287734 0.09758287 0.6021038 -0.290023 0.09377127 0.5987046 -0.2424629 0.08897602 0.5948351 -0.194903 0.0843473 0.590513 -0.147343 0.07990586 0.5857582 -0.09978294 0.07567238 0.5805921 -0.05222296 0.0716657 0.5750384 -0.00466299 0.06790459 0.5691225 0.04289698 0.06440585 0.5628713 0.09045696 0.06118553 0.5563135 0.1380169 0.05825841 0.5494786 0.1855772 0.05563795 0.5423982 0.2331372 0.05333572 0.5351046 0.2806972 0.05136269 0.5330194 0.3282572 0.05086827 0.6013957 -0.3287734 0.09270113 0.5987046 -0.290023 0.08897602 0.5948351 -0.2424629 0.0843473 0.590513 -0.194903 0.07990586 0.5857582 -0.147343 0.07567238 0.5805921 -0.09978294 0.0716657 0.5750384 -0.05222296 0.06790459 0.5691225 -0.00466299 0.06440585 0.5628713 0.04289698 0.06118553 0.5563135 0.09045696 0.05825841 0.5494786 0.1380169 0.05563795 0.5423982 0.1855772 0.05333572 0.5351046 0.2331372 0.05136269 0.5276309 0.2806972 0.04972743 0.5257383 0.3282572 0.04937237 0.5979124 -0.3287734 0.08796697 0.5948351 -0.290023 0.0843473 0.590513 -0.2424629 0.07990586 0.5857582 -0.194903 0.07567238 0.5805921 -0.147343 0.0716657 0.5750384 -0.09978294 0.06790459 0.5691225 -0.05222296 0.06440585 0.5628713 -0.00466299 0.06118553 0.5563135 0.04289698 0.05825841 0.5494786 0.09045696 0.05563795 0.5423982 0.1380169 0.05333572 0.5351046 0.1855772 0.05136269 0.5276309 0.2331372 0.04972743 0.5200111 0.2806972 0.04843777 0.5183283 0.3282572 0.04820221 0.5939677 -0.3287734 0.08340191 0.590513 -0.290023 0.07990586 0.5857582 -0.2424629 0.07567238 0.5805921 -0.194903 0.0716657 0.5750384 -0.147343 0.06790459 0.5691225 -0.09978294 0.06440585 0.5628713 -0.05222296 0.06118553 0.5563135 -0.00466299 0.05825841 0.5494786 0.04289698 0.05563795 0.5423982 0.09045696 0.05333572 0.5351046 0.1380169 0.05136269 0.5276309 0.1855772 0.04972743 0.5200111 0.2331372 0.04843777 0.5122802 0.2806972 0.04749935 0.5108211 0.3282572 0.04736286 0.5895795 -0.3287734 0.07902652 0.5857582 -0.290023 0.07567238 0.5805921 -0.2424629 0.0716657 0.5750384 -0.194903 0.06790459 0.5691225 -0.147343 0.06440585 0.5628713 -0.09978294 0.06118553 0.5563135 -0.05222296 0.05825841 0.5494786 -0.00466299 0.05563795 0.5423982 0.04289698 0.05333572 0.5351046 0.09045696 0.05136269 0.5276309 0.1380169 0.04972743 0.5200111 0.1855772 0.04843777 0.5122802 0.2331372 0.04749935 0.5044735 0.2806972 0.04691648 0.5032491 0.3282572 0.04685777 0.5847673 -0.3287734 0.07486045 0.5805921 -0.290023 0.0716657 0.5750384 -0.2424629 0.06790459 0.5691225 -0.194903 0.06440585 0.5628713 -0.147343 0.06118553 0.5563135 -0.09978294 0.05825841 0.5494786 -0.05222296 0.05563795 0.5423982 -0.00466299 0.05333572 0.5351046 0.04289698 0.05136269 0.5276309 0.09045696 0.04972743 0.5200111 0.1380169 0.04843777 0.5122802 0.1855772 0.04749935 0.5044735 0.2331372 0.04691648 0.4966263 0.2806972 0.04669207 0.5795531 -0.3287734 0.07092267 0.5750384 -0.290023 0.06790459 0.5691225 -0.2424629 0.06440585 0.5628713 -0.194903 0.06118553 0.5563135 -0.147343 0.05825841 0.5494786 -0.09978294 0.05563795 0.5423982 -0.05222296 0.05333572 0.5351046 -0.00466299 0.05136269 0.5276309 0.04289698 0.04972743 0.5200111 0.09045696 0.04843777 0.5122802 0.1380169 0.04749935 0.5044735 0.1855772 0.04691648 0.4966263 0.2331372 0.04669207 0.5739603 -0.3287734 0.06723082 0.5691225 -0.290023 0.06440585 0.5628713 -0.2424629 0.06118553 0.5563135 -0.194903 0.05825841 0.5494786 -0.147343 0.05563795 0.5423982 -0.09978294 0.05333572 0.5351046 -0.05222296 0.05136269 0.5276309 -0.00466299 0.04972743 0.5200111 0.04289698 0.04843777 0.5122802 0.09045696 0.04749935 0.5044735 0.1380169 0.04691648 0.4966263 0.1855772 0.04669207 0.5680142 -0.3287734 0.0638014 0.5628713 -0.290023 0.06118553 0.5563135 -0.2424629 0.05825841 0.5494786 -0.194903 0.05563795 0.5423982 -0.147343 0.05333572 0.5351046 -0.09978294 0.05136269 0.5276309 -0.05222296 0.04972743 0.5200111 -0.00466299 0.04843777 0.5122802 0.04289698 0.04749935 0.5044735 0.09045696 0.04691648 0.4966263 0.1380169 0.04669207 0.5617416 -0.3287734 0.06065016 0.5563135 -0.290023 0.05825841 0.5494786 -0.2424629 0.05563795 0.5423982 -0.194903 0.05333572 0.5351046 -0.147343 0.05136269 0.5276309 -0.09978294 0.04972743 0.5200111 -0.05222296 0.04843777 0.5122802 -0.00466299 0.04749935 0.5044735 0.04289698 0.04691648 0.4966263 0.09045696 0.04669207 0.5551707 -0.3287734 0.05779129 0.5494786 -0.290023 0.05563795 0.5423982 -0.2424629 0.05333572 0.5351046 -0.194903 0.05136269 0.5276309 -0.147343 0.04972743 0.5200111 -0.09978294 0.04843777 0.5122802 -0.05222296 0.04749935 0.5044735 -0.00466299 0.04691648 0.4966263 0.04289698 0.04669207 0.5483313 -0.3287734 0.05523747 0.5423982 -0.290023 0.05333572 0.5351046 -0.2424629 0.05136269 0.5276309 -0.194903 0.04972743 0.5200111 -0.147343 0.04843777 0.5122802 -0.09978294 0.04749935 0.5044735 -0.05222296 0.04691648 0.4966263 -0.00466299 0.04669207 0.5412542 -0.3287734 0.05300045 0.5351046 -0.290023 0.05136269 0.5276309 -0.2424629 0.04972743 0.5200111 -0.194903 0.04843777 0.5122802 -0.147343 0.04749935 0.5044735 -0.09978294 0.04691648 0.4966263 -0.05222296 0.04669207 0.5339714 -0.3287734 0.0510903 0.5276309 -0.290023 0.04972743 0.5200111 -0.2424629 0.04843777 0.5122802 -0.194903 0.04749935 0.5044735 -0.147343 0.04691648 0.4966263 -0.09978294 0.04669207 0.5265155 -0.3287734 0.04951536 0.5200111 -0.290023 0.04843777 0.5122802 -0.2424629 0.04749935 0.5044735 -0.194903 0.04691648 0.4966263 -0.147343 0.04669207 0.5189206 -0.3287734 0.04828315 0.5122802 -0.290023 0.04749935 0.5044735 -0.2424629 0.04691648 0.4966263 -0.194903 0.04669207 0.5112204 -0.3287734 0.04739886 0.5044735 -0.290023 0.04691648 0.4966263 -0.2424629 0.04669207 0.5034499 -0.3287734 0.04686683 0.4966263 -0.290023 0.04669207 0.5723088 0.3282572 0.06623077 0.5750384 0.2806972 0.06790459 0.5805921 0.2331372 0.0716657 0.5857582 0.1855772 0.07567238 0.590513 0.1380169 0.07990586 0.5948351 0.09045696 0.0843473 0.5987046 0.04289698 0.08897602 0.6021038 -0.00466299 0.09377127 0.6050173 -0.05222296 0.09871095 0.6074315 -0.09978294 0.1037725 0.6093361 -0.147343 0.108933 0.6107217 -0.194903 0.1141687 0.6115822 -0.2424629 0.1194558 0.6119138 -0.290023 0.1247701 0.6119177 -0.3307593 0.1254352 0.6117691 -0.3307593 0.1214533 0.6113231 -0.3307593 0.1174815 0.5778622 0.3282572 0.06975334 0.5805921 0.2806972 0.0716657 0.5857582 0.2331372 0.07567238 0.590513 0.1855772 0.07990586 0.5948351 0.1380169 0.0843473 0.5987046 0.09045696 0.08897602 0.6021038 0.04289698 0.09377127 0.6050173 -0.00466299 0.09871095 0.6074315 -0.05222296 0.1037725 0.6093361 -0.09978294 0.108933 0.6107217 -0.147343 0.1141687 0.6115822 -0.194903 0.1194558 0.6119138 -0.2424629 0.1247701 0.5830634 0.3282572 0.07351446 0.5857582 0.2806972 0.07567238 0.590513 0.2331372 0.07990586 0.5948351 0.1855772 0.0843473 0.5987046 0.1380169 0.08897602 0.6021038 0.09045696 0.09377127 0.6050173 0.04289698 0.09871095 0.6074315 -0.00466299 0.1037725 0.6093361 -0.05222296 0.108933 0.6107217 -0.09978294 0.1141687 0.6115822 -0.147343 0.1194558 0.6119138 -0.194903 0.1247701 0.5878903 0.3282572 0.0774976 0.590513 0.2806972 0.07990586 0.5948351 0.2331372 0.0843473 0.5987046 0.1855772 0.08897602 0.6021038 0.1380169 0.09377127 0.6050173 0.09045696 0.09871095 0.6074315 0.04289698 0.1037725 0.6093361 -0.00466299 0.108933 0.6107217 -0.05222296 0.1141687 0.6115822 -0.09978294 0.1194558 0.6119138 -0.147343 0.1247701 0.5923224 0.3282572 0.08168631 0.5948351 0.2806972 0.0843473 0.5987046 0.2331372 0.08897602 0.6021038 0.1855772 0.09377127 0.6050173 0.1380169 0.09871095 0.6074315 0.09045696 0.1037725 0.6093361 0.04289698 0.108933 0.6107217 -0.00466299 0.1141687 0.6115822 -0.05222296 0.1194558 0.6119138 -0.09978294 0.1247701 0.6119177 -0.001251161 0.1254352 0.5963402 0.3282572 0.08606219 0.5987046 0.2806972 0.08897602 0.6021038 0.2331372 0.09377127 0.6050173 0.1855772 0.09871095 0.6074315 0.1380169 0.1037725 0.6093361 0.09045696 0.108933 0.6107217 0.04289698 0.1141687 0.6115822 -0.00466299 0.1194558 0.6119138 -0.05222296 0.1247701 0.5999269 0.3282572 0.0906068 0.6021038 0.2806972 0.09377127 0.6050173 0.2331372 0.09871095 0.6074315 0.1855772 0.1037725 0.6093361 0.1380169 0.108933 0.6107217 0.09045696 0.1141687 0.6115822 0.04289698 0.1194558 0.6119138 -0.00466299 0.1247701 0.6030671 0.3282572 0.09530049 0.6050173 0.2806972 0.09871095 0.6074315 0.2331372 0.1037725 0.6093361 0.1855772 0.108933 0.6107217 0.1380169 0.1141687 0.6115822 0.09045696 0.1194558 0.6119138 0.04289698 0.1247701 0.6057471 0.3282572 0.1001231 0.6074315 0.2806972 0.1037725 0.6093361 0.2331372 0.108933 0.6107217 0.1855772 0.1141687 0.6115822 0.1380169 0.1194558 0.6119138 0.09045696 0.1247701 0.6079559 0.3282572 0.1050542 0.6093361 0.2806972 0.108933 0.6107217 0.2331372 0.1141687 0.6115822 0.1855772 0.1194558 0.6119138 0.1380169 0.1247701 0.6096837 0.3282572 0.1100726 0.6107217 0.2806972 0.1141687 0.6115822 0.2331372 0.1194558 0.6119138 0.1855772 0.1247701 0.6109231 0.3282572 0.1151568 0.6115822 0.2806972 0.1194558 0.6119138 0.2331372 0.1247701 0.6119177 0.3282572 0.1254352 0.6116688 0.3282572 0.120285 0.6119138 0.2806972 0.1247701 0.6119177 -0.3307593 0.1260542 0.6119177 -0.001251161 0.1260542 0.6119177 0.3282572 0.1260542 -0.7487979 -0.3999594 0.1285724 -0.7478819 -0.360251 0.1305094 -0.7498399 -0.400251 0.1260542 -0.7476035 -0.3996252 0.1310592 -0.7462589 -0.3992491 0.1335107 -0.745448 -0.360251 0.1348558 -0.7447664 -0.3988315 0.1359225 -0.7425509 -0.360251 0.1390698 -0.7431285 -0.3983732 0.1382907 -0.741348 -0.3978751 0.1406112 -0.7392061 -0.360251 0.143129 -0.7394281 -0.3973379 0.1428803 -0.7373717 -0.3967626 0.1450936 -0.7354322 -0.360251 0.1470115 -0.7351823 -0.3961501 0.1472479 -0.7328639 -0.3955014 0.1493391 -0.7312486 -0.360251 0.1506966 -0.7304206 -0.3948177 0.1513641 -0.7278558 -0.3941003 0.1533191 -0.7266783 -0.360251 0.1541647 -0.7251746 -0.3933501 0.1552009 -0.7217456 -0.360251 0.1573969 -0.722381 -0.3925685 0.1570065 -0.7194802 -0.3917569 0.1587325 -0.7164769 -0.360251 0.1603761 -0.7164769 -0.3909167 0.1603761 -0.7133761 -0.3900491 0.1619346 -0.7109004 -0.360251 0.1630863 -0.7101832 -0.3891558 0.1634054 -0.7069036 -0.3882382 0.1647858 -0.7050462 -0.360251 0.1655128 -0.7035428 -0.3872979 0.1660736 -0.6989454 -0.360251 0.1676428 -0.6989454 -0.320251 0.1676428 -0.6926311 -0.320251 0.1694647 -0.6926311 -0.280251 0.1694647 -0.6861369 -0.280251 0.170969 -0.6861369 -0.240251 0.170969 -0.6794971 -0.240251 0.1721472 -0.6794971 -0.200251 0.1721472 -0.6727483 -0.200251 0.1729936 -0.6727483 -0.160251 0.1729936 -0.665926 -0.160251 0.1735031 -0.665926 -0.1202511 0.1735031 -0.6590669 -0.1251189 0.1736733 -0.665926 -0.08025109 0.1735031 -0.665926 -0.04025107 0.1735031 -0.6727483 -0.08025109 0.1729936 -0.6727483 -0.04025107 0.1729936 -0.6794971 -0.08025109 0.1721472 -0.6794971 -0.04025107 0.1721472 -0.6861369 -0.08025109 0.170969 -0.6861369 -0.04025107 0.170969 -0.6926311 -0.08025109 0.1694647 -0.6926311 -0.04025107 0.1694647 -0.6989454 -0.08025109 0.1676428 -0.6989454 -0.04025107 0.1676428 -0.7050462 -0.08025109 0.1655128 -0.7050462 -0.04025107 0.1655128 -0.7109004 -0.08025109 0.1630863 -0.7109004 -0.04025107 0.1630863 -0.7164769 -0.08025109 0.1603761 -0.7164769 -0.04025107 0.1603761 -0.7217456 -0.08025109 0.1573969 -0.7217456 -0.04025107 0.1573969 -0.7266783 -0.08025109 0.1541647 -0.7266783 -0.04025107 0.1541647 -0.7312486 -0.08025109 0.1506966 -0.7312486 -0.04025107 0.1506966 -0.7354322 -0.08025109 0.1470115 -0.7354322 -0.04025107 0.1470115 -0.7392061 -0.08025109 0.143129 -0.7392061 -0.04025107 0.143129 -0.7425509 -0.08025109 0.1390698 -0.7425509 -0.04025107 0.1390698 -0.745448 -0.08025109 0.1348558 -0.745448 -0.04025107 0.1348558 -0.7478819 -0.08025109 0.1305094 -0.7478819 -0.04025107 0.1305094 -0.7498399 -0.1335843 0.1260542 -0.7478819 -2.51114e-4 0.1305094 -0.7498399 0.1330821 0.1260542 -0.7478819 0.03974884 0.1305094 -0.7478819 0.07974886 0.1305094 -0.745448 0.07974886 0.1348558 -0.745448 0.1197488 0.1348558 -0.7425509 0.1197488 0.1390698 -0.7425509 0.159749 0.1390698 -0.7392061 0.159749 0.143129 -0.7392061 0.199749 0.143129 -0.7354322 0.199749 0.1470115 -0.7354322 0.239749 0.1470115 -0.7312486 0.239749 0.1506966 -0.7312486 0.279749 0.1506966 -0.7266783 0.279749 0.1541647 -0.7266783 0.3197491 0.1541647 -0.7217456 0.3197491 0.1573969 -0.7217456 0.359749 0.1573969 -0.7164769 0.359749 0.1603761 -0.7194802 0.3912546 0.1587325 -0.7164769 0.3904146 0.1603761 -0.722381 0.3920664 0.1570065 -0.7251746 0.392848 0.1552009 -0.7266783 0.359749 0.1541647 -0.7278558 0.3935982 0.1533191 -0.7312486 0.359749 0.1506966 -0.7304206 0.3943156 0.1513641 -0.7328639 0.3949995 0.1493391 -0.7354322 0.359749 0.1470115 -0.7351823 0.395648 0.1472479 -0.7373717 0.3962605 0.1450936 -0.7392061 0.359749 0.143129 -0.7394281 0.3968356 0.1428803 -0.741348 0.3973726 0.1406112 -0.7425509 0.359749 0.1390698 -0.7431285 0.397871 0.1382907 -0.7447664 0.3983293 0.1359225 -0.745448 0.359749 0.1348558 -0.7462589 0.398747 0.1335107 -0.7478819 0.359749 0.1305094 -0.7476035 0.3991228 0.1310592 -0.7487979 0.3994572 0.1285724 -0.7478819 0.3197491 0.1305094 -0.7478819 0.279749 0.1305094 -0.7498399 0.3997491 0.1260542 -0.745448 -0.320251 0.1348558 -0.7425509 -0.320251 0.1390698 -0.7425509 -0.280251 0.1390698 -0.7392061 -0.280251 0.143129 -0.7392061 -0.240251 0.143129 -0.7354322 -0.240251 0.1470115 -0.7354322 -0.200251 0.1470115 -0.7312486 -0.200251 0.1506966 -0.7312486 -0.160251 0.1506966 -0.7266783 -0.160251 0.1541647 -0.7266783 -0.1202511 0.1541647 -0.7217456 -0.1202511 0.1573969 -0.7392061 -0.320251 0.143129 -0.7354322 -0.280251 0.1470115 -0.7312486 -0.240251 0.1506966 -0.7266783 -0.200251 0.1541647 -0.7217456 -0.160251 0.1573969 -0.7164769 -0.1202511 0.1603761 -0.7354322 -0.320251 0.1470115 -0.7312486 -0.320251 0.1506966 -0.7312486 -0.280251 0.1506966 -0.7266783 -0.280251 0.1541647 -0.7266783 -0.240251 0.1541647 -0.7217456 -0.240251 0.1573969 -0.7217456 -0.200251 0.1573969 -0.7164769 -0.200251 0.1603761 -0.7164769 -0.160251 0.1603761 -0.7109004 -0.160251 0.1630863 -0.7109004 -0.1202511 0.1630863 -0.7050462 -0.1202511 0.1655128 -0.7266783 -0.320251 0.1541647 -0.7217456 -0.320251 0.1573969 -0.7217456 -0.280251 0.1573969 -0.7164769 -0.280251 0.1603761 -0.7164769 -0.240251 0.1603761 -0.7109004 -0.240251 0.1630863 -0.7109004 -0.200251 0.1630863 -0.7050462 -0.200251 0.1655128 -0.7050462 -0.160251 0.1655128 -0.6989454 -0.160251 0.1676428 -0.6989454 -0.1202511 0.1676428 -0.6926311 -0.1202511 0.1694647 -0.7164769 -0.320251 0.1603761 -0.7109004 -0.280251 0.1630863 -0.7050462 -0.240251 0.1655128 -0.6989454 -0.200251 0.1676428 -0.6926311 -0.160251 0.1694647 -0.6861369 -0.1202511 0.170969 -0.7109004 -0.320251 0.1630863 -0.7050462 -0.320251 0.1655128 -0.7050462 -0.280251 0.1655128 -0.6989454 -0.280251 0.1676428 -0.6989454 -0.240251 0.1676428 -0.6926311 -0.240251 0.1694647 -0.6926311 -0.200251 0.1694647 -0.6861369 -0.200251 0.170969 -0.6861369 -0.160251 0.170969 -0.6794971 -0.160251 0.1721472 -0.6794971 -0.1202511 0.1721472 -0.6727483 -0.1202511 0.1729936 -0.7001067 -0.3863365 0.1672664 -0.6966009 -0.3853557 0.1683626 -0.6926311 -0.360251 0.1694647 -0.6930314 -0.384357 0.1693601 -0.6894043 -0.3833422 0.1702571 -0.6861369 -0.360251 0.170969 -0.6857257 -0.382313 0.1710522 -0.6820017 -0.3812711 0.1717441 -0.6794971 -0.360251 0.1721472 -0.6782391 -0.3802184 0.1723314 -0.6744439 -0.3791565 0.1728134 -0.6727483 -0.360251 0.1729936 -0.6706226 -0.3780874 0.1731892 -0.665926 -0.360251 0.1735031 -0.665926 -0.320251 0.1735031 -0.6629275 -0.3759345 0.1736195 -0.665926 -0.280251 0.1735031 -0.665926 -0.240251 0.1735031 -0.665926 -0.200251 0.1735031 -0.6727483 -0.240251 0.1729936 -0.6794971 -0.280251 0.1721472 -0.6861369 -0.320251 0.170969 -0.6794971 -0.320251 0.1721472 -0.6727483 -0.320251 0.1729936 -0.6727483 -0.280251 0.1729936 -0.6667817 -0.3770127 0.1734579 -0.6590669 -0.3748544 0.1736733 -0.665926 -2.51114e-4 0.1735031 -0.6727483 -2.51114e-4 0.1729936 -0.6794971 -2.51114e-4 0.1721472 -0.6861369 -2.51114e-4 0.170969 -0.6926311 -2.51114e-4 0.1694647 -0.6989454 -2.51114e-4 0.1676428 -0.7050462 -2.51114e-4 0.1655128 -0.7109004 -2.51114e-4 0.1630863 -0.7164769 -2.51114e-4 0.1603761 -0.7217456 -2.51114e-4 0.1573969 -0.7266783 -2.51114e-4 0.1541647 -0.7312486 -2.51114e-4 0.1506966 -0.7354322 -2.51114e-4 0.1470115 -0.7392061 -2.51114e-4 0.143129 -0.7425509 -2.51114e-4 0.1390698 -0.745448 -2.51114e-4 0.1348558 -0.6590669 0.3743523 0.1736733 -0.665926 0.239749 0.1735031 -0.6590669 0.1246166 0.1736733 -0.665926 0.279749 0.1735031 -0.665926 0.3197491 0.1735031 -0.665926 0.359749 0.1735031 -0.6629275 0.3754323 0.1736195 -0.6667817 0.3765103 0.1734579 -0.6706226 0.3775851 0.1731892 -0.6727483 0.359749 0.1729936 -0.6744439 0.3786546 0.1728134 -0.6794971 0.359749 0.1721472 -0.6794971 0.3197491 0.1721472 -0.6861369 0.3197491 0.170969 -0.6861369 0.279749 0.170969 -0.6926311 0.279749 0.1694647 -0.6926311 0.239749 0.1694647 -0.6989454 0.239749 0.1676428 -0.6989454 0.199749 0.1676428 -0.7050462 0.199749 0.1655128 -0.7050462 0.159749 0.1655128 -0.7109004 0.159749 0.1630863 -0.7109004 0.1197488 0.1630863 -0.7164769 0.1197488 0.1603761 -0.7164769 0.07974886 0.1603761 -0.7217456 0.07974886 0.1573969 -0.7217456 0.03974884 0.1573969 -0.7266783 0.03974884 0.1541647 -0.7164769 0.03974884 0.1603761 -0.7109004 0.07974886 0.1630863 -0.7050462 0.1197488 0.1655128 -0.6989454 0.159749 0.1676428 -0.6926311 0.199749 0.1694647 -0.6861369 0.239749 0.170969 -0.6794971 0.279749 0.1721472 -0.6727483 0.3197491 0.1729936 -0.6782391 0.3797162 0.1723314 -0.6820017 0.3807687 0.1717441 -0.6861369 0.359749 0.170969 -0.6857257 0.3818107 0.1710522 -0.6894043 0.3828402 0.1702571 -0.6926311 0.359749 0.1694647 -0.6930314 0.3838546 0.1693601 -0.6966009 0.3848533 0.1683626 -0.6989454 0.359749 0.1676428 -0.7001067 0.3858343 0.1672664 -0.7035428 0.3867956 0.1660736 -0.7050462 0.359749 0.1655128 -0.7069036 0.3877359 0.1647858 -0.7109004 0.359749 0.1630863 -0.7109004 0.3197491 0.1630863 -0.7164769 0.3197491 0.1603761 -0.7164769 0.279749 0.1603761 -0.7217456 0.279749 0.1573969 -0.7217456 0.239749 0.1573969 -0.7266783 0.239749 0.1541647 -0.7266783 0.199749 0.1541647 -0.7312486 0.199749 0.1506966 -0.7312486 0.159749 0.1506966 -0.7354322 0.159749 0.1470115 -0.7354322 0.1197488 0.1470115 -0.7392061 0.1197488 0.143129 -0.7392061 0.07974886 0.143129 -0.7425509 0.07974886 0.1390698 -0.7425509 0.03974884 0.1390698 -0.745448 0.03974884 0.1348558 -0.7392061 0.03974884 0.143129 -0.7354322 0.07974886 0.1470115 -0.7312486 0.1197488 0.1506966 -0.7266783 0.159749 0.1541647 -0.7217456 0.199749 0.1573969 -0.7164769 0.239749 0.1603761 -0.7109004 0.279749 0.1630863 -0.7050462 0.3197491 0.1655128 -0.6926311 0.3197491 0.1694647 -0.6989454 0.279749 0.1676428 -0.7050462 0.239749 0.1655128 -0.7109004 0.199749 0.1630863 -0.7164769 0.159749 0.1603761 -0.7217456 0.1197488 0.1573969 -0.7266783 0.07974886 0.1541647 -0.7312486 0.03974884 0.1506966 -0.6989454 0.3197491 0.1676428 -0.7050462 0.279749 0.1655128 -0.7109004 0.239749 0.1630863 -0.7164769 0.199749 0.1603761 -0.7217456 0.159749 0.1573969 -0.7266783 0.1197488 0.1541647 -0.7312486 0.07974886 0.1506966 -0.7354322 0.03974884 0.1470115 -0.7101832 0.3886533 0.1634054 -0.7133761 0.3895471 0.1619346 -0.7312486 0.3197491 0.1506966 -0.7354322 0.279749 0.1470115 -0.7392061 0.239749 0.143129 -0.7425509 0.199749 0.1390698 -0.745448 0.159749 0.1348558 -0.7478819 0.1197488 0.1305094 -0.7354322 0.3197491 0.1470115 -0.7392061 0.279749 0.143129 -0.7425509 0.239749 0.1390698 -0.745448 0.199749 0.1348558 -0.7478819 0.159749 0.1305094 -0.7392061 0.3197491 0.143129 -0.7425509 0.3197491 0.1390698 -0.7425509 0.279749 0.1390698 -0.745448 0.279749 0.1348558 -0.745448 0.239749 0.1348558 -0.7478819 0.239749 0.1305094 -0.7478819 0.199749 0.1305094 -0.745448 0.3197491 0.1348558 -0.7478819 -0.280251 0.1305094 -0.7478819 -0.320251 0.1305094 -0.745448 -0.280251 0.1348558 -0.7425509 -0.240251 0.1390698 -0.7392061 -0.200251 0.143129 -0.7354322 -0.160251 0.1470115 -0.7312486 -0.1202511 0.1506966 -0.7478819 -0.240251 0.1305094 -0.745448 -0.240251 0.1348558 -0.7478819 -0.200251 0.1305094 -0.745448 -0.200251 0.1348558 -0.7425509 -0.200251 0.1390698 -0.7425509 -0.160251 0.1390698 -0.7392061 -0.160251 0.143129 -0.7392061 -0.1202511 0.143129 -0.7354322 -0.1202511 0.1470115 -0.7478819 -0.160251 0.1305094 -0.745448 -0.160251 0.1348558 -0.7425509 -0.1202511 0.1390698 -0.7478819 -0.1202511 0.1305094 -0.745448 -0.1202511 0.1348558 -0.7109004 0.03974884 0.1630863 -0.7050462 0.03974884 0.1655128 -0.6989454 0.03974884 0.1676428 -0.6926311 0.03974884 0.1694647 -0.6861369 0.03974884 0.170969 -0.6794971 0.03974884 0.1721472 -0.6727483 0.03974884 0.1729936 -0.665926 0.03974884 0.1735031 -0.665926 0.07974886 0.1735031 -0.665926 0.1197488 0.1735031 -0.665926 0.159749 0.1735031 -0.665926 0.199749 0.1735031 -0.6727483 0.199749 0.1729936 -0.6727483 0.159749 0.1729936 -0.6794971 0.159749 0.1721472 -0.6794971 0.1197488 0.1721472 -0.6861369 0.1197488 0.170969 -0.6861369 0.07974886 0.170969 -0.6926311 0.07974886 0.1694647 -0.7050462 0.07974886 0.1655128 -0.6989454 0.07974886 0.1676428 -0.6926311 0.1197488 0.1694647 -0.6861369 0.159749 0.170969 -0.6926311 0.159749 0.1694647 -0.6861369 0.199749 0.170969 -0.6989454 0.1197488 0.1676428 -0.6794971 0.07974886 0.1721472 -0.6727483 0.1197488 0.1729936 -0.6727483 0.07974886 0.1729936 -0.6794971 0.199749 0.1721472 -0.6794971 0.239749 0.1721472 -0.6727483 0.239749 0.1729936 -0.6727483 0.279749 0.1729936 0.6593869 0.3743523 0.1736733 0.6593869 0.1246166 0.1736733 0.6593869 -0.1251189 0.1736733 0.6593869 -0.3748544 0.1736733 -0.4771128 -0.3767734 0.1735031 -0.6134763 -0.3767734 0.1735031 -0.6134763 -0.3786821 0.1729936 -0.6134763 -0.3805704 0.1721472 -0.6134763 -0.382428 0.170969 -0.6134763 -0.384245 0.1694647 -0.6134763 -0.3860117 0.1676428 -0.6134763 -0.3877185 0.1655128 -0.4771128 -0.3877185 0.1655128 -0.4771128 -0.3893564 0.1630863 -0.3407492 -0.3893564 0.1630863 -0.3407492 -0.3909167 0.1603761 -0.2043855 -0.3909167 0.1603761 -0.2043855 -0.3923907 0.1573969 -0.06802165 -0.3923907 0.1573969 -0.06802165 -0.3937708 0.1541647 0.06834185 -0.3937708 0.1541647 0.06834185 -0.3950495 0.1506966 0.2047054 -0.3950495 0.1506966 0.2047054 -0.3962199 0.1470115 0.3410691 -0.3962199 0.1470115 0.3410691 -0.3972758 0.143129 0.4774327 -0.3972758 0.143129 0.4774327 -0.3982115 0.1390698 0.6137965 -0.3982115 0.1390698 0.6137965 -0.3990221 0.1348558 0.7450866 -0.3988315 0.1359225 0.7465788 -0.3992491 0.1335107 0.7434485 -0.3983732 0.1382907 0.7416682 -0.3978751 0.1406112 0.6137965 -0.3972758 0.143129 0.739748 -0.3973379 0.1428803 0.7376916 -0.3967626 0.1450936 0.6137965 -0.3962199 0.1470115 0.7355025 -0.3961501 0.1472479 0.7331841 -0.3955014 0.1493391 0.6137965 -0.3950495 0.1506966 0.7307405 -0.3948177 0.1513641 0.7281759 -0.3941003 0.1533191 0.6137965 -0.3937708 0.1541647 0.7254945 -0.3933501 0.1552009 0.6137965 -0.3923907 0.1573969 0.4774327 -0.3923907 0.1573969 0.4774327 -0.3909167 0.1603761 0.3410691 -0.3909167 0.1603761 0.3410691 -0.3893564 0.1630863 0.2047054 -0.3893564 0.1630863 0.2047054 -0.3877185 0.1655128 0.06834185 -0.3877185 0.1655128 0.06834185 -0.3860117 0.1676428 -0.06802165 -0.3860117 0.1676428 -0.06802165 -0.384245 0.1694647 -0.2043855 -0.384245 0.1694647 -0.2043855 -0.382428 0.170969 -0.3407492 -0.382428 0.170969 -0.3407492 -0.3805704 0.1721472 -0.4771128 -0.3805704 0.1721472 -0.4771128 -0.3786821 0.1729936 -0.4771128 -0.382428 0.170969 -0.3407492 -0.384245 0.1694647 -0.2043855 -0.3860117 0.1676428 -0.06802165 -0.3877185 0.1655128 0.06834185 -0.3893564 0.1630863 0.2047054 -0.3909167 0.1603761 0.3410691 -0.3923907 0.1573969 0.4774327 -0.3937708 0.1541647 -0.4771128 -0.384245 0.1694647 -0.4771128 -0.3860117 0.1676428 -0.3407492 -0.3860117 0.1676428 -0.3407492 -0.3877185 0.1655128 -0.2043855 -0.3877185 0.1655128 -0.2043855 -0.3893564 0.1630863 -0.06802165 -0.3893564 0.1630863 -0.06802165 -0.3909167 0.1603761 0.06834185 -0.3909167 0.1603761 0.06834185 -0.3923907 0.1573969 0.2047054 -0.3923907 0.1573969 0.2047054 -0.3937708 0.1541647 0.3410691 -0.3937708 0.1541647 0.3410691 -0.3950495 0.1506966 0.4774327 -0.3950495 0.1506966 0.4774327 -0.3962199 0.1470115 -0.6134763 -0.3893564 0.1630863 -0.6134763 -0.3909167 0.1603761 -0.6134763 -0.3923907 0.1573969 -0.6134763 -0.3937708 0.1541647 -0.6134763 -0.3950495 0.1506966 -0.4771128 -0.3950495 0.1506966 -0.4771128 -0.3962199 0.1470115 -0.3407492 -0.3962199 0.1470115 -0.3407492 -0.3972758 0.143129 -0.2043855 -0.3972758 0.143129 -0.2043855 -0.3982115 0.1390698 -0.06802165 -0.3982115 0.1390698 -0.06802165 -0.3990221 0.1348558 0.06834185 -0.3990221 0.1348558 0.06834185 -0.3997032 0.1305094 0.2047054 -0.3997032 0.1305094 1.60098e-4 -0.400251 0.1260542 0.3410691 -0.3997032 0.1305094 0.7501601 -0.400251 0.1260542 0.4774327 -0.3997032 0.1305094 0.6137965 -0.3997032 0.1305094 0.4774327 -0.3990221 0.1348558 0.3410691 -0.3982115 0.1390698 0.2047054 -0.3972758 0.143129 0.2047054 -0.3982115 0.1390698 0.06834185 -0.3972758 0.143129 0.06834185 -0.3982115 0.1390698 -0.06802165 -0.3972758 0.143129 -0.4771128 -0.3909167 0.1603761 -0.3407492 -0.3923907 0.1573969 -0.2043855 -0.3937708 0.1541647 -0.06802165 -0.3950495 0.1506966 0.06834185 -0.3962199 0.1470115 -0.4771128 -0.3923907 0.1573969 -0.4771128 -0.3937708 0.1541647 -0.3407492 -0.3937708 0.1541647 -0.3407492 -0.3950495 0.1506966 -0.2043855 -0.3950495 0.1506966 -0.2043855 -0.3962199 0.1470115 -0.06802165 -0.3962199 0.1470115 -0.6134763 -0.3962199 0.1470115 -0.6134763 -0.3972758 0.143129 -0.6134763 -0.3982115 0.1390698 -0.6134763 -0.3990221 0.1348558 -0.6134763 -0.3997032 0.1305094 -0.4771128 -0.3997032 0.1305094 -0.3407492 -0.3997032 0.1305094 -0.2043855 -0.3997032 0.1305094 -0.06802165 -0.3997032 0.1305094 -0.2043855 -0.3990221 0.1348558 -0.3407492 -0.3982115 0.1390698 -0.4771128 -0.3972758 0.143129 -0.4771128 -0.3982115 0.1390698 -0.4771128 -0.3990221 0.1348558 -0.3407492 -0.3990221 0.1348558 0.2047054 -0.3990221 0.1348558 0.3410691 -0.3990221 0.1348558 0.7491179 -0.3999594 0.1285724 0.7479235 -0.3996252 0.1310592 0.7227012 -0.3925685 0.1570065 0.7198004 -0.3917569 0.1587325 0.6137965 -0.3909167 0.1603761 0.7167968 -0.3909167 0.1603761 0.713696 -0.3900491 0.1619346 0.6137965 -0.3893564 0.1630863 0.7105033 -0.3891558 0.1634054 0.7072238 -0.3882382 0.1647858 0.6137965 -0.3877185 0.1655128 0.7038628 -0.3872979 0.1660736 0.7004266 -0.3863365 0.1672664 0.6137965 -0.3860117 0.1676428 0.6969209 -0.3853557 0.1683626 0.6137965 -0.384245 0.1694647 0.4774327 -0.384245 0.1694647 0.4774327 -0.382428 0.170969 0.3410691 -0.382428 0.170969 0.3410691 -0.3805704 0.1721472 0.2047054 -0.3805704 0.1721472 0.2047054 -0.3786821 0.1729936 0.06834185 -0.3786821 0.1729936 0.06834185 -0.3767734 0.1735031 -0.06802165 -0.3767734 0.1735031 -0.2043855 -0.3767734 0.1735031 -0.3407492 -0.3767734 0.1735031 -0.2043855 -0.3786821 0.1729936 -0.3407492 -0.3786821 0.1729936 -0.2043855 -0.3805704 0.1721472 -0.06802165 -0.382428 0.170969 0.06834185 -0.384245 0.1694647 0.06834185 -0.382428 0.170969 0.2047054 -0.384245 0.1694647 0.2047054 -0.382428 0.170969 0.3410691 -0.384245 0.1694647 0.4774327 -0.3893564 0.1630863 0.3410691 -0.3877185 0.1655128 0.2047054 -0.3860117 0.1676428 0.4774327 -0.3877185 0.1655128 0.4774327 -0.3860117 0.1676428 0.3410691 -0.3860117 0.1676428 0.6933513 -0.384357 0.1693601 0.6897242 -0.3833422 0.1702571 0.6137965 -0.382428 0.170969 0.6860457 -0.382313 0.1710522 0.6823219 -0.3812711 0.1717441 0.6137965 -0.3805704 0.1721472 0.678559 -0.3802184 0.1723314 0.6747638 -0.3791565 0.1728134 0.6137965 -0.3786821 0.1729936 0.6709426 -0.3780874 0.1731892 0.6137965 -0.3767734 0.1735031 0.6671016 -0.3770127 0.1734579 0.6632475 -0.3759345 0.1736195 0.4774327 -0.3767734 0.1735031 0.3410691 -0.3767734 0.1735031 0.2047054 -0.3767734 0.1735031 0.4774327 -0.3805704 0.1721472 0.3410691 -0.3786821 0.1729936 0.4774327 -0.3786821 0.1729936 -0.06802165 -0.3786821 0.1729936 -0.06802165 -0.3805704 0.1721472 0.06834185 -0.3805704 0.1721472 -0.6134763 0.3992008 0.1305094 -0.6134763 0.3985202 0.1348558 -0.6134763 0.3977097 0.1390698 -0.6134763 0.3967739 0.143129 -0.6134763 0.3957176 0.1470115 -0.6134763 0.3945471 0.1506966 -0.6134763 0.3932684 0.1541647 -0.6134763 0.3918887 0.1573969 -0.6134763 0.3904146 0.1603761 -0.6134763 0.3888539 0.1630863 -0.6134763 0.3872166 0.1655128 -0.6134763 0.3855097 0.1676428 -0.6134763 0.3837425 0.1694647 -0.6134763 0.3819261 0.170969 -0.6134763 0.3800684 0.1721472 -0.6134763 0.3781799 0.1729936 -0.6134763 0.376271 0.1735031 -0.4771128 0.376271 0.1735031 -0.3407492 0.376271 0.1735031 -0.2043855 0.376271 0.1735031 -0.3407492 0.3781799 0.1729936 -0.2043855 0.3781799 0.1729936 -0.3407492 0.3800684 0.1721472 -0.2043855 0.3800684 0.1721472 -0.3407492 0.3819261 0.170969 -0.2043855 0.3819261 0.170969 -0.3407492 0.3837425 0.1694647 -0.2043855 0.3837425 0.1694647 -0.3407492 0.3855097 0.1676428 -0.2043855 0.3855097 0.1676428 -0.3407492 0.3872166 0.1655128 -0.2043855 0.3872166 0.1655128 -0.3407492 0.3888539 0.1630863 -0.2043855 0.3888539 0.1630863 -0.3407492 0.3904146 0.1603761 -0.2043855 0.3904146 0.1603761 -0.3407492 0.3918887 0.1573969 -0.2043855 0.3918887 0.1573969 -0.3407492 0.3932684 0.1541647 -0.2043855 0.3932684 0.1541647 -0.3407492 0.3945471 0.1506966 -0.2043855 0.3945471 0.1506966 -0.3407492 0.3957176 0.1470115 -0.2043855 0.3957176 0.1470115 -0.3407492 0.3967739 0.143129 -0.2043855 0.3967739 0.143129 -0.3407492 0.3977097 0.1390698 -0.2043855 0.3977097 0.1390698 -0.3407492 0.3985202 0.1348558 -0.2043855 0.3985202 0.1348558 -0.3407492 0.3992008 0.1305094 -0.2043855 0.3992008 0.1305094 1.60098e-4 0.3997491 0.1260542 -0.06802165 0.3992008 0.1305094 0.06834185 0.3992008 0.1305094 0.06834185 0.3985202 0.1348558 0.2047054 0.3985202 0.1348558 0.2047054 0.3977097 0.1390698 0.3410691 0.3977097 0.1390698 0.3410691 0.3967739 0.143129 0.4774327 0.3967739 0.143129 0.4774327 0.3957176 0.1470115 0.6137965 0.3957176 0.1470115 0.6137965 0.3945471 0.1506966 0.7331841 0.3949995 0.1493391 0.7307405 0.3943156 0.1513641 0.7355025 0.395648 0.1472479 0.7376916 0.3962605 0.1450936 0.6137965 0.3967739 0.143129 0.739748 0.3968356 0.1428803 0.7416682 0.3973726 0.1406112 0.6137965 0.3977097 0.1390698 0.7434485 0.397871 0.1382907 0.7450866 0.3983293 0.1359225 0.6137965 0.3985202 0.1348558 0.7465788 0.398747 0.1335107 0.6137965 0.3992008 0.1305094 0.7479235 0.3991228 0.1310592 0.7491179 0.3994572 0.1285724 0.4774327 0.3992008 0.1305094 0.7501601 0.3997491 0.1260542 -0.4771128 0.3985202 0.1348558 -0.4771128 0.3977097 0.1390698 -0.4771128 0.3967739 0.143129 -0.4771128 0.3957176 0.1470115 -0.4771128 0.3945471 0.1506966 -0.4771128 0.3932684 0.1541647 -0.4771128 0.3918887 0.1573969 -0.4771128 0.3904146 0.1603761 -0.4771128 0.3888539 0.1630863 -0.4771128 0.3872166 0.1655128 -0.4771128 0.3855097 0.1676428 -0.4771128 0.3837425 0.1694647 -0.4771128 0.3819261 0.170969 -0.4771128 0.3800684 0.1721472 -0.4771128 0.3781799 0.1729936 -0.06802165 0.376271 0.1735031 -0.06802165 0.3781799 0.1729936 -0.06802165 0.3800684 0.1721472 -0.06802165 0.3819261 0.170969 -0.06802165 0.3837425 0.1694647 -0.06802165 0.3855097 0.1676428 -0.06802165 0.3872166 0.1655128 -0.06802165 0.3888539 0.1630863 -0.06802165 0.3904146 0.1603761 -0.06802165 0.3918887 0.1573969 -0.06802165 0.3932684 0.1541647 -0.06802165 0.3945471 0.1506966 -0.06802165 0.3957176 0.1470115 -0.06802165 0.3967739 0.143129 -0.06802165 0.3977097 0.1390698 -0.06802165 0.3985202 0.1348558 0.6632475 0.3754323 0.1736195 0.4774327 0.376271 0.1735031 0.6137965 0.376271 0.1735031 0.6671016 0.3765103 0.1734579 0.6709426 0.3775851 0.1731892 0.6137965 0.3781799 0.1729936 0.6747638 0.3786546 0.1728134 0.6137965 0.3800684 0.1721472 0.678559 0.3797162 0.1723314 0.6823219 0.3807687 0.1717441 0.6137965 0.3819261 0.170969 0.6860457 0.3818107 0.1710522 0.6897242 0.3828402 0.1702571 0.6137965 0.3837425 0.1694647 0.6933513 0.3838546 0.1693601 0.6969209 0.3848533 0.1683626 0.6137965 0.3855097 0.1676428 0.7004266 0.3858343 0.1672664 0.6137965 0.3872166 0.1655128 0.4774327 0.3872166 0.1655128 0.4774327 0.3888539 0.1630863 0.3410691 0.3888539 0.1630863 0.3410691 0.3904146 0.1603761 0.2047054 0.3904146 0.1603761 0.2047054 0.3918887 0.1573969 0.06834185 0.3918887 0.1573969 0.06834185 0.3932684 0.1541647 0.06834185 0.3904146 0.1603761 0.2047054 0.3888539 0.1630863 0.3410691 0.3872166 0.1655128 0.4774327 0.3855097 0.1676428 0.4774327 0.3781799 0.1729936 0.4774327 0.3800684 0.1721472 0.3410691 0.3800684 0.1721472 0.3410691 0.3819261 0.170969 0.2047054 0.3819261 0.170969 0.2047054 0.3837425 0.1694647 0.06834185 0.3837425 0.1694647 0.06834185 0.3855097 0.1676428 0.06834185 0.3819261 0.170969 0.2047054 0.3800684 0.1721472 0.3410691 0.3781799 0.1729936 0.4774327 0.3819261 0.170969 0.3410691 0.3837425 0.1694647 0.2047054 0.3855097 0.1676428 0.06834185 0.3872166 0.1655128 0.4774327 0.3837425 0.1694647 0.3410691 0.3855097 0.1676428 0.2047054 0.3872166 0.1655128 0.06834185 0.3888539 0.1630863 0.7038628 0.3867956 0.1660736 0.7072238 0.3877359 0.1647858 0.6137965 0.3888539 0.1630863 0.7105033 0.3886533 0.1634054 0.713696 0.3895471 0.1619346 0.6137965 0.3904146 0.1603761 0.7167968 0.3904146 0.1603761 0.7198004 0.3912546 0.1587325 0.6137965 0.3918887 0.1573969 0.7227012 0.3920664 0.1570065 0.7254945 0.392848 0.1552009 0.6137965 0.3932684 0.1541647 0.7281759 0.3935982 0.1533191 0.4774327 0.3945471 0.1506966 0.3410691 0.3957176 0.1470115 0.2047054 0.3967739 0.143129 0.06834185 0.3977097 0.1390698 0.06834185 0.3967739 0.143129 0.2047054 0.3957176 0.1470115 0.3410691 0.3945471 0.1506966 0.4774327 0.3932684 0.1541647 0.4774327 0.3904146 0.1603761 0.3410691 0.3918887 0.1573969 0.2047054 0.3932684 0.1541647 0.06834185 0.3945471 0.1506966 0.4774327 0.3918887 0.1573969 0.3410691 0.3932684 0.1541647 0.2047054 0.3945471 0.1506966 0.06834185 0.3957176 0.1470115 0.4774327 0.3977097 0.1390698 0.3410691 0.3985202 0.1348558 0.2047054 0.3992008 0.1305094 0.4774327 0.3985202 0.1348558 0.3410691 0.3992008 0.1305094 -0.4771128 0.3992008 0.1305094 0.06834185 0.3800684 0.1721472 0.06834185 0.3781799 0.1729936 0.06834185 0.376271 0.1735031 0.2047054 0.376271 0.1735031 0.3410691 0.376271 0.1735031 0.2047054 0.3781799 0.1729936 0.7482019 0.359749 0.1305094 0.7457679 0.359749 0.1348558 0.7428708 0.359749 0.1390698 0.7395263 0.359749 0.143129 0.7357521 0.359749 0.1470115 0.7315688 0.359749 0.1506966 0.7269982 0.359749 0.1541647 0.7220656 0.359749 0.1573969 0.7167968 0.359749 0.1603761 0.7112206 0.359749 0.1630863 0.7053664 0.359749 0.1655128 0.6992656 0.359749 0.1676428 0.6992656 0.3197491 0.1676428 0.692951 0.3197491 0.1694647 0.692951 0.279749 0.1694647 0.6864567 0.279749 0.170969 0.6864567 0.239749 0.170969 0.6798173 0.239749 0.1721472 0.6798173 0.199749 0.1721472 0.6730683 0.199749 0.1729936 0.6730683 0.159749 0.1729936 0.6662461 0.159749 0.1735031 0.6662461 0.1197488 0.1735031 0.6662461 0.07974886 0.1735031 0.6662461 0.03974884 0.1735031 0.6730683 0.07974886 0.1729936 0.6730683 0.03974884 0.1729936 0.6798173 0.07974886 0.1721472 0.6798173 0.03974884 0.1721472 0.6864567 0.07974886 0.170969 0.6864567 0.03974884 0.170969 0.692951 0.07974886 0.1694647 0.692951 0.03974884 0.1694647 0.6992656 0.07974886 0.1676428 0.6992656 0.03974884 0.1676428 0.7053664 0.07974886 0.1655128 0.7053664 0.03974884 0.1655128 0.7112206 0.07974886 0.1630863 0.7112206 0.03974884 0.1630863 0.7167968 0.07974886 0.1603761 0.7167968 0.03974884 0.1603761 0.7220656 0.07974886 0.1573969 0.7220656 0.03974884 0.1573969 0.7269982 0.07974886 0.1541647 0.7269982 0.03974884 0.1541647 0.7315688 0.07974886 0.1506966 0.7315688 0.03974884 0.1506966 0.7357521 0.07974886 0.1470115 0.7357521 0.03974884 0.1470115 0.7395263 0.07974886 0.143129 0.7395263 0.03974884 0.143129 0.7428708 0.07974886 0.1390698 0.7428708 0.03974884 0.1390698 0.7457679 0.07974886 0.1348558 0.7457679 0.03974884 0.1348558 0.7482019 0.07974886 0.1305094 0.7482019 0.03974884 0.1305094 0.7501601 0.1330821 0.1260542 0.7482019 -2.51114e-4 0.1305094 0.7501601 -0.1335843 0.1260542 0.7482019 -0.04025107 0.1305094 0.7482019 -0.08025109 0.1305094 0.7457679 -0.08025109 0.1348558 0.7457679 -0.1202511 0.1348558 0.7428708 -0.1202511 0.1390698 0.7428708 -0.160251 0.1390698 0.7395263 -0.160251 0.143129 0.7395263 -0.200251 0.143129 0.7357521 -0.200251 0.1470115 0.7357521 -0.240251 0.1470115 0.7315688 -0.240251 0.1506966 0.7315688 -0.280251 0.1506966 0.7269982 -0.280251 0.1541647 0.7269982 -0.320251 0.1541647 0.7220656 -0.320251 0.1573969 0.7220656 -0.360251 0.1573969 0.7167968 -0.360251 0.1603761 0.7269982 -0.360251 0.1541647 0.7315688 -0.360251 0.1506966 0.7357521 -0.360251 0.1470115 0.7395263 -0.360251 0.143129 0.7428708 -0.360251 0.1390698 0.7457679 -0.360251 0.1348558 0.7482019 -0.360251 0.1305094 0.7482019 -0.320251 0.1305094 0.7482019 -0.280251 0.1305094 0.7457679 0.3197491 0.1348558 0.7428708 0.3197491 0.1390698 0.7428708 0.279749 0.1390698 0.7395263 0.279749 0.143129 0.7395263 0.239749 0.143129 0.7357521 0.239749 0.1470115 0.7357521 0.199749 0.1470115 0.7315688 0.199749 0.1506966 0.7315688 0.159749 0.1506966 0.7269982 0.159749 0.1541647 0.7269982 0.1197488 0.1541647 0.7220656 0.1197488 0.1573969 0.7395263 0.3197491 0.143129 0.7357521 0.279749 0.1470115 0.7315688 0.239749 0.1506966 0.7269982 0.199749 0.1541647 0.7220656 0.159749 0.1573969 0.7167968 0.1197488 0.1603761 0.7357521 0.3197491 0.1470115 0.7315688 0.3197491 0.1506966 0.7315688 0.279749 0.1506966 0.7269982 0.279749 0.1541647 0.7269982 0.239749 0.1541647 0.7220656 0.239749 0.1573969 0.7220656 0.199749 0.1573969 0.7167968 0.199749 0.1603761 0.7167968 0.159749 0.1603761 0.7112206 0.159749 0.1630863 0.7112206 0.1197488 0.1630863 0.7053664 0.1197488 0.1655128 0.7269982 0.3197491 0.1541647 0.7220656 0.3197491 0.1573969 0.7220656 0.279749 0.1573969 0.7167968 0.279749 0.1603761 0.7167968 0.239749 0.1603761 0.7112206 0.239749 0.1630863 0.7112206 0.199749 0.1630863 0.7053664 0.199749 0.1655128 0.7053664 0.159749 0.1655128 0.6992656 0.159749 0.1676428 0.6992656 0.1197488 0.1676428 0.692951 0.1197488 0.1694647 0.7167968 0.3197491 0.1603761 0.7112206 0.279749 0.1630863 0.7053664 0.239749 0.1655128 0.6992656 0.199749 0.1676428 0.692951 0.159749 0.1694647 0.6864567 0.1197488 0.170969 0.7112206 0.3197491 0.1630863 0.7053664 0.3197491 0.1655128 0.7053664 0.279749 0.1655128 0.6992656 0.279749 0.1676428 0.6992656 0.239749 0.1676428 0.692951 0.239749 0.1694647 0.692951 0.199749 0.1694647 0.6864567 0.199749 0.170969 0.6864567 0.159749 0.170969 0.6798173 0.159749 0.1721472 0.6798173 0.1197488 0.1721472 0.6730683 0.1197488 0.1729936 0.692951 0.359749 0.1694647 0.6864567 0.359749 0.170969 0.6798173 0.359749 0.1721472 0.6730683 0.359749 0.1729936 0.6662461 0.359749 0.1735031 0.6662461 0.3197491 0.1735031 0.6662461 0.279749 0.1735031 0.6662461 0.239749 0.1735031 0.6662461 0.199749 0.1735031 0.6730683 0.239749 0.1729936 0.6798173 0.279749 0.1721472 0.6864567 0.3197491 0.170969 0.6798173 0.3197491 0.1721472 0.6730683 0.3197491 0.1729936 0.6730683 0.279749 0.1729936 0.6662461 -2.51114e-4 0.1735031 0.6730683 -2.51114e-4 0.1729936 0.6798173 -2.51114e-4 0.1721472 0.6864567 -2.51114e-4 0.170969 0.692951 -2.51114e-4 0.1694647 0.6992656 -2.51114e-4 0.1676428 0.7053664 -2.51114e-4 0.1655128 0.7112206 -2.51114e-4 0.1630863 0.7167968 -2.51114e-4 0.1603761 0.7220656 -2.51114e-4 0.1573969 0.7269982 -2.51114e-4 0.1541647 0.7315688 -2.51114e-4 0.1506966 0.7357521 -2.51114e-4 0.1470115 0.7395263 -2.51114e-4 0.143129 0.7428708 -2.51114e-4 0.1390698 0.7457679 -2.51114e-4 0.1348558 0.6662461 -0.240251 0.1735031 0.6662461 -0.280251 0.1735031 0.6662461 -0.320251 0.1735031 0.6662461 -0.360251 0.1735031 0.6730683 -0.360251 0.1729936 0.6798173 -0.360251 0.1721472 0.6798173 -0.320251 0.1721472 0.6864567 -0.320251 0.170969 0.6864567 -0.280251 0.170969 0.692951 -0.280251 0.1694647 0.692951 -0.240251 0.1694647 0.6992656 -0.240251 0.1676428 0.6992656 -0.200251 0.1676428 0.7053664 -0.200251 0.1655128 0.7053664 -0.160251 0.1655128 0.7112206 -0.160251 0.1630863 0.7112206 -0.1202511 0.1630863 0.7167968 -0.1202511 0.1603761 0.7167968 -0.08025109 0.1603761 0.7220656 -0.08025109 0.1573969 0.7220656 -0.04025107 0.1573969 0.7269982 -0.04025107 0.1541647 0.7167968 -0.04025107 0.1603761 0.7112206 -0.08025109 0.1630863 0.7053664 -0.1202511 0.1655128 0.6992656 -0.160251 0.1676428 0.692951 -0.200251 0.1694647 0.6864567 -0.240251 0.170969 0.6798173 -0.280251 0.1721472 0.6730683 -0.320251 0.1729936 0.6864567 -0.360251 0.170969 0.692951 -0.360251 0.1694647 0.6992656 -0.360251 0.1676428 0.7053664 -0.360251 0.1655128 0.7112206 -0.360251 0.1630863 0.7112206 -0.320251 0.1630863 0.7167968 -0.320251 0.1603761 0.7167968 -0.280251 0.1603761 0.7220656 -0.280251 0.1573969 0.7220656 -0.240251 0.1573969 0.7269982 -0.240251 0.1541647 0.7269982 -0.200251 0.1541647 0.7315688 -0.200251 0.1506966 0.7315688 -0.160251 0.1506966 0.7357521 -0.160251 0.1470115 0.7357521 -0.1202511 0.1470115 0.7395263 -0.1202511 0.143129 0.7395263 -0.08025109 0.143129 0.7428708 -0.08025109 0.1390698 0.7428708 -0.04025107 0.1390698 0.7457679 -0.04025107 0.1348558 0.7395263 -0.04025107 0.143129 0.7357521 -0.08025109 0.1470115 0.7315688 -0.1202511 0.1506966 0.7269982 -0.160251 0.1541647 0.7220656 -0.200251 0.1573969 0.7167968 -0.240251 0.1603761 0.7112206 -0.280251 0.1630863 0.7053664 -0.320251 0.1655128 0.692951 -0.320251 0.1694647 0.6992656 -0.280251 0.1676428 0.7053664 -0.240251 0.1655128 0.7112206 -0.200251 0.1630863 0.7167968 -0.160251 0.1603761 0.7220656 -0.1202511 0.1573969 0.7269982 -0.08025109 0.1541647 0.7315688 -0.04025107 0.1506966 0.6992656 -0.320251 0.1676428 0.7053664 -0.280251 0.1655128 0.7112206 -0.240251 0.1630863 0.7167968 -0.200251 0.1603761 0.7220656 -0.160251 0.1573969 0.7269982 -0.1202511 0.1541647 0.7315688 -0.08025109 0.1506966 0.7357521 -0.04025107 0.1470115 0.7315688 -0.320251 0.1506966 0.7357521 -0.280251 0.1470115 0.7395263 -0.240251 0.143129 0.7428708 -0.200251 0.1390698 0.7457679 -0.160251 0.1348558 0.7482019 -0.1202511 0.1305094 0.7357521 -0.320251 0.1470115 0.7395263 -0.280251 0.143129 0.7428708 -0.240251 0.1390698 0.7457679 -0.200251 0.1348558 0.7482019 -0.160251 0.1305094 0.7395263 -0.320251 0.143129 0.7428708 -0.320251 0.1390698 0.7428708 -0.280251 0.1390698 0.7457679 -0.280251 0.1348558 0.7457679 -0.240251 0.1348558 0.7482019 -0.240251 0.1305094 0.7482019 -0.200251 0.1305094 0.7457679 -0.320251 0.1348558 0.7482019 0.279749 0.1305094 0.7482019 0.3197491 0.1305094 0.7457679 0.279749 0.1348558 0.7428708 0.239749 0.1390698 0.7395263 0.199749 0.143129 0.7357521 0.159749 0.1470115 0.7315688 0.1197488 0.1506966 0.7482019 0.239749 0.1305094 0.7457679 0.239749 0.1348558 0.7482019 0.199749 0.1305094 0.7457679 0.199749 0.1348558 0.7428708 0.199749 0.1390698 0.7428708 0.159749 0.1390698 0.7395263 0.159749 0.143129 0.7395263 0.1197488 0.143129 0.7357521 0.1197488 0.1470115 0.7482019 0.159749 0.1305094 0.7457679 0.159749 0.1348558 0.7428708 0.1197488 0.1390698 0.7482019 0.1197488 0.1305094 0.7457679 0.1197488 0.1348558 0.7112206 -0.04025107 0.1630863 0.7053664 -0.04025107 0.1655128 0.6992656 -0.04025107 0.1676428 0.692951 -0.04025107 0.1694647 0.6864567 -0.04025107 0.170969 0.6798173 -0.04025107 0.1721472 0.6730683 -0.04025107 0.1729936 0.6662461 -0.04025107 0.1735031 0.6662461 -0.08025109 0.1735031 0.6662461 -0.1202511 0.1735031 0.6662461 -0.160251 0.1735031 0.6662461 -0.200251 0.1735031 0.6730683 -0.200251 0.1729936 0.6730683 -0.160251 0.1729936 0.6798173 -0.160251 0.1721472 0.6798173 -0.1202511 0.1721472 0.6864567 -0.1202511 0.170969 0.6864567 -0.08025109 0.170969 0.692951 -0.08025109 0.1694647 0.7053664 -0.08025109 0.1655128 0.6992656 -0.08025109 0.1676428 0.692951 -0.1202511 0.1694647 0.6864567 -0.160251 0.170969 0.692951 -0.160251 0.1694647 0.6864567 -0.200251 0.170969 0.6992656 -0.1202511 0.1676428 0.6798173 -0.08025109 0.1721472 0.6730683 -0.1202511 0.1729936 0.6730683 -0.08025109 0.1729936 0.6798173 -0.200251 0.1721472 0.6798173 -0.240251 0.1721472 0.6730683 -0.240251 0.1729936 0.6730683 -0.280251 0.1729936 0.4947302 -0.3285247 0.1260542 0.4947302 -1.33872e-4 0.1260542 0.4947302 0.3282572 0.1260542 0.4946923 -0.3287734 -0.8263267 -0.4946104 -0.3285247 0.1260542 -0.4946104 -1.25289e-4 0.1260542 -0.4946104 0.3282743 0.1260542 -0.4943603 -0.3613115 0.1260542 0.4946923 -0.3613115 0.1260542 -0.4943807 0.3284317 0.04668921 0.4946923 0.3284317 0.04668921 0.4946923 0.3284317 0.1260542 -0.4943807 0.3284317 0.1260542 1.60098e-4 0.1330821 0.1260542 1.60098e-4 -0.1335843 0.1260542 -0.4943807 0.3282743 0.1260542 1.60098e-4 0.328275 0.1260542 0.4946923 0.3282763 0.1260542 1.60098e-4 0.3282658 0.1260542 1.60098e-4 -0.3615626 0.1260542 -0.4943807 0.3282743 -0.3501362 -0.4943807 0.3282743 -0.8263267 0.4946923 0.3282763 -0.3501362</float_array>
          <technique_common>
            <accessor source="#table_001-mesh-positions-array" count="3006" stride="3">
              <param name="X" type="float"/>
              <param name="Y" type="float"/>
              <param name="Z" type="float"/>
            </accessor>
          </technique_common>
        </source>
        <source id="table_001-mesh-normals">
          <float_array id="table_001-mesh-normals-array" count="18024">-0.8308269 -0.556531 0 -0.7452801 -0.6667515 0 -0.7452801 -0.6667515 0 -0.663905 -0.7478169 0 -0.5903871 -0.8071203 0 -0.5255034 -0.8507915 0 -0.4686362 -0.8833913 0 -0.4187511 -0.9081011 0 -0.3748078 -0.9271026 0 -0.3358216 -0.9419257 0 -0.3298737 -0.9440251 1.16564e-4 -0.3358215 -0.9419257 -1.28128e-4 -0.3676185 -0.9299767 1.3216e-4 -0.3748078 -0.9271026 -1.44997e-4 -0.4187511 -0.908101 0 -0.4686361 -0.8833913 0 -0.5255035 -0.8507915 0 -0.5903871 -0.8071203 0 -0.663905 -0.7478169 0 -0.7452802 -0.6667515 0 -0.663905 -0.7478169 0 -0.663905 -0.7478169 0 -0.663905 -0.7478169 0 -0.590387 -0.8071203 0 -0.5255035 -0.8507915 0 -0.4686361 -0.8833913 0 -0.4187511 -0.9081011 0 -0.3748078 -0.9271026 0 -0.3358215 -0.9419257 0 -0.3009241 -0.9536481 0 -0.2960065 -0.9551859 1.02324e-4 -0.3009241 -0.9536481 -1.12979e-4 -0.590387 -0.8071203 0 -0.5255034 -0.8507915 0 -0.4686361 -0.8833913 0 -0.4187511 -0.9081011 0 -0.3748078 -0.9271026 0 -0.3358216 -0.9419257 0 -0.3009241 -0.9536481 0 -0.269447 -0.9630152 0 -0.2653666 -0.9641476 8.98647e-5 -0.269447 -0.9630152 -9.96348e-5 -0.5255034 -0.8507915 0 -0.4686361 -0.8833913 0 -0.4187511 -0.908101 0 -0.3748078 -0.9271026 0 -0.3358216 -0.9419257 0 -0.3009241 -0.9536481 0 -0.269447 -0.9630152 0 -0.2407587 -0.970585 0 -0.2373844 -0.9714158 7.8072e-5 -0.2407587 -0.9705851 -8.75756e-5 -0.4686361 -0.8833913 0 -0.4187511 -0.9081011 0 -0.3748078 -0.9271025 0 -0.3358215 -0.9419257 0 -0.3009241 -0.9536481 0 -0.269447 -0.9630152 0 -0.2407587 -0.9705851 0 -0.2144606 -0.9767327 0 -0.2116689 -0.9773414 6.78001e-5 -0.2144606 -0.9767327 -7.65455e-5 -0.4187511 -0.9081011 0 -0.3748078 -0.9271026 0 -0.3358216 -0.9419257 0 -0.3009241 -0.9536481 0 -0.269447 -0.9630152 0 -0.2407587 -0.970585 0 -0.2144606 -0.9767327 0 -0.1900799 -0.9817686 0 -0.1877903 -0.9822092 5.79371e-5 -0.1900799 -0.9817686 -6.63014e-5 -0.3748078 -0.9271026 0 -0.3358215 -0.9419257 0 -0.3009241 -0.9536481 0 -0.269447 -0.9630152 0 -0.2407587 -0.970585 0 -0.2144605 -0.9767327 0 -0.1900799 -0.9817686 0 -0.1673572 -0.9858964 0 -0.1654946 -0.9862107 4.89735e-5 -0.1673572 -0.9858964 -5.66964e-5 -0.3358215 -0.9419257 0 -0.3009241 -0.9536481 0 -0.269447 -0.9630152 0 -0.2407587 -0.9705851 0 -0.2144605 -0.9767327 0 -0.19008 -0.9817686 0 -0.1673572 -0.9858964 0 -0.1459757 -0.9892882 0 -0.1444978 -0.9895051 3.97214e-5 -0.1459757 -0.9892882 -4.76355e-5 -0.3009241 -0.9536481 0 -0.269447 -0.9630152 0 -0.2407587 -0.970585 0 -0.2144606 -0.9767327 0 -0.19008 -0.9817686 0 -0.1673572 -0.9858964 0 -0.1459757 -0.9892882 0 -0.1257237 -0.9920653 0 -0.1245635 -0.9922116 3.15148e-5 -0.1257237 -0.9920653 -3.96905e-5 -0.269447 -0.9630152 0 -0.2407587 -0.9705851 0 -0.2144606 -0.9767327 0 -0.1900799 -0.9817686 0 -0.1673572 -0.9858964 0 -0.1459757 -0.9892882 0 -0.1257237 -0.9920653 0 -0.1064062 -0.9943227 0 -0.105544 -0.9944146 2.34856e-5 -0.1064062 -0.9943228 -3.12683e-5 -0.2407587 -0.9705851 0 -0.2144606 -0.9767327 0 -0.1900799 -0.9817686 0 -0.1673572 -0.9858964 0 -0.1459757 -0.9892882 0 -0.1257237 -0.9920653 0 -0.1064062 -0.9943228 0 -0.08782875 -0.9961356 0 -0.08723402 -0.9961878 1.56444e-5 -0.08782875 -0.9961355 -2.33044e-5 -0.2144606 -0.9767327 0 -0.1900799 -0.9817686 0 -0.1673572 -0.9858964 0 -0.1459757 -0.9892882 0 -0.1257237 -0.9920653 0 -0.1064062 -0.9943228 0 -0.08782875 -0.9961355 0 -0.06986296 -0.9975566 0 -0.06951719 -0.9975808 7.84822e-6 -0.06986296 -0.9975566 -1.54227e-5 -0.1900799 -0.9817686 0 -0.1673572 -0.9858964 0 -0.1459757 -0.9892882 0 -0.1257237 -0.9920653 0 -0.1064062 -0.9943228 0 -0.08782875 -0.9961356 0 -0.06986296 -0.9975566 0 -0.05236142 -0.9986283 0 -0.05224967 -0.998634 -7.80622e-6 -0.1673572 -0.9858964 0 -0.1459757 -0.9892882 0 -0.1257237 -0.9920653 0 -0.1064062 -0.9943228 0 -0.08782875 -0.9961356 0 -0.06986296 -0.9975566 0 -0.05236142 -0.9986282 0 -0.05236142 -0.9986282 0 -0.1459757 -0.9892882 0 -0.1257237 -0.9920653 0 -0.1064062 -0.9943227 0 -0.08782875 -0.9961355 0 -0.06986296 -0.9975566 0 -0.05236142 -0.9986282 0 -0.06986296 -0.9975566 0 -0.1257237 -0.9920653 0 -0.1064062 -0.9943228 0 -0.08782875 -0.9961356 0 -0.06986296 -0.9975566 0 -0.05236142 -0.9986282 0 -0.06986296 -0.9975566 0 -0.1064062 -0.9943228 0 -0.08782875 -0.9961355 0 -0.06986296 -0.9975566 0 -0.05236142 -0.9986282 0 -0.06986296 -0.9975566 0 -0.08782875 -0.9961355 0 -0.06986296 -0.9975566 0 -0.05236142 -0.9986283 0 -0.05236142 -0.9986282 0 -0.06986296 -0.9975566 0 -0.05236142 -0.9986282 0 -0.4100338 -0.9120703 1.50386e-4 -0.4187511 -0.9081011 -1.63941e-4 -0.4686361 -0.8833913 0 -0.5255034 -0.8507915 0 -0.5903871 -0.8071203 0 -0.663905 -0.7478169 0 -0.7452801 -0.6667515 0 -0.8308269 -0.5565309 0 -0.7452802 -0.6667515 0 -0.4580281 -0.8889377 1.71425e-4 -0.4686361 -0.8833913 -1.86273e-4 -0.5255035 -0.8507915 0 -0.590387 -0.8071203 0 -0.663905 -0.7478169 0 -0.7452802 -0.6667515 0 -0.8308269 -0.556531 0 -0.8308269 -0.5565309 0 -0.5126332 -0.8586077 1.95017e-4 -0.5255034 -0.8507915 -2.1192e-4 -0.5903871 -0.8071203 0 -0.663905 -0.7478169 0 -0.7452802 -0.6667515 0 -0.8308269 -0.5565309 0 -0.7452802 -0.6667515 0 -0.574851 -0.8182581 2.22721e-4 -0.590387 -0.8071203 -2.41468e-4 -0.663905 -0.7478169 0 -0.7452801 -0.6667515 0 -0.8308269 -0.5565309 0 -0.7452802 -0.6667515 0 -0.6454365 -0.7638139 2.55559e-4 -0.663905 -0.7478169 -2.74599e-4 -0.7452802 -0.6667515 0 -0.8308269 -0.556531 0 -0.7452801 -0.6667515 0 -0.7239638 -0.6898379 0 -0.7250518 -0.6886942 3.03543e-4 -0.7452801 -0.6667515 -3.64175e-4 -0.8070585 -0.5904715 0 -0.8392133 -0.5438024 -6.37195e-5 -0.8574401 -0.5145838 -1.39009e-5 -0.8678737 -0.4967849 0 -0.781199 -0.6242821 5.33756e-5 -0.8119473 -0.5837307 -9.86338e-5 -0.8232105 -0.5677363 -1.57023e-4 -0.7452801 -0.6667515 0 -0.7452802 -0.6667515 0 -0.663905 -0.7478169 0 -0.663905 -0.7478169 0 -0.663905 -0.7478169 0 -0.663905 -0.7478169 0 -0.663905 -0.7478169 0 -0.5903871 -0.8071203 0 -0.590387 -0.8071203 0 -0.590387 -0.8071203 0 -0.5903871 -0.8071203 0 -0.5903871 -0.8071203 0 -0.590387 -0.8071203 0 -0.5903871 -0.8071203 0 -0.5255035 -0.8507915 0 -0.5255034 -0.8507915 0 -0.5255035 -0.8507915 0 -0.5255035 -0.8507915 0 -0.5255035 -0.8507915 0 -0.5255034 -0.8507915 0 -0.5255035 -0.8507915 0 -0.4686361 -0.8833913 0 -0.4686361 -0.8833913 0 -0.4686362 -0.8833913 0 -0.4686362 -0.8833913 0 -0.4686362 -0.8833913 0 -0.4686361 -0.8833913 0 -0.4686361 -0.8833913 0 -0.4187511 -0.908101 0 -0.4187511 -0.9081011 0 -0.4187511 -0.9081011 0 -0.4187511 -0.9081011 0 -0.4187511 -0.9081011 0 -0.4187511 -0.9081011 0 -0.4187511 -0.908101 0 -0.3748078 -0.9271025 0 -0.3748078 -0.9271026 0 -0.3748078 -0.9271026 0 -0.3748078 -0.9271026 0 -0.3748078 -0.9271026 0 -0.3748078 -0.9271025 0 -0.3748078 -0.9271025 0 -0.3358216 -0.9419257 0 -0.3358215 -0.9419257 0 -0.3358216 -0.9419257 0 -0.3358216 -0.9419257 0 -0.3358215 -0.9419257 0 -0.3358216 -0.9419257 0 -0.3009241 -0.9536481 0 -0.3009241 -0.9536481 0 -0.3009241 -0.9536481 0 -0.3009241 -0.9536481 0 -0.3009241 -0.9536481 0 -0.3009241 -0.9536481 0 -0.269447 -0.9630152 0 -0.269447 -0.9630152 0 -0.269447 -0.9630152 0 -0.269447 -0.9630152 0 -0.269447 -0.9630152 0 -0.269447 -0.9630152 0 -0.2407587 -0.970585 0 -0.2407587 -0.9705851 0 -0.2407587 -0.970585 0 -0.2407587 -0.970585 0 -0.2407587 -0.9705851 0 -0.2407587 -0.970585 0 -0.2144606 -0.9767327 0 -0.2144606 -0.9767327 0 -0.2144605 -0.9767327 0 -0.2144605 -0.9767327 0 -0.2144606 -0.9767327 0 -0.2144606 -0.9767327 0 -0.1900799 -0.9817686 0 -0.1900799 -0.9817686 0 -0.19008 -0.9817686 0 -0.19008 -0.9817686 0 -0.1900799 -0.9817686 0 -0.1900799 -0.9817686 0 -0.1673572 -0.9858964 0 -0.1673572 -0.9858964 0 -0.1673572 -0.9858964 0 -0.1673572 -0.9858964 0 -0.1673572 -0.9858964 0 -0.1673572 -0.9858964 0 -0.1459757 -0.9892882 0 -0.1459757 -0.9892882 0 -0.1459757 -0.9892882 0 -0.1459757 -0.9892882 0 -0.1459757 -0.9892882 0 -0.1459757 -0.9892882 0 -0.1257237 -0.9920653 0 -0.1257237 -0.9920653 0 -0.1257237 -0.9920653 0 -0.1257237 -0.9920653 0 -0.1257237 -0.9920653 0 -0.1257237 -0.9920653 0 -0.1064062 -0.9943227 0 -0.1064062 -0.9943228 0 -0.1064062 -0.9943228 0 -0.1064062 -0.9943228 0 -0.1064062 -0.9943228 0 -0.1064062 -0.9943227 0 -0.08782875 -0.9961356 0 -0.08782875 -0.9961355 0 -0.08782875 -0.9961356 0 -0.08782875 -0.9961356 0 -0.08782875 -0.9961355 0 -0.08782875 -0.9961356 0 -0.06986296 -0.9975566 0 -0.06986296 -0.9975566 0 -0.06986296 -0.9975566 0 0 0 -1 0 0 -1 0 0 -1 0 0 -1 0 0 -1 0 0 -1 0 0 -1 0 0 -1 0 0 -1 0 0 -1 0 0 -1 0 0 -1 0 0 -1 0 0 -1 0 0 -1 0 0 -1 0 0 -1 0 0 -1 0 0 -1 0 0 -1 0 0 -1 0.05236291 -0.9986281 4.72812e-7 0.06985729 -0.9975569 -6.25663e-7 0.06986635 -0.9975564 0 0.06987595 -0.9975557 0 0.06988197 -0.9975553 0 0.06989681 -0.9975543 0 0.06990647 -0.9975535 0 0.06991249 -0.9975532 0 0.06992167 -0.9975525 0 0.07006138 -0.9975427 8.91921e-6 0.06992167 -0.9975525 -6.65145e-7 0.05241596 -0.9986253 4.43187e-7 0.05241632 -0.9986253 4.69448e-7 0.06991249 -0.9975532 -6.29561e-7 0.08782941 -0.9961355 0 0.1064085 -0.9943225 0 0.1257284 -0.9920647 0 0.145973 -0.9892886 0 0.1673585 -0.9858961 0 0.1900799 -0.9817686 0 0.2144569 -0.9767334 0 0.2160024 -0.9763929 4.4814e-5 0.2144569 -0.9767335 -4.01946e-5 0.1913663 -0.9815187 3.93588e-5 0.1900799 -0.9817686 -3.44237e-5 0.1673584 -0.9858961 0 0.145973 -0.9892886 0 0.1257284 -0.9920647 0 0.1064085 -0.9943225 0 0.08782941 -0.9961355 0 0.08782941 -0.9961355 0 0.08782941 -0.9961355 0 0.1064085 -0.9943225 0 0.1257284 -0.9920647 0 0.1257284 -0.9920647 0 0.145973 -0.9892886 0 0.1673584 -0.9858961 0 0.1900799 -0.9817686 0 0.2144569 -0.9767335 0 0.2407608 -0.9705845 0 0.269439 -0.9630175 0 0.3009241 -0.9536481 0 0.3036978 -0.9527685 6.92179e-5 0.3009241 -0.9536481 -6.25353e-5 0.2717304 -0.9623734 6.0296e-5 0.269439 -0.9630175 -5.4391e-5 0.2407608 -0.9705844 0 0.2144569 -0.9767335 0 0.19008 -0.9817686 0 0.1673585 -0.9858961 0 0.145973 -0.9892886 0 0.1257284 -0.9920647 0 0.145973 -0.9892886 0 0.145973 -0.9892886 0 0.145973 -0.9892886 0 0.1673584 -0.9858961 0 0.1900799 -0.9817686 0 0.2144569 -0.9767335 0 0.2407608 -0.9705845 0 0.269439 -0.9630174 0 0.3009241 -0.9536481 0 0.3358168 -0.9419274 0 0.3391653 -0.9407268 7.89114e-5 0.3358168 -0.9419273 -7.15677e-5 0.1673584 -0.9858961 0 0.1900799 -0.9817686 0 0.2144569 -0.9767334 0 0.2407608 -0.9705845 0 0.269439 -0.9630174 0 0.3009241 -0.9536481 0 0.3358168 -0.9419273 0 0.3748287 -0.9270941 0 0.3788774 -0.9254468 8.92839e-5 0.3748287 -0.9270941 -8.24101e-5 0.1900799 -0.9817686 0 0.2144569 -0.9767335 0 0.2407608 -0.9705844 0 0.269439 -0.9630175 0 0.3009241 -0.9536481 0 0.3358168 -0.9419273 0 0.3748287 -0.9270941 0 0.4187507 -0.9081012 0 0.4237023 -0.9058015 1.02547e-4 0.4187507 -0.9081012 -9.5322e-5 0.2144569 -0.9767335 0 0.2407608 -0.9705845 0 0.269439 -0.9630174 0 0.3009241 -0.9536481 0 0.3358168 -0.9419273 0 0.3748288 -0.9270941 0 0.4187507 -0.9081012 0 0.468614 -0.883403 0 0.4746385 -0.8801808 1.17781e-4 0.468614 -0.8834031 -1.09144e-4 0.2407608 -0.9705845 0 0.269439 -0.9630175 0 0.3009241 -0.9536481 0 0.3358168 -0.9419273 0 0.3748288 -0.9270941 0 0.4187507 -0.9081012 0 0.468614 -0.8834031 0 0.5255022 -0.8507922 0 0.5328323 -0.8462209 1.35734e-4 0.5255022 -0.8507922 -1.2547e-4 0.269439 -0.9630175 0 0.3009241 -0.9536481 0 0.3358168 -0.9419274 0 0.3748287 -0.9270941 0 0.4187507 -0.9081012 0 0.468614 -0.8834031 0 0.5255022 -0.8507922 0 0.5904198 -0.8070963 0 0.5992352 -0.8005731 1.55508e-4 0.5904199 -0.8070963 -1.44427e-4 0.3009241 -0.9536481 0 0.3358168 -0.9419273 0 0.3748287 -0.9270941 0 0.4187507 -0.9081012 0 0.468614 -0.8834031 0 0.5255022 -0.8507923 0 0.5904199 -0.8070963 0 0.6639099 -0.7478125 0 0.6743913 -0.7383741 1.79116e-4 0.6639099 -0.7478126 -1.68081e-4 0.3358168 -0.9419273 0 0.3748287 -0.9270941 0 0.4187507 -0.9081012 0 0.468614 -0.8834031 0 0.5255022 -0.8507923 0 0.5904199 -0.8070963 0 0.6639099 -0.7478126 0 0.7452276 -0.6668102 0 0.7572255 -0.6531536 2.07594e-4 0.7452276 -0.6668102 -1.94343e-4 0.3748287 -0.9270941 0 0.4187507 -0.9081012 0 0.468614 -0.883403 0 0.5255022 -0.8507922 0 0.5904199 -0.8070963 0 0.6639099 -0.7478126 0 0.7452276 -0.6668102 0 0.8308269 -0.5565309 0 0.8809297 -0.4732414 -0.00232923 0.870854 -0.4915384 -0.001851201 0.8615376 -0.5076918 -0.001453161 0.8514126 -0.5244955 -0.001073777 0.8355419 -0.5494264 -5.73236e-4 0.8123794 -0.5831293 -1.20443e-4 0.7942412 -0.6076027 0 0.4187507 -0.9081012 0 0.468614 -0.8834031 0 0.5255022 -0.8507922 0 0.5904199 -0.8070963 0 0.6639099 -0.7478126 0 0.7452276 -0.6668102 0 0.8308269 -0.556531 0 0.8308269 -0.5565309 0 0.468614 -0.8834031 0 0.5255022 -0.8507922 0 0.5904198 -0.8070963 0 0.6639099 -0.7478126 0 0.7452276 -0.6668102 0 0.8308269 -0.5565309 0 0.7452276 -0.6668102 0 0.5255022 -0.8507922 0 0.5904199 -0.8070963 0 0.6639099 -0.7478125 0 0.7452276 -0.6668102 0 0.8308269 -0.5565309 0 0.7452276 -0.6668102 0 0.5904199 -0.8070963 0 0.6639099 -0.7478126 0 0.7452276 -0.6668102 0 0.8308269 -0.556531 0 0.7452276 -0.6668102 0 0.6639099 -0.7478126 0 0.7452276 -0.6668102 0 0.8308269 -0.5565309 0 0.8308269 -0.556531 0 0.7452276 -0.6668102 0 0.8308269 -0.556531 0 0.2426688 -0.9701092 5.25364e-5 0.2407608 -0.9705845 -4.77455e-5 0.2144569 -0.9767334 0 0.1900799 -0.9817686 0 0.1673585 -0.9858961 0 0.145973 -0.9892886 0 0.1257284 -0.9920647 0 0.1064085 -0.9943225 0 0.08782941 -0.9961355 0 0.1064085 -0.9943225 0 0.1683945 -0.9857197 3.31057e-5 0.1673584 -0.9858961 -2.86377e-5 0.145973 -0.9892886 0 0.1257284 -0.9920647 0 0.1064085 -0.9943225 0 0.08782941 -0.9961355 0 0.08782941 -0.9961355 0 0.1468039 -0.9891656 2.78326e-5 0.1459729 -0.9892885 -2.34464e-5 0.1257284 -0.9920647 0 0.1064085 -0.9943225 0 0.08782941 -0.9961355 0 0.08782941 -0.9961355 0 0.1263779 -0.9919822 2.25751e-5 0.1257284 -0.9920647 -1.87831e-5 0.1064085 -0.9943225 0 0.08782941 -0.9961355 0 0.08782941 -0.9961355 0 0.1068767 -0.9942723 1.74399e-5 0.1064085 -0.9943225 -1.3223e-5 0.08782941 -0.9961355 0 0.08782941 -0.9961355 0 0.08816152 -0.9961062 1.35431e-5 0.08782941 -0.9961355 -8.75192e-6 0.08782941 -0.9961355 0 0.05240297 -0.998626 0 0.05238312 -0.9986271 6.95247e-7 0.06990647 -0.9975535 -4.14455e-7 0.05237609 -0.9986274 0 0.05236327 -0.9986281 4.46571e-7 0.06986635 -0.9975564 -6.61644e-7 0.05239593 -0.9986264 6.94503e-7 0.06987595 -0.9975557 -4.12276e-7 0.0523867 -0.9986268 4.45013e-7 0.06989681 -0.9975543 -6.63571e-7 0.0523867 -0.9986268 0 0.06988197 -0.9975553 -1.02213e-6 0.1064085 -0.9943225 0 0.1064085 -0.9943225 0 0.1064085 -0.9943225 0 0.1064085 -0.9943225 0 0.1064085 -0.9943225 0 0.1064085 -0.9943225 0 0.1257284 -0.9920647 0 0.1257284 -0.9920647 0 0.1257284 -0.9920647 0 0.1257284 -0.9920647 0 0.1257284 -0.9920647 0 0.1257284 -0.9920647 0 0.145973 -0.9892886 0 0.145973 -0.9892886 0 0.145973 -0.9892886 0 0.145973 -0.9892886 0 0.145973 -0.9892886 0 0.1673584 -0.9858961 0 0.1673584 -0.9858961 0 0.1673584 -0.9858961 0 0.1673585 -0.9858961 0 0.1673584 -0.9858961 0 0.1673584 -0.9858961 0 0.1673584 -0.9858961 0 0.1900799 -0.9817686 0 0.1900799 -0.9817686 0 0.19008 -0.9817686 0 0.19008 -0.9817686 0 0.19008 -0.9817686 0 0.1900799 -0.9817686 0 0.1900799 -0.9817686 0 0.2144569 -0.9767334 0 0.2144569 -0.9767335 0 0.2144569 -0.9767335 0 0.2144569 -0.9767335 0 0.2144569 -0.9767335 0 0.2144569 -0.9767335 0 0.2407608 -0.9705844 0 0.2407608 -0.9705845 0 0.2407608 -0.9705845 0 0.2407608 -0.9705845 0 0.2407608 -0.9705845 0 0.2407608 -0.9705845 0 0.2407608 -0.9705844 0 0.269439 -0.9630174 0 0.269439 -0.9630175 0 0.269439 -0.9630174 0 0.269439 -0.9630174 0 0.269439 -0.9630175 0 0.269439 -0.9630174 0 0.269439 -0.9630174 0 0.3009241 -0.9536481 0 0.3009241 -0.9536481 0 0.3009241 -0.9536481 0 0.3009241 -0.9536481 0 0.3009241 -0.9536481 0 0.3009241 -0.9536481 0 0.3358168 -0.9419274 0 0.3358168 -0.9419273 0 0.3358168 -0.9419273 0 0.3358168 -0.9419273 0 0.3358168 -0.9419273 0 0.3358168 -0.9419274 0 0.3748287 -0.9270941 0 0.3748287 -0.9270941 0 0.3748288 -0.9270941 0 0.3748288 -0.9270941 0 0.3748287 -0.9270941 0 0.3748287 -0.9270941 0 0.4187507 -0.9081012 0 0.4187507 -0.9081012 0 0.4187507 -0.9081012 0 0.4187507 -0.9081012 0 0.4187507 -0.9081012 0 0.4187507 -0.9081012 0 0.468614 -0.883403 0 0.468614 -0.8834031 0 0.468614 -0.8834031 0 0.468614 -0.8834031 0 0.468614 -0.8834031 0 0.468614 -0.883403 0 0.5255022 -0.8507922 0 0.5255022 -0.8507922 0 0.5255022 -0.8507923 0 0.5255022 -0.8507923 0 0.5255022 -0.8507922 0 0.5255022 -0.8507922 0 0.5904198 -0.8070963 0 0.5904199 -0.8070963 0 0.5904199 -0.8070963 0 0.5904199 -0.8070963 0 0.5904199 -0.8070963 0 0.5904198 -0.8070963 0 0.6639099 -0.7478125 0 0.6639099 -0.7478126 0 0.6639099 -0.7478126 0 0.6639099 -0.7478126 0 0.6639099 -0.7478126 0 0.6639099 -0.7478125 0 0.7452276 -0.6668102 0 0.7452276 -0.6668102 0 0.7452276 -0.6668102 0 0.8307741 0.5566099 0 0.7452794 0.6667523 0 0.7452794 0.6667523 0 0.6639394 0.7477864 0 0.5903115 0.8071755 0 0.5255497 0.8507629 0 0.4685839 0.883419 0 0.4187507 0.9081012 0 0.3748881 0.9270701 0 0.3357928 0.9419358 0 0.3094082 0.9509294 1.51424e-4 0.3357928 0.9419359 -1.66629e-4 0.3442725 0.9388698 1.49382e-4 0.3748881 0.9270701 -1.63293e-4 0.4187507 0.9081012 0 0.4685839 0.883419 0 0.5255497 0.850763 0 0.5903115 0.8071756 0 0.6639394 0.7477864 0 0.7452793 0.6667523 0 0.6639394 0.7477864 0 0.6639394 0.7477864 0 0.6639394 0.7477864 0 0.5903115 0.8071756 0 0.5255497 0.850763 0 0.4685839 0.883419 0 0.4187507 0.9081012 0 0.3748881 0.9270701 0 0.3357928 0.9419359 0 0.300938 0.9536437 0 0.2779224 0.9606035 1.54819e-4 0.300938 0.9536437 -1.67825e-4 0.5903115 0.8071756 0 0.5255497 0.8507629 0 0.4685839 0.8834189 0 0.4187507 0.9081012 0 0.3748881 0.9270701 0 0.3357928 0.9419359 0 0.300938 0.9536437 0 0.2694479 0.9630149 0 0.2493271 0.9684193 1.56937e-4 0.2694479 0.963015 -1.66833e-4 0.5255497 0.8507629 0 0.4685839 0.883419 0 0.4187507 0.9081012 0 0.3748881 0.9270701 0 0.3357928 0.9419359 0 0.3009379 0.9536437 0 0.2694479 0.963015 0 0.2407242 0.9705936 0 0.2229744 0.9748243 1.53645e-4 0.2407242 0.9705936 -1.70375e-4 0.4685839 0.883419 0 0.4187507 0.9081012 0 0.3748881 0.92707 0 0.3357928 0.9419359 0 0.3009379 0.9536437 0 0.2694479 0.9630149 0 0.2407242 0.9705936 0 0.2144875 0.9767268 0 0.1986625 0.9800679 1.55881e-4 0.2144874 0.9767267 -1.68467e-4 0.4187507 0.9081012 0 0.3748881 0.9270701 0 0.3357928 0.9419358 0 0.300938 0.9536437 0 0.2694479 0.9630149 0 0.2407242 0.9705936 0 0.2144874 0.9767267 0 0.1901084 0.9817631 0 0.1759042 0.9844073 1.57513e-4 0.1901084 0.9817631 -1.66362e-4 0.3748881 0.9270701 0 0.3357928 0.9419359 0 0.300938 0.9536437 0 0.2694479 0.963015 0 0.2407242 0.9705936 0 0.2144874 0.9767267 0 0.1901084 0.9817631 0 0.1673149 0.9859035 0 0.1547385 0.9879555 1.54343e-4 0.1673149 0.9859036 -1.61963e-4 0.3357928 0.9419359 0 0.300938 0.9536437 0 0.2694479 0.9630149 0 0.2407242 0.9705936 0 0.2144874 0.9767267 0 0.1901084 0.9817631 0 0.1673149 0.9859036 0 0.1460155 0.9892823 0 0.1344507 0.9909203 1.54013e-4 0.1460155 0.9892823 -1.64343e-4 0.300938 0.9536437 0 0.2694479 0.963015 0 0.2407242 0.9705936 0 0.2144874 0.9767267 0 0.1901084 0.9817631 0 0.1673149 0.9859035 0 0.1460155 0.9892823 0 0.125683 0.9920704 0 0.1153146 0.9933291 1.51297e-4 0.125683 0.9920705 -1.58883e-4 0.2694479 0.963015 0 0.2407242 0.9705936 0 0.2144875 0.9767268 0 0.1901084 0.9817631 0 0.1673149 0.9859035 0 0.1460155 0.9892824 0 0.125683 0.9920705 0 0.1063905 0.9943245 0 0.09693032 0.9952911 1.47446e-4 0.1063905 0.9943245 -1.58077e-4 0.2407242 0.9705936 0 0.2144874 0.9767267 0 0.1901084 0.9817631 0 0.1673149 0.9859036 0 0.1460155 0.9892824 0 0.125683 0.9920704 0 0.1063905 0.9943245 0 0.0878247 0.996136 0 0.0791707 0.9968611 1.42412e-4 0.08782464 0.996136 -1.57422e-4 0.2144874 0.9767267 0 0.1901084 0.9817631 0 0.1673149 0.9859035 0 0.1460155 0.9892823 0 0.125683 0.9920704 0 0.1063905 0.9943245 0 0.08782464 0.996136 0 0.06992232 0.9975524 0 0.06654971 0.9977831 -3.58767e-5 0.06992232 0.9975525 -1.83904e-4 0.074741 0.997203 0 0.1901084 0.9817631 0 0.1673149 0.9859036 0 0.1460155 0.9892823 0 0.125683 0.9920705 0 0.1063905 0.9943245 0 0.0878247 0.996136 0 0.06992232 0.9975524 0 0.05234861 0.9986289 0 0.0462526 0.9989296 -4.57732e-4 0.05248272 0.9986219 -1.37929e-4 0.05937099 0.998236 2.38055e-5 0.1673149 0.9859036 0 0.1460155 0.9892823 0 0.125683 0.9920704 0 0.1063905 0.9943245 0 0.0878247 0.996136 0 0.06992232 0.9975524 0 0.05234861 0.9986289 0 0.05234861 0.9986289 0 0.1460155 0.9892823 0 0.125683 0.9920705 0 0.1063905 0.9943245 0 0.08782464 0.996136 0 0.06992232 0.9975524 0 0.05234861 0.9986289 0 0.06992232 0.9975524 0 0.125683 0.9920705 0 0.1063905 0.9943245 0 0.0878247 0.996136 0 0.06992232 0.9975524 0 0.05234861 0.9986289 0 0.06992232 0.9975524 0 0.1063905 0.9943245 0 0.08782464 0.996136 0 0.06992232 0.9975524 0 0.05234861 0.9986289 0 0.06992232 0.9975524 0 0.08782464 0.996136 0 0.06992232 0.9975524 0 0.05234861 0.9986289 0 0.05234861 0.9986289 0 0.06992232 0.9975524 0 0.05234861 0.9986289 0 0.3831447 0.9236883 1.39878e-4 0.4187507 0.9081012 -1.62733e-4 0.4685839 0.8834189 0 0.5255497 0.8507629 0 0.5903115 0.8071756 0 0.6639394 0.7477864 0 0.7452794 0.6667523 0 0.830774 0.5566099 0 0.7452793 0.6667523 0 0.4269782 0.9042619 1.3419e-4 0.4685839 0.883419 -1.54025e-4 0.5255497 0.850763 0 0.5903115 0.8071756 0 0.6639394 0.7477864 0 0.7452794 0.6667523 0 0.8307741 0.5566099 0 0.830774 0.5566099 0 0.4765193 0.879164 1.27236e-4 0.5255497 0.8507629 -1.42468e-4 0.5903115 0.8071755 0 0.6639394 0.7477864 0 0.7452794 0.6667523 0 0.830774 0.5566098 0 0.7452794 0.6667523 0 0.5327912 0.8462467 1.10313e-4 0.5903115 0.8071756 -1.32139e-4 0.6639394 0.7477864 0 0.7452794 0.6667523 0 0.830774 0.5566098 0 0.7452794 0.6667523 0 0.5969095 0.8023086 9.6503e-5 0.6639394 0.7477864 -1.09374e-4 0.7452793 0.6667523 0 0.8307741 0.5566099 0 0.7452794 0.6667523 0 0.6691666 0.7431125 7.3704e-5 0.7452793 0.6667523 -8.19148e-5 0.830774 0.5566099 0 0.7452793 0.6667523 0 0.7485683 0.6630577 3.86563e-5 0.8275451 0.5613992 -4.51649e-5 0.8319659 0.5548268 0 0.7452794 0.6667523 0 0.6639394 0.7477864 0 0.6639394 0.7477864 0 0.6639394 0.7477864 0 0.6639394 0.7477864 0 0.6639394 0.7477864 0 0.5903115 0.8071755 0 0.5903115 0.8071756 0 0.5903115 0.8071756 0 0.5903115 0.8071756 0 0.5903115 0.8071756 0 0.5903115 0.8071756 0 0.5903115 0.8071755 0 0.5255497 0.850763 0 0.5255497 0.8507629 0 0.5255497 0.850763 0 0.5255497 0.850763 0 0.5255497 0.850763 0 0.5255497 0.8507629 0 0.5255497 0.850763 0 0.4685839 0.8834189 0 0.4685839 0.883419 0 0.4685839 0.883419 0 0.4685839 0.883419 0 0.4685839 0.883419 0 0.4685839 0.883419 0 0.4685839 0.8834189 0 0.4187507 0.9081012 0 0.4187507 0.9081012 0 0.4187507 0.9081012 0 0.4187507 0.9081012 0 0.4187507 0.9081012 0 0.4187507 0.9081012 0 0.4187507 0.9081012 0 0.3748881 0.92707 0 0.3748881 0.9270701 0 0.3748881 0.9270701 0 0.3748881 0.9270701 0 0.3748881 0.9270701 0 0.3748881 0.92707 0 0.3748881 0.92707 0 0.3357928 0.9419358 0 0.3357928 0.9419359 0 0.3357928 0.9419359 0 0.3357928 0.9419359 0 0.3357928 0.9419359 0 0.3357928 0.9419358 0 0.300938 0.9536437 0 0.300938 0.9536437 0 0.3009379 0.9536437 0 0.3009379 0.9536437 0 0.300938 0.9536437 0 0.300938 0.9536437 0 0.2694479 0.9630149 0 0.2694479 0.963015 0 0.2694479 0.9630149 0 0.2694479 0.9630149 0 0.2694479 0.963015 0 0.2694479 0.9630149 0 0.2407242 0.9705936 0 0.2407242 0.9705936 0 0.2407242 0.9705936 0 0.2407242 0.9705936 0 0.2407242 0.9705936 0 0.2407242 0.9705936 0 0.2144875 0.9767268 0 0.2144874 0.9767267 0 0.2144874 0.9767267 0 0.2144874 0.9767267 0 0.2144874 0.9767267 0 0.2144875 0.9767268 0 0.1901084 0.9817631 0 0.1901084 0.9817631 0 0.1901084 0.9817631 0 0.1901084 0.9817631 0 0.1901084 0.9817631 0 0.1901084 0.9817631 0 0.1673149 0.9859035 0 0.1673149 0.9859036 0 0.1673149 0.9859035 0 0.1673149 0.9859035 0 0.1673149 0.9859036 0 0.1673149 0.9859035 0 0.1460155 0.9892823 0 0.1460155 0.9892823 0 0.1460155 0.9892824 0 0.1460155 0.9892824 0 0.1460155 0.9892823 0 0.1460155 0.9892823 0 0.125683 0.9920704 0 0.125683 0.9920705 0 0.125683 0.9920704 0 0.125683 0.9920704 0 0.125683 0.9920705 0 0.125683 0.9920704 0 0.1063905 0.9943245 0 0.1063905 0.9943245 0 0.1063905 0.9943245 0 0.1063905 0.9943245 0 0.1063905 0.9943245 0 0.1063905 0.9943245 0 0.0878247 0.996136 0 0.08782464 0.996136 0 0.0878247 0.996136 0 0.0878247 0.996136 0 0.08782464 0.996136 0 0.0878247 0.996136 0 0.06992232 0.9975524 0 0.06992232 0.9975524 0 0.06992232 0.9975524 0 0 0 -1 0 0 -1 0 0 -1 0 0 -1 0 0 -1 0 0 -1 0 0 -1 0 0 -1 0 0 -1 0 0 -1 0 0 -1 0 0 -1 0 0 -1 0 0 -1 0 0 -1 0 0 -1 0 0 -1 0 0 -1 0 0 -1 0 0 -1 0 0 -1 -0.05242735 0.9986248 0 -0.0698418 0.9975581 0 -0.0698418 0.9975581 0 -0.08782273 0.9961361 0 -0.1063913 0.9943243 0 -0.1257691 0.9920595 0 -0.1459293 0.9892951 0 -0.167402 0.9858887 0 -0.1900221 0.9817798 0 -0.2144783 0.9767287 0 -0.2367209 0.9715777 1.03593e-4 -0.2144783 0.9767288 -9.68238e-5 -0.2103644 0.9776231 1.06575e-4 -0.1900221 0.9817798 -1.00544e-4 -0.167402 0.9858887 0 -0.1459293 0.989295 0 -0.1257691 0.9920595 0 -0.1063913 0.9943243 0 -0.08782273 0.9961361 0 -0.0698418 0.9975581 0 -0.08782273 0.9961361 0 -0.08782273 0.9961361 0 -0.08782273 0.9961361 0 -0.1063913 0.9943243 0 -0.1257691 0.9920595 0 -0.1459293 0.989295 0 -0.167402 0.9858887 0 -0.1900221 0.9817798 0 -0.2144783 0.9767288 0 -0.2407327 0.9705914 0 -0.2653409 0.9641547 1.03198e-4 -0.2407327 0.9705915 -9.06619e-5 -0.1063913 0.9943243 0 -0.1257691 0.9920595 0 -0.1459293 0.989295 0 -0.167402 0.9858887 0 -0.1900221 0.9817798 0 -0.2144783 0.9767288 0 -0.2407327 0.9705915 0 -0.2694504 0.9630142 0 -0.2970087 0.9548748 9.64846e-5 -0.2694504 0.9630143 -9.0951e-5 -0.1257691 0.9920595 0 -0.1459293 0.989295 0 -0.167402 0.9858887 0 -0.1900221 0.9817798 0 -0.2144783 0.9767288 0 -0.2407327 0.9705914 0 -0.2694504 0.9630143 0 -0.300938 0.9536437 0 -0.3318144 0.9433447 9.44156e-5 -0.300938 0.9536437 -8.39851e-5 -0.1459293 0.989295 0 -0.167402 0.9858887 0 -0.1900221 0.9817798 0 -0.2144783 0.9767288 0 -0.2407327 0.9705914 0 -0.2694504 0.9630143 0 -0.300938 0.9536437 0 -0.3357928 0.9419358 0 -0.3710271 0.928622 8.72107e-5 -0.3357928 0.9419359 -8.26234e-5 -0.167402 0.9858887 0 -0.1900221 0.9817798 0 -0.2144783 0.9767287 0 -0.2407327 0.9705915 0 -0.2694504 0.9630143 0 -0.3009379 0.9536437 0 -0.3357928 0.9419359 0 -0.3748721 0.9270765 0 -0.4151432 0.9097561 8.03213e-5 -0.3748721 0.9270766 -7.81132e-5 -0.1900221 0.9817798 0 -0.2144783 0.9767288 0 -0.2407327 0.9705914 0 -0.2694504 0.9630143 0 -0.3009379 0.9536437 0 -0.3357928 0.9419359 0 -0.3748721 0.9270766 0 -0.4187648 0.9080948 0 -0.4652288 0.8851904 7.49452e-5 -0.4187648 0.9080947 -6.98617e-5 -0.2144783 0.9767288 0 -0.2407327 0.9705915 0 -0.2694504 0.9630142 0 -0.300938 0.9536437 0 -0.3357928 0.9419359 0 -0.3748721 0.9270766 0 -0.4187648 0.9080947 0 -0.4685617 0.8834307 0 -0.5224052 0.8526974 6.97659e-5 -0.4685618 0.8834307 -5.83446e-5 -0.2407327 0.9705915 0 -0.2694504 0.9630143 0 -0.300938 0.9536437 0 -0.3357928 0.9419359 0 -0.3748721 0.9270766 0 -0.4187648 0.9080947 0 -0.4685618 0.8834307 0 -0.5255562 0.8507589 0 -0.5879843 0.8088724 5.50331e-5 -0.5255562 0.8507589 -5.21395e-5 -0.2694504 0.9630143 0 -0.300938 0.9536437 0 -0.3357928 0.9419358 0 -0.3748721 0.9270766 0 -0.4187648 0.9080947 0 -0.4685618 0.8834308 0 -0.5255562 0.8507589 0 -0.5903343 0.8071588 0 -0.662082 0.7494314 4.6335e-5 -0.5903342 0.8071588 -3.36778e-5 -0.300938 0.9536437 0 -0.3357928 0.9419359 0 -0.3748721 0.9270765 0 -0.4187648 0.9080947 0 -0.4685618 0.8834308 0 -0.5255562 0.850759 0 -0.5903342 0.8071588 0 -0.6639394 0.7477864 0 -0.7446258 0.6674821 2.28387e-5 -0.6639394 0.7477864 -2.33478e-5 -0.3357928 0.9419359 0 -0.3748721 0.9270766 0 -0.4187648 0.9080948 0 -0.4685618 0.8834307 0 -0.5255562 0.850759 0 -0.5903342 0.8071589 0 -0.6639394 0.7477864 0 -0.7451778 0.6668657 0 -0.8003811 0.5994915 1.82292e-6 -0.7451779 0.6668658 1.69741e-6 -0.7452164 0.6668227 0 -0.3748721 0.9270766 0 -0.4187648 0.9080947 0 -0.4685617 0.8834307 0 -0.5255562 0.8507589 0 -0.5903342 0.8071589 0 -0.6639394 0.7477864 0 -0.7452728 0.6667597 0 -0.8308838 0.556446 -3.06461e-6 -0.8681341 0.4963266 -0.001743733 -0.8476804 0.5305066 -9.38373e-4 -0.8246487 0.565645 -3.2501e-4 -0.4187648 0.9080947 0 -0.4685618 0.8834307 0 -0.5255562 0.8507589 0 -0.5903342 0.8071588 0 -0.6639394 0.7477864 0 -0.7452342 0.6668028 0 -0.8306648 0.5567728 1.66359e-6 -0.7452342 0.6668028 1.49226e-6 -0.4685618 0.8834307 0 -0.5255562 0.8507589 0 -0.5903343 0.8071588 0 -0.6639394 0.7477864 0 -0.7451957 0.6668459 0 -0.8306648 0.5567728 1.66359e-6 -0.7451957 0.6668459 1.49218e-6 -0.5255562 0.8507589 0 -0.5903342 0.8071588 0 -0.6639394 0.7477864 0 -0.7452713 0.6667615 0 -0.8310298 0.5562278 -2.23125e-6 -0.7452712 0.6667614 -2.92538e-6 -0.5903342 0.8071588 0 -0.6639394 0.7477864 0 -0.7452713 0.6667614 0 -0.8307678 0.5566191 0 -0.8307679 0.5566191 0 -0.6639394 0.7477864 0 -0.7452327 0.6668046 0 -0.8306897 0.5567355 1.66364e-6 -0.7452327 0.6668045 1.49183e-6 -0.745289 0.6667416 -2.17946e-6 -0.8309061 0.5564126 -1.40036e-6 -0.830774 0.5566099 0 -0.1858886 0.9825708 1.07317e-4 -0.167402 0.9858887 -1.0317e-4 -0.1459293 0.989295 0 -0.1257691 0.9920595 0 -0.1063913 0.9943243 0 -0.08782273 0.9961361 0 -0.0698418 0.9975581 0 -0.05242735 0.9986248 0 -0.0698418 0.9975581 0 -0.1631613 0.9865994 1.12934e-4 -0.1459293 0.989295 -1.04455e-4 -0.1257691 0.9920595 0 -0.1063913 0.9943243 0 -0.08782273 0.9961361 0 -0.0698418 0.9975581 0 -0.05242735 0.9986248 0 -0.05242735 0.9986248 0 -0.1417867 0.9898972 1.0866e-4 -0.1257691 0.9920595 -1.13357e-4 -0.1063913 0.9943243 0 -0.08782273 0.9961361 0 -0.0698418 0.9975581 0 -0.05242735 0.9986248 0 -0.0698418 0.9975581 0 -0.1213616 0.9926084 1.147e-4 -0.1063913 0.9943243 -1.11485e-4 -0.08782273 0.9961361 0 -0.0698418 0.9975581 0 -0.05242735 0.9986248 0 -0.0698418 0.9975581 0 -0.1019685 0.9947876 1.17847e-4 -0.08782273 0.9961361 -1.13466e-4 -0.0698418 0.9975581 0 -0.05242735 0.9986248 0 -0.0698418 0.9975581 0 -0.08336079 0.9965194 1.1756e-4 -0.0698418 0.9975581 -1.20076e-4 -0.05542987 0.9984626 0 -0.04675436 0.9989064 0 -0.05366164 0.9985592 -4.23714e-5 -0.06517213 0.9978741 0 -0.0649544 0.9978883 1.31721e-4 -0.05300581 0.9985942 -1.22172e-4 -0.0698418 0.9975581 0 -0.0698418 0.9975581 0 -0.08782273 0.9961361 0 -0.08782273 0.9961361 0 -0.08782273 0.9961361 0 -0.08782273 0.9961361 0 -0.08782273 0.9961361 0 -0.1063913 0.9943243 0 -0.1063913 0.9943243 0 -0.1063913 0.9943243 0 -0.1063913 0.9943243 0 -0.1063913 0.9943243 0 -0.1063913 0.9943243 0 -0.1063913 0.9943243 0 -0.1257691 0.9920595 0 -0.1257691 0.9920595 0 -0.1257691 0.9920595 0 -0.1257691 0.9920595 0 -0.1257691 0.9920595 0 -0.1257691 0.9920595 0 -0.1257691 0.9920595 0 -0.1459293 0.989295 0 -0.1459293 0.989295 0 -0.1459293 0.9892951 0 -0.1459293 0.9892951 0 -0.1459293 0.9892951 0 -0.1459293 0.989295 0 -0.1459293 0.989295 0 -0.167402 0.9858887 0 -0.167402 0.9858887 0 -0.167402 0.9858887 0 -0.167402 0.9858887 0 -0.167402 0.9858887 0 -0.167402 0.9858887 0 -0.167402 0.9858887 0 -0.1900221 0.9817798 0 -0.1900221 0.9817798 0 -0.1900221 0.9817798 0 -0.1900221 0.9817798 0 -0.1900221 0.9817798 0 -0.1900221 0.9817798 0 -0.1900221 0.9817798 0 -0.2144783 0.9767287 0 -0.2144783 0.9767288 0 -0.2144783 0.9767288 0 -0.2144783 0.9767288 0 -0.2144783 0.9767288 0 -0.2144783 0.9767287 0 -0.2407327 0.9705914 0 -0.2407327 0.9705915 0 -0.2407327 0.9705914 0 -0.2407327 0.9705914 0 -0.2407327 0.9705915 0 -0.2407327 0.9705914 0 -0.2694504 0.9630142 0 -0.2694504 0.9630143 0 -0.2694504 0.9630143 0 -0.2694504 0.9630143 0 -0.2694504 0.9630143 0 -0.2694504 0.9630142 0 -0.300938 0.9536437 0 -0.300938 0.9536437 0 -0.3009379 0.9536437 0 -0.3009379 0.9536437 0 -0.300938 0.9536437 0 -0.300938 0.9536437 0 -0.3357928 0.9419358 0 -0.3357928 0.9419359 0 -0.3357928 0.9419359 0 -0.3357928 0.9419359 0 -0.3357928 0.9419359 0 -0.3357928 0.9419358 0 -0.3748721 0.9270765 0 -0.3748721 0.9270766 0 -0.3748721 0.9270766 0 -0.3748721 0.9270766 0 -0.3748721 0.9270766 0 -0.3748721 0.9270765 0 -0.4187648 0.9080948 0 -0.4187648 0.9080947 0 -0.4187648 0.9080947 0 -0.4187648 0.9080947 0 -0.4187648 0.9080947 0 -0.4187648 0.9080948 0 -0.4685617 0.8834307 0 -0.4685618 0.8834307 0 -0.4685618 0.8834308 0 -0.4685618 0.8834308 0 -0.4685618 0.8834307 0 -0.4685617 0.8834307 0 -0.5255562 0.8507589 0 -0.5255562 0.8507589 0 -0.5255562 0.850759 0 -0.5255562 0.850759 0 -0.5255562 0.8507589 0 -0.5255562 0.8507589 0 -0.5903343 0.8071588 0 -0.5903342 0.8071588 0 -0.5903342 0.8071589 0 -0.5903342 0.8071589 0 -0.5903342 0.8071588 0 -0.5903343 0.8071588 0 -0.6639394 0.7477864 0 -0.6639394 0.7477864 0 -0.6639394 0.7477864 0 -0.6639394 0.7477864 0 -0.6639394 0.7477864 0 -0.6639394 0.7477864 0 -0.7452713 0.6667615 0 -0.7452728 0.6667597 -3.67239e-6 1.04725e-4 0.9985135 -0.05450493 -1.02479e-4 0.9972624 -0.07394319 1.00913e-4 0.9965749 -0.08269447 -1.03842e-4 0.9947193 -0.1026326 0 0.9912135 -0.1322723 0 0.9866578 -0.1628079 0 0.9808778 -0.1946247 0 0.9737216 -0.2277413 -9.82414e-5 0.9715038 -0.237024 1.03919e-4 0.9737218 -0.2277413 -9.76554e-5 0.9790377 -0.2036794 1.01083e-4 0.9808778 -0.1946247 0 0.9866578 -0.162808 0 0.9912135 -0.1322723 0 0.9947193 -0.1026326 0 0.9972624 -0.07394319 0 0.9947193 -0.1026326 0 0.9947193 -0.1026326 1.01567e-4 0.9937709 -0.1114423 -1.03716e-4 0.9912134 -0.1322723 0 0.9866578 -0.1628079 0 0.9808778 -0.1946247 0 0.9737217 -0.2277413 0 0.9648796 -0.2626923 -1.01415e-4 0.9622223 -0.2722653 1.0492e-4 0.9648796 -0.2626922 1.01598e-4 0.9899987 -0.1410765 -1.03165e-4 0.9866577 -0.1628079 0 0.9808778 -0.1946247 0 0.9737217 -0.2277413 0 0.9648797 -0.2626923 0 0.9539954 -0.299821 -1.00988e-4 0.9509159 -0.3094493 1.03917e-4 0.9539954 -0.299821 1.03676e-4 0.9851488 -0.1717029 -1.02051e-4 0.9808778 -0.1946247 0 0.9737217 -0.2277413 0 0.9648797 -0.2626923 0 0.9539955 -0.299821 0 0.9406757 -0.3393071 -1.02878e-4 0.9369923 -0.3493499 1.07798e-4 0.9406757 -0.3393071 1.01076e-4 0.9790936 -0.2034103 -1.06098e-4 0.9737216 -0.2277413 0 0.9648797 -0.2626923 0 0.9539955 -0.299821 0 0.9406757 -0.3393071 0 0.924269 -0.3817419 -1.06583e-4 0.9198874 -0.3921824 1.09061e-4 0.924269 -0.381742 1.0009e-4 0.9715741 -0.2367359 -1.08865e-4 0.9648797 -0.2626922 0 0.9539955 -0.299821 0 0.9406757 -0.3393071 0 0.9242689 -0.3817419 0 0.9039569 -0.4276236 -1.08856e-4 0.8987855 -0.4383886 1.10075e-4 0.9039569 -0.4276235 1.00902e-4 0.9623129 -0.2719445 -1.10527e-4 0.9539955 -0.299821 0 0.9406757 -0.3393071 0 0.924269 -0.381742 0 0.903957 -0.4276236 0 0.8786998 -0.4773746 -1.08714e-4 0.8725885 -0.488456 1.1358e-4 0.8786999 -0.4773747 1.03416e-4 0.9509372 -0.3093841 -1.09774e-4 0.9406757 -0.3393071 0 0.924269 -0.3817419 0 0.903957 -0.4276236 0 0.8786998 -0.4773747 0 0.8473084 -0.5311012 -1.12786e-4 0.839897 -0.5427458 1.18503e-4 0.8473084 -0.5311012 1.06281e-4 0.9370811 -0.3491117 -1.11445e-4 0.924269 -0.381742 0 0.9039569 -0.4276235 0 0.8786998 -0.4773747 0 0.8473084 -0.5311012 0 0.807807 -0.589447 -1.16123e-4 0.7989551 -0.6013907 1.20555e-4 0.807807 -0.589447 1.09432e-4 0.9199955 -0.3919291 -1.13287e-4 0.9039569 -0.4276236 0 0.8786998 -0.4773747 0 0.8473084 -0.5311012 0 0.807807 -0.589447 0 0.7580057 -0.652248 -1.18473e-4 0.747416 -0.6643564 1.24141e-4 0.7580057 -0.652248 1.13436e-4 0.8988533 -0.4382495 -1.14698e-4 0.8786998 -0.4773746 0 0.8473085 -0.5311012 0 0.807807 -0.589447 0 0.7580057 -0.652248 0 0.6951003 -0.7189128 -1.20663e-4 0.6824268 -0.730954 1.28711e-4 0.6951003 -0.7189128 1.11946e-4 0.8727589 -0.4881516 -1.22127e-4 0.8473084 -0.5311012 0 0.807807 -0.5894471 0 0.7580057 -0.652248 0 0.6951003 -0.7189128 0 0.6160013 -0.7877452 -1.24978e-4 0.6008576 -0.7993561 1.32664e-4 0.6160013 -0.7877452 1.15878e-4 0.8400319 -0.5425371 -1.24271e-4 0.807807 -0.589447 0 0.7580057 -0.652248 0 0.6951003 -0.7189128 0 0.6160013 -0.7877452 0 0.5176234 -0.8556085 -1.25837e-4 0.5002402 -0.8658867 1.33133e-4 0.5176234 -0.8556086 1.19735e-4 0.7990935 -0.6012068 -1.27683e-4 0.7580057 -0.6522479 0 0.6951003 -0.7189128 0 0.6160013 -0.7877452 0 0.5176234 -0.8556085 0 0.3980622 -0.9173584 -1.27381e-4 0.3783897 -0.9256464 1.34904e-4 0.3980622 -0.9173584 1.22307e-4 0.7475808 -0.6641709 -1.32555e-4 0.6951003 -0.7189128 0 0.6160013 -0.7877452 0 0.5176234 -0.8556085 0 0.3980622 -0.9173584 0 0.2578284 -0.9661907 -1.25342e-4 0.2368743 -0.9715403 1.32547e-4 0.2578284 -0.9661908 1.26768e-4 0.6825008 -0.7308849 -1.34563e-4 0.6160013 -0.7877452 0 0.5176234 -0.8556085 0 0.3980622 -0.9173584 0 0.2578284 -0.9661908 0 0.1016882 -0.9948164 -1.19513e-4 0.08079677 -0.9967306 1.27834e-4 0.1016882 -0.9948163 1.29285e-4 0.6011648 -0.799125 -1.37789e-4 0.5176234 -0.8556085 0 0.3980622 -0.9173585 0 0.2578284 -0.9661907 0 0.1016882 -0.9948164 0 0.01041156 -0.9999458 0 0.1016882 -0.9948164 1.30184e-4 0.5004099 -0.8657885 -1.39972e-4 0.3980622 -0.9173584 0 0.2578284 -0.9661908 0 0.1016882 -0.9948164 0 0.01041156 -0.9999459 0 0.1016882 -0.9948164 1.31888e-4 0.3785328 -0.9255878 -1.37744e-4 0.2578284 -0.9661908 0 0.1016882 -0.9948164 0 0.01041156 -0.9999458 0 0.01041156 -0.9999458 1.30552e-4 0.2369408 -0.971524 -1.32939e-4 0.1016882 -0.9948163 0 0.01041156 -0.9999458 0 0.1016882 -0.9948164 1.24651e-4 0.08082681 -0.9967281 -1.00501e-4 0.9851295 -0.1718134 9.81379e-5 0.9866578 -0.1628079 0 0.9912135 -0.1322723 0 0.9947193 -0.1026326 0 0.9972625 -0.07394319 0 0.9989659 -0.0454638 3.94005e-5 0.9994734 -0.03245013 9.44831e-4 0.9993463 -0.03614163 -4.56183e-4 0.9988352 -0.04825192 0.001087367 0.9981621 -0.06059038 0.00109601 0.9981637 -0.06056445 -5.56584e-4 0.9970529 -0.07671421 0.003894686 0.9963763 -0.08496427 -1.00494e-4 0.9899504 -0.1414147 1.01604e-4 0.9912134 -0.1322723 0 0.9947193 -0.1026326 0 0.9972624 -0.07394319 0 0.9989659 -0.0454638 0 0.9998487 -0.01739323 3.97621e-5 0.9999278 -0.01201379 -8.57715e-5 0.9998487 -0.01739323 -9.88835e-5 0.993749 -0.1116372 9.99708e-5 0.9947193 -0.1026326 0 0.9972624 -0.07394319 0 0.9989659 -0.0454638 0 0.9998487 -0.01739323 0 0.999998 -0.001971662 0 0.9998487 -0.01739323 -9.90256e-5 0.9965503 -0.08299124 9.99907e-5 0.9972625 -0.07394319 0 0.9989659 -0.0454638 0 0.9998487 -0.01739323 0 0.999998 -0.001971662 0 0.9998487 -0.01739323 -1.01614e-4 0.9984983 -0.05478274 1.01899e-4 0.998966 -0.04546386 0 0.9998487 -0.01739323 0 0.999998 -0.001971662 0 0.9999981 -0.001971662 0.00100094 0.9987857 -0.04925566 -0.00386101 0.9982846 -0.05841904 -0.001589179 0.9993889 -0.03491812 -4.36677e-5 0.9994849 -0.03209412 9.25856e-5 0.9998487 -0.01739323 0 0.999998 -0.001971662 0 0.9998487 -0.01739323 -3.79656e-5 0.9999332 -0.01156002 -1.04073e-4 0.998966 -0.0454638 0 0.9989659 -0.0454638 0 0.9989659 -0.0454638 0 0.9972624 -0.07394319 0 0.9989659 -0.0454638 0 0.9972625 -0.07394319 0 0.9989659 -0.0454638 0 0.9972624 -0.07394319 0 0.9972624 -0.07394319 0 0.9998487 -0.01739323 0 0.9947193 -0.1026326 0 0.9947193 -0.1026326 0 0.9947193 -0.1026326 0 0.9912135 -0.1322723 0 0.9912135 -0.1322723 0 0.9912135 -0.1322723 0 0.9912135 -0.1322723 0 0.9912135 -0.1322723 0 0.9866578 -0.1628079 0 0.9866578 -0.1628079 0 0.9866578 -0.1628079 0 0.9866578 -0.1628079 0 0.9866578 -0.162808 0 0.9808778 -0.1946247 0 0.9808778 -0.1946247 0 0.9808778 -0.1946247 0 0.9808778 -0.1946247 0 0.9808778 -0.1946247 0 0.9737217 -0.2277413 0 0.9737217 -0.2277413 0 0.9737217 -0.2277413 0 0.9737216 -0.2277413 0 0.9648797 -0.2626923 0 0.9648797 -0.2626923 0 0.9648797 -0.2626923 0 0.9648796 -0.2626923 0 0.9539955 -0.299821 0 0.9539955 -0.299821 0 0.9539955 -0.299821 0 0.9539954 -0.299821 0 0.9406757 -0.3393071 0 0.9406757 -0.3393071 0 0.9406757 -0.3393071 0 0.9406757 -0.3393071 0 0.924269 -0.3817419 0 0.924269 -0.381742 0 0.9242689 -0.3817419 0 0.924269 -0.3817419 0 0.9039569 -0.4276235 0 0.903957 -0.4276236 0 0.903957 -0.4276236 0 0.9039569 -0.4276236 0 0.8786998 -0.4773747 0 0.8786998 -0.4773747 0 0.8786998 -0.4773747 0 0.8786998 -0.4773746 0 0.8473085 -0.5311012 0 0.8473084 -0.5311012 0 0.8473084 -0.5311012 0 0.8473084 -0.5311012 0 0.807807 -0.5894471 0 0.807807 -0.589447 0 0.807807 -0.589447 0 0.807807 -0.589447 0 0.7580057 -0.652248 0 0.7580057 -0.652248 0 0.7580057 -0.652248 0 0.7580057 -0.652248 0 0.6951003 -0.7189128 0 0.6951003 -0.7189128 0 0.6951003 -0.7189128 0 0.6951003 -0.7189128 0 0.6160013 -0.7877452 0 0.6160013 -0.7877452 0 0.6160013 -0.7877452 0 0.6160013 -0.7877452 0 0.5176234 -0.8556085 0 0.5176234 -0.8556085 0 0.5176234 -0.8556085 0 0.5176234 -0.8556085 0 0.3980622 -0.9173585 0 0.3980622 -0.9173584 0 0.3980622 -0.9173584 0 0.3980622 -0.9173584 0 0.2578284 -0.9661908 0 0.2578284 -0.9661907 0 0.2578284 -0.9661908 0 0.2578284 -0.9661907 0 0.1016882 -0.9948164 1 0 0 1 0 0 1 0 0 1 0 0 1 0 0 0 1 0 0 1 0 -1 0 0 -1 0 0 -1 0 0 -1 0 0 -0.990114 8.8744e-4 -0.1402618 -0.9870072 -0.001018702 -0.1606734 -0.9723565 9.7061e-4 -0.2334993 -0.9667204 -0.00109589 -0.2558331 -0.9381586 0 -0.346206 -0.9025699 0 -0.4305433 -0.8613587 0 -0.5079973 -0.815805 0 -0.5783271 -0.7672397 0 -0.6413605 -0.7166639 0 -0.6974188 -0.6649599 0 -0.7468791 -0.6128576 0 -0.7901934 -0.5607536 0 -0.8279827 -0.509036 0 -0.8607452 -0.45797 0 -0.8889677 -0.4075834 0 -0.913168 -0.3880766 -9.80937e-4 -0.9216266 -0.4075831 0.001067399 -0.9131675 -0.4365617 -0.001025557 -0.8996737 -0.4579697 0.001114487 -0.8889672 -0.5090361 0 -0.8607452 -0.5607536 0 -0.8279827 -0.6128576 0 -0.7901934 -0.6649599 0 -0.7468791 -0.7166638 0 -0.6974188 -0.7672398 0 -0.6413605 -0.815805 0 -0.5783271 -0.8613587 0 -0.5079973 -0.90257 0 -0.4305433 -0.9381585 0 -0.346206 -0.9667209 0 -0.2558333 -0.9870076 0 -0.1606736 -0.9667209 0 -0.2558333 -0.9667209 0 -0.2558333 -0.9465757 0.00104171 -0.32248 -0.9381579 -0.001159489 -0.3462057 -0.90257 0 -0.4305433 -0.8613587 0 -0.5079973 -0.815805 0 -0.5783271 -0.7672398 0 -0.6413605 -0.7166638 0 -0.6974188 -0.6649598 0 -0.7468791 -0.6128576 0 -0.7901934 -0.5607537 0 -0.8279827 -0.5090361 0 -0.8607452 -0.45797 0 -0.8889676 -0.4075834 0 -0.913168 -0.3579978 0 -0.9337224 -0.3403663 -9.27187e-4 -0.9402925 -0.3579976 0.001016616 -0.933722 -0.913831 0.001094162 -0.4060932 -0.9025692 -0.001204609 -0.4305429 -0.8613587 0 -0.5079973 -0.815805 0 -0.5783271 -0.7672397 0 -0.6413605 -0.7166638 0 -0.6974188 -0.6649599 0 -0.7468791 -0.6128576 0 -0.7901934 -0.5607536 0 -0.8279827 -0.509036 0 -0.8607452 -0.45797 0 -0.8889677 -0.4075834 0 -0.913168 -0.3579978 0 -0.9337224 -0.3092135 0 -0.9509927 -0.2933333 -8.70911e-4 -0.9560098 -0.3092133 9.65775e-4 -0.9509922 -0.8753762 0.001132369 -0.483441 -0.861358 -0.001228809 -0.5079969 -0.8158051 0 -0.5783271 -0.7672396 0 -0.6413605 -0.7166638 0 -0.6974188 -0.6649599 0 -0.7468792 -0.6128575 0 -0.7901934 -0.5607537 0 -0.8279828 -0.5090361 0 -0.8607452 -0.45797 0 -0.8889676 -0.4075834 0 -0.913168 -0.3579977 0 -0.9337224 -0.3092135 0 -0.9509927 -0.2611263 0 -0.9653046 -0.2469685 -8.08623e-4 -0.9690232 -0.2611263 9.06996e-4 -0.9653042 -0.8324809 0.001163005 -0.5540524 -0.8158044 -0.001242578 -0.5783266 -0.7672397 0 -0.6413605 -0.7166638 0 -0.6974188 -0.6649599 0 -0.7468791 -0.6128575 0 -0.7901934 -0.5607537 0 -0.8279827 -0.509036 0 -0.8607452 -0.45797 0 -0.8889677 -0.4075834 0 -0.913168 -0.3579978 0 -0.9337224 -0.3092135 0 -0.9509926 -0.2611263 0 -0.9653046 -0.2137442 0 -0.9768896 -0.2012197 -7.45278e-4 -0.9795459 -0.2137442 8.4248e-4 -0.9768893 -0.786331 0.001171708 -0.6178043 -0.7672391 -0.001249074 -0.6413601 -0.7166638 0 -0.6974188 -0.6649599 0 -0.7468792 -0.6128576 0 -0.7901934 -0.5607537 0 -0.8279827 -0.5090361 0 -0.8607452 -0.45797 0 -0.8889676 -0.4075834 0 -0.913168 -0.3579977 0 -0.9337224 -0.3092135 0 -0.9509927 -0.2611263 0 -0.9653047 -0.2137442 0 -0.9768896 -0.1668773 0 -0.9859777 -0.1559531 -6.73951e-4 -0.9877642 -0.1668773 7.72582e-4 -0.9859774 -0.7378962 0.001171052 -0.6749131 -0.7166633 -0.001239895 -0.6974182 -0.6649599 0 -0.7468791 -0.6128575 0 -0.7901934 -0.5607537 0 -0.8279827 -0.509036 0 -0.8607452 -0.45797 0 -0.8889676 -0.4075834 0 -0.913168 -0.3579978 0 -0.9337224 -0.3092135 0 -0.9509926 -0.2611263 0 -0.9653046 -0.2137442 0 -0.9768897 -0.1668773 0 -0.9859777 -0.1205014 0 -0.9927132 -0.1111279 -5.9601e-4 -0.993806 -0.1205013 6.98082e-4 -0.9927129 -0.6881355 0.001159846 -0.7255814 -0.6649594 -0.001227617 -0.7468786 -0.6128575 0 -0.7901934 -0.5607536 0 -0.8279827 -0.5090361 0 -0.8607452 -0.45797 0 -0.8889677 -0.4075834 0 -0.913168 -0.3579977 0 -0.9337224 -0.3092135 0 -0.9509927 -0.2611263 0 -0.9653047 -0.2137442 0 -0.9768896 -0.1668773 0 -0.9859777 -0.1205014 0 -0.9927132 -0.07445526 0 -0.9972243 -0.06653726 -5.16719e-4 -0.9977838 -0.07445526 6.21048e-4 -0.9972242 -0.6376372 0.001137912 -0.770336 -0.6128571 -0.001199305 -0.7901928 -0.5607537 0 -0.8279827 -0.5090361 0 -0.8607452 -0.45797 0 -0.8889677 -0.4075834 0 -0.913168 -0.3579978 0 -0.9337225 -0.3092135 0 -0.9509927 -0.2611263 0 -0.9653046 -0.2137442 0 -0.9768897 -0.1668773 0 -0.9859777 -0.1205014 0 -0.9927132 -0.07445526 0 -0.9972243 -0.02858728 0 -0.9995913 -0.02216273 -4.2591e-4 -0.9997543 -0.02858728 5.33135e-4 -0.9995911 -0.587049 0.001115202 -0.8095507 -0.5607532 -0.001168549 -0.8279821 -0.5090361 0 -0.8607452 -0.45797 0 -0.8889676 -0.4075834 0 -0.913168 -0.3579978 0 -0.9337225 -0.3092135 0 -0.9509927 -0.2611264 0 -0.9653046 -0.2137442 0 -0.9768896 -0.1668773 0 -0.9859777 -0.1205014 0 -0.9927132 -0.07445526 0 -0.9972243 -0.02858728 0 -0.9995913 -0.002913296 0 -0.9999958 -0.02858728 0 -0.9995913 -0.536635 0.001081705 -0.8438137 -0.5090357 -0.001132607 -0.8607446 -0.45797 0 -0.8889676 -0.4075834 0 -0.9131681 -0.3579978 0 -0.9337225 -0.3092135 0 -0.9509927 -0.2611264 0 -0.9653046 -0.2137443 0 -0.9768897 -0.1668773 0 -0.9859777 -0.1205014 0 -0.9927132 -0.07445526 0 -0.9972243 -0.02858728 0 -0.9995913 -0.002913296 0 -0.9999958 -0.02858728 0 -0.9995913 -0.4866818 0.001043319 -0.8735786 -0.4579697 -0.001086413 -0.8889672 -0.4075834 0 -0.913168 -0.3579977 0 -0.9337224 -0.3092135 0 -0.9509927 -0.2611263 0 -0.9653046 -0.2137442 0 -0.9768897 -0.1668773 0 -0.9859777 -0.1205014 0 -0.9927132 -0.07445526 0 -0.9972243 -0.02858728 0 -0.9995913 -0.002913296 0 -0.9999958 -0.02858728 0 -0.9995913 -0.4374271 0.001003026 -0.8992534 -0.4075831 -0.001041531 -0.9131675 -0.3579978 0 -0.9337225 -0.3092135 0 -0.9509927 -0.2611264 0 -0.9653046 -0.2137442 0 -0.9768897 -0.1668773 0 -0.9859777 -0.1205014 0 -0.9927132 -0.07445526 0 -0.9972243 -0.02858728 0 -0.9995913 -0.002913296 0 -0.9999958 -0.002913296 0 -0.9999958 -0.3888116 9.55054e-4 -0.9213168 -0.3579976 -9.88821e-4 -0.933722 -0.3092135 0 -0.9509927 -0.2611263 0 -0.9653046 -0.2137443 0 -0.9768897 -0.1668773 0 -0.9859777 -0.1205014 0 -0.9927132 -0.07445526 0 -0.9972243 -0.02858728 0 -0.9995913 -0.002913296 0 -0.9999958 -0.02858728 0 -0.9995913 -0.3409875 9.03103e-4 -0.9400674 -0.3092133 -9.34229e-4 -0.9509922 -0.2611264 0 -0.9653046 -0.2137442 0 -0.9768896 -0.1668773 0 -0.9859776 -0.1205014 0 -0.9927132 -0.07445526 0 -0.9972243 -0.02858728 0 -0.9995913 -0.002913296 0 -0.9999958 -0.02858728 0 -0.9995913 -0.2938844 8.47772e-4 -0.9558406 -0.2611263 -8.76654e-4 -0.9653043 -0.2137442 0 -0.9768897 -0.1668773 0 -0.9859777 -0.1205014 0 -0.9927132 -0.07445526 0 -0.9972243 -0.02858728 0 -0.9995913 -0.002913296 0 -0.9999958 -0.02858728 0 -0.9995913 -0.2474255 7.8651e-4 -0.9689066 -0.2137442 -8.13624e-4 -0.9768893 -0.1668773 0 -0.9859777 -0.1205014 0 -0.9927132 -0.07445526 0 -0.9972243 -0.02858728 0 -0.9995913 -0.002913296 0 -0.9999958 -0.02858728 0 -0.9995913 -0.201586 7.2574e-4 -0.9794706 -0.1668773 -7.45702e-4 -0.9859774 -0.1205014 0 -0.9927132 -0.07445526 0 -0.9972244 -0.02858728 0 -0.9995913 -0.002913296 0 -0.9999958 -0.02858728 0 -0.9995913 -0.1562562 6.54891e-4 -0.9877163 -0.1205013 -6.77667e-4 -0.9927129 -0.07445526 0 -0.9972243 -0.02858728 0 -0.9995913 -0.002913296 0 -0.9999958 -0.002913296 0 -0.9999958 -0.1113064 5.83305e-4 -0.993786 -0.07445526 -6.00952e-4 -0.9972242 -0.02858728 0 -0.9995913 -0.002913296 0 -0.9999958 -0.02858728 0 -0.9995913 -0.06667041 5.0753e-4 -0.9977749 -0.02858728 -5.20259e-4 -0.9995911 -0.002913296 0 -0.9999958 -0.02858728 0 -0.9995913 -0.02220857 4.21241e-4 -0.9997532 -0.4857727 -0.001062273 -0.8740845 -0.5090358 0.001152098 -0.8607447 -0.5607536 0 -0.8279827 -0.6128576 0 -0.7901934 -0.6649599 0 -0.7468791 -0.7166638 0 -0.6974188 -0.7672397 0 -0.6413605 -0.815805 0 -0.578327 -0.8613587 0 -0.5079973 -0.90257 0 -0.4305433 -0.9381585 0 -0.346206 -0.9667209 0 -0.2558332 -0.9870077 0 -0.1606736 -0.9980613 0 -0.06223958 -0.9990693 5.18219e-4 -0.04312896 -0.9980608 -0.001076817 -0.06223952 -0.9961707 -3.38709e-4 -0.0874288 -0.9934843 0.003622353 -0.1139116 -0.9913342 0.02583748 -0.1287982 -0.9874188 -0.004333853 -0.1580673 -0.9807663 0.00595963 -0.1950947 -0.9745978 0.07247686 -0.2119106 -0.5355877 -0.001098871 -0.8444789 -0.5607532 0.001184225 -0.8279821 -0.6128576 0 -0.7901934 -0.6649599 0 -0.7468791 -0.7166638 0 -0.6974188 -0.7672398 0 -0.6413605 -0.815805 0 -0.5783271 -0.8613587 0 -0.5079973 -0.90257 0 -0.4305433 -0.9381586 0 -0.346206 -0.9667209 0 -0.2558333 -0.9870077 0 -0.1606736 -0.9980613 0 -0.06223958 -0.9999803 0 -0.006273388 -0.9980613 0 -0.06223958 -0.5858895 -0.00112456 -0.8103901 -0.6128571 0.001212298 -0.7901928 -0.6649599 0 -0.7468791 -0.7166638 0 -0.6974188 -0.7672397 0 -0.6413605 -0.815805 0 -0.578327 -0.8613587 0 -0.5079973 -0.9025699 0 -0.4305433 -0.9381585 0 -0.346206 -0.9667209 0 -0.2558333 -0.9870076 0 -0.1606736 -0.9980612 0 -0.06223958 -0.9999803 0 -0.006273388 -0.9980613 0 -0.06223958 -0.6364271 -0.001140534 -0.7713361 -0.6649594 0.001228988 -0.7468786 -0.7166638 0 -0.6974188 -0.7672398 0 -0.6413605 -0.815805 0 -0.5783271 -0.8613587 0 -0.5079973 -0.9025699 0 -0.4305432 -0.9381586 0 -0.346206 -0.966721 0 -0.2558333 -0.9870076 0 -0.1606736 -0.9980612 0 -0.06223958 -0.9999803 0 -0.006273388 -0.9980612 0 -0.06223958 -0.6868039 -0.001154184 -0.7268419 -0.7166633 0.001235127 -0.6974182 -0.7672398 0 -0.6413605 -0.815805 0 -0.578327 -0.8613587 0 -0.5079973 -0.9025699 0 -0.4305433 -0.9381586 0 -0.346206 -0.9667209 0 -0.2558333 -0.9870076 0 -0.1606736 -0.9980613 0 -0.06223958 -0.9999803 0 -0.006273388 -0.9999803 0 -0.006273388 -0.7365232 -0.001154065 -0.6764113 -0.7672391 0.001232385 -0.64136 -0.815805 0 -0.578327 -0.8613587 0 -0.5079973 -0.9025699 0 -0.4305432 -0.9381586 0 -0.346206 -0.9667209 0 -0.2558333 -0.9870076 0 -0.1606736 -0.9980612 0 -0.06223958 -0.9999803 0 -0.006273388 -0.9980613 0 -0.06223958 -0.78491 -0.001142203 -0.6196089 -0.8158044 0.001214742 -0.5783266 -0.8613587 0 -0.5079973 -0.9025699 0 -0.4305433 -0.9381586 0 -0.346206 -0.9667209 0 -0.2558333 -0.9870076 0 -0.1606736 -0.9980612 0 -0.06223958 -0.9999803 0 -0.006273388 -0.9980612 0 -0.06223958 -0.8310644 -0.001118361 -0.5561751 -0.8613581 0.001186788 -0.5079969 -0.9025699 0 -0.4305433 -0.9381586 0 -0.346206 -0.9667209 0 -0.2558333 -0.9870076 0 -0.1606736 -0.9980612 0 -0.06223958 -0.9999803 0 -0.006273388 -0.9980612 0 -0.06223958 -0.8740146 -0.001072466 -0.4858986 -0.9025694 0.001144945 -0.430543 -0.9381586 0 -0.346206 -0.9667209 0 -0.2558333 -0.9870076 0 -0.1606736 -0.9980612 0 -0.06223958 -0.9999803 0 -0.006273388 -0.9980612 0 -0.06223958 -0.9125804 -0.001019835 -0.408896 -0.938158 0.001077473 -0.3462057 -0.9667209 0 -0.2558333 -0.9870076 0 -0.1606736 -0.9980612 0 -0.06223958 -0.9999803 0 -0.006273388 -0.9980612 0 -0.06223958 -0.9454727 -9.46751e-4 -0.3256998 -0.9667205 9.96664e-4 -0.2558332 -0.9870076 0 -0.1606736 -0.9980612 0 -0.06223958 -0.9999803 0 -0.006273388 -0.9980612 0 -0.06223958 -0.9715054 -8.56193e-4 -0.2370159 -0.9870072 8.95255e-4 -0.1606735 -0.9980612 0 -0.06223958 -0.9999803 0 -0.006273388 -0.9999803 0 -0.006273388 -0.9895616 -7.51051e-4 -0.1441085 -0.998061 7.74555e-4 -0.06223952 -0.9999803 0 -0.006273388 -0.9980612 0 -0.06223958 -0.9939459 2.98223e-4 -0.1098698 -0.9910412 -0.01191192 -0.1330241 -0.9889658 -0.02704203 -0.1456549 -0.9849641 0.002169549 -0.1727457 -0.9759602 -0.002174079 -0.217938 -0.9681816 -0.07389158 -0.2390909 -0.9988044 -8.44311e-4 -0.04887861 -0.9988114 -5.97113e-4 -0.04873907 -0.9870076 0 -0.1606736 -0.9870077 0 -0.1606736 -0.9870077 0 -0.1606736 -0.9980612 0 -0.06223958 -0.9870076 0 -0.1606736 -0.9870076 0 -0.1606736 -0.9870076 0 -0.1606736 -0.9870076 0 -0.1606736 -0.9870076 0 -0.1606736 -0.9870076 0 -0.1606736 -0.9870076 0 -0.1606736 -0.9980612 0 -0.06223958 -0.9870076 0 -0.1606736 -0.9870076 0 -0.1606736 -0.9667209 0 -0.2558333 -0.9667209 0 -0.2558332 -0.9667209 0 -0.2558333 -0.9667209 0 -0.2558333 -0.966721 0 -0.2558333 -0.9667209 0 -0.2558333 -0.9667209 0 -0.2558333 -0.9667209 0 -0.2558333 -0.9667209 0 -0.2558333 -0.9667209 0 -0.2558333 -0.9667209 0 -0.2558333 -0.9381586 0 -0.346206 -0.9381586 0 -0.346206 -0.9381586 0 -0.346206 -0.9381585 0 -0.346206 -0.9381585 0 -0.346206 -0.9381586 0 -0.346206 -0.9381585 0 -0.346206 -0.9381586 0 -0.346206 -0.9381586 0 -0.346206 -0.9381586 0 -0.346206 -0.9381586 0 -0.346206 -0.9381586 0 -0.346206 -0.9381586 0 -0.346206 -0.90257 0 -0.4305433 -0.90257 0 -0.4305433 -0.90257 0 -0.4305433 -0.9025699 0 -0.4305433 -0.90257 0 -0.4305433 -0.90257 0 -0.4305433 -0.90257 0 -0.4305433 -0.9025699 0 -0.4305433 -0.9025699 0 -0.4305432 -0.9025699 0 -0.4305433 -0.9025699 0 -0.4305432 -0.9025699 0 -0.4305433 -0.9025699 0 -0.4305433 -0.8613587 0 -0.5079973 -0.8613587 0 -0.5079973 -0.8613587 0 -0.5079973 -0.8613587 0 -0.5079973 -0.8613587 0 -0.5079973 -0.8613587 0 -0.5079973 -0.8613587 0 -0.5079973 -0.8613587 0 -0.5079973 -0.8613587 0 -0.5079973 -0.8613587 0 -0.5079973 -0.8613587 0 -0.5079973 -0.8613587 0 -0.5079973 -0.8613587 0 -0.5079973 -0.8158051 0 -0.5783271 -0.815805 0 -0.5783271 -0.815805 0 -0.5783271 -0.8158051 0 -0.5783271 -0.8158051 0 -0.5783271 -0.815805 0 -0.5783271 -0.815805 0 -0.5783271 -0.815805 0 -0.578327 -0.815805 0 -0.5783271 -0.815805 0 -0.578327 -0.815805 0 -0.5783271 -0.815805 0 -0.578327 -0.815805 0 -0.578327 -0.7672397 0 -0.6413605 -0.7672396 0 -0.6413605 -0.7672397 0 -0.6413605 -0.7672398 0 -0.6413605 -0.7672398 0 -0.6413605 -0.7672398 0 -0.6413605 -0.7672397 0 -0.6413605 -0.7672398 0 -0.6413605 -0.7672397 0 -0.6413605 -0.7672398 0 -0.6413605 -0.7672397 0 -0.6413605 -0.7672398 0 -0.6413605 -0.7672398 0 -0.6413605 -0.7166638 0 -0.6974188 -0.7166638 0 -0.6974188 -0.7166638 0 -0.6974188 -0.7166638 0 -0.6974188 -0.7166638 0 -0.6974188 -0.7166638 0 -0.6974188 -0.7166638 0 -0.6974188 -0.7166639 0 -0.6974188 -0.7166638 0 -0.6974188 -0.7166638 0 -0.6974188 -0.7166638 0 -0.6974188 -0.7166638 0 -0.6974188 -0.7166638 0 -0.6974188 -0.6649599 0 -0.7468791 -0.6649599 0 -0.7468792 -0.6649599 0 -0.7468791 -0.6649599 0 -0.7468792 -0.6649599 0 -0.7468791 -0.6649598 0 -0.7468791 -0.6649599 0 -0.7468791 -0.6649599 0 -0.7468791 -0.6649599 0 -0.7468791 -0.6649599 0 -0.7468791 -0.6649599 0 -0.7468791 -0.6649599 0 -0.7468791 -0.6649599 0 -0.7468791 -0.6128575 0 -0.7901934 -0.6128575 0 -0.7901934 -0.6128576 0 -0.7901934 -0.6128575 0 -0.7901934 -0.6128575 0 -0.7901934 -0.6128576 0 -0.7901934 -0.6128576 0 -0.7901934 -0.6128576 0 -0.7901934 -0.6128576 0 -0.7901934 -0.6128576 0 -0.7901934 -0.6128576 0 -0.7901934 -0.6128576 0 -0.7901934 -0.6128576 0 -0.7901934 -0.5607537 0 -0.8279827 -0.5607536 0 -0.8279827 -0.5607537 0 -0.8279827 -0.5607537 0 -0.8279827 -0.5607537 0 -0.8279827 -0.5607537 0 -0.8279828 -0.5607536 0 -0.8279827 -0.5607537 0 -0.8279827 -0.5607537 0 -0.8279827 -0.5607537 0 -0.8279827 -0.5607536 0 -0.8279827 -0.5607536 0 -0.8279827 -0.5607536 0 -0.8279827 -0.5090361 0 -0.8607452 -0.5090361 0 -0.8607452 -0.5090361 0 -0.8607452 -0.509036 0 -0.8607452 -0.5090361 0 -0.8607452 -0.509036 0 -0.8607452 -0.5090361 0 -0.8607452 -0.509036 0 -0.8607452 -0.5090361 0 -0.8607452 -0.5090361 0 -0.8607452 -0.5090361 0 -0.8607452 -0.509036 0 -0.8607452 -0.5090361 0 -0.8607452 -0.45797 0 -0.8889676 -0.45797 0 -0.8889676 -0.45797 0 -0.8889677 -0.45797 0 -0.8889677 -0.45797 0 -0.8889676 -0.45797 0 -0.8889676 -0.45797 0 -0.8889677 -0.45797 0 -0.8889676 -0.45797 0 -0.8889677 -0.45797 0 -0.8889676 -0.45797 0 -0.8889677 -0.45797 0 -0.8889677 -0.45797 0 -0.8889677 -0.4075834 0 -0.913168 -0.4075834 0 -0.9131681 -0.4075834 0 -0.913168 -0.4075834 0 -0.913168 -0.4075834 0 -0.913168 -0.4075834 0 -0.913168 -0.4075834 0 -0.913168 -0.4075834 0 -0.913168 -0.4075834 0 -0.913168 -0.4075834 0 -0.913168 -0.4075834 0 -0.913168 -0.4075834 0 -0.913168 -0.3579978 0 -0.9337225 -0.3579977 0 -0.9337224 -0.3579978 0 -0.9337225 -0.3579978 0 -0.9337225 -0.3579978 0 -0.9337225 -0.3579977 0 -0.9337224 -0.3579978 0 -0.9337224 -0.3579977 0 -0.9337224 -0.3579978 0 -0.9337224 -0.3579977 0 -0.9337224 -0.3579978 0 -0.9337224 -0.3579978 0 -0.9337224 -0.3092135 0 -0.9509927 -0.3092135 0 -0.9509927 -0.3092135 0 -0.9509927 -0.3092135 0 -0.9509927 -0.3092135 0 -0.9509927 -0.3092135 0 -0.9509927 -0.3092135 0 -0.9509927 -0.3092135 0 -0.9509926 -0.3092135 0 -0.9509927 -0.3092135 0 -0.9509926 -0.3092135 0 -0.9509927 -0.3092135 0 -0.9509927 -0.2611264 0 -0.9653046 -0.2611263 0 -0.9653046 -0.2611264 0 -0.9653046 -0.2611263 0 -0.9653046 -0.2611264 0 -0.9653046 -0.2611264 0 -0.9653046 -0.2611263 0 -0.9653046 -0.2611263 0 -0.9653047 -0.2611263 0 -0.9653046 -0.2611263 0 -0.9653047 -0.2611263 0 -0.9653046 -0.2611263 0 -0.9653046 -0.2137442 0 -0.9768897 -0.2137442 0 -0.9768896 -0.2137443 0 -0.9768897 -0.2137442 0 -0.9768897 -0.2137442 0 -0.9768897 -0.2137443 0 -0.9768897 -0.2137442 0 -0.9768896 -0.2137442 0 -0.9768897 -0.2137442 0 -0.9768896 -0.2137442 0 -0.9768897 -0.2137442 0 -0.9768896 -0.2137442 0 -0.9768896 -0.1668773 0 -0.9859777 -0.1668773 0 -0.9859777 -0.1668773 0 -0.9859776 -0.1668773 0 -0.9859777 -0.1668773 0 -0.9859777 -0.1668773 0 -0.9859777 -0.1668773 0 -0.9859777 -0.1668773 0 -0.9859777 -0.1668773 0 -0.9859777 -0.1668773 0 -0.9859777 -0.1668773 0 -0.9859777 -0.1668773 0 -0.9859777 -0.1205014 0 -0.9927132 -0.1205014 0 -0.9927132 -0.1205014 0 -0.9927132 -0.1205014 0 -0.9927132 -0.1205014 0 -0.9927132 -0.1205014 0 -0.9927132 -0.1205014 0 -0.9927132 -0.1205014 0 -0.9927132 -0.1205014 0 -0.9927132 -0.1205014 0 -0.9927132 -0.1205014 0 -0.9927132 -0.1205014 0 -0.9927132 -0.07445526 0 -0.9972243 -0.07445526 0 -0.9972244 -0.07445526 0 -0.9972243 -0.07445526 0 -0.9972243 -0.07445526 0 -0.9972243 -0.07445526 0 -0.9972243 -0.07445526 0 -0.9972243 -0.07445526 0 -0.9972243 -0.07445526 0 -0.9972243 -0.07445526 0 -0.9972243 -0.07445526 0 -0.9972243 -0.07445526 0 -0.9972243 -0.02858728 0 -0.9995913 -0.02858728 0 -0.9995913 0 1 0 0 1 0 0 1 0 0 1 0 -1 0 0 -1 0 0 -1 0 0 -1 0 0 0 -1 0 0 -1 0 0 -1 0 0 -1 0 -4.75065e-5 -0.9999086 -0.01352226 5.93664e-5 -0.9998477 -0.01744925 -5.74509e-5 -0.9991734 -0.04065185 6.91574e-5 -0.9989645 -0.04549753 0 -0.99727 -0.07384157 0 -0.9947135 -0.1026894 0 -0.9912104 -0.1322952 0 -0.9866578 -0.162808 9.96346e-5 -0.9829288 -0.1839863 -1.02931e-4 -0.9866577 -0.1628079 9.17442e-5 -0.9881279 -0.1536336 -9.48828e-5 -0.9912104 -0.1322952 0 -0.9947135 -0.1026894 0 -0.9972699 -0.07384157 0 -0.9989645 -0.04549753 0 -0.9998477 -0.01744925 0 -0.9989645 -0.04549753 0 -0.9989645 -0.04549753 -6.64333e-5 -0.9976823 -0.068044 7.83525e-5 -0.9972699 -0.07384157 0 -0.9947135 -0.1026894 0 -0.9912104 -0.1322952 0 -0.9866578 -0.1628079 0 -0.9808941 -0.1945425 1.07253e-4 -0.9764751 -0.2156298 -1.10531e-4 -0.980894 -0.1945425 -7.51209e-5 -0.9953929 -0.09588021 8.66926e-5 -0.9947135 -0.1026894 0 -0.9912104 -0.1322952 0 -0.9866577 -0.1628079 0 -0.9808941 -0.1945425 0 -0.9737217 -0.2277413 1.14503e-4 -0.9685522 -0.2488103 -1.17886e-4 -0.9737218 -0.2277413 -8.39377e-5 -0.9922384 -0.1243506 9.48829e-5 -0.9912104 -0.1322952 0 -0.9866578 -0.162808 0 -0.980894 -0.1945425 0 -0.9737217 -0.2277413 0 -0.964878 -0.2626982 1.21448e-4 -0.9588714 -0.2838409 -1.25356e-4 -0.964878 -0.2626983 -9.17441e-5 -0.9881279 -0.1536335 1.02931e-4 -0.9866578 -0.162808 0 -0.9808941 -0.1945425 0 -0.9737218 -0.2277413 0 -0.964878 -0.2626982 0 -0.9540051 -0.2997905 1.27886e-4 -0.9470459 -0.321098 -1.33228e-4 -0.9540051 -0.2997905 -9.96348e-5 -0.9829288 -0.1839863 1.10532e-4 -0.9808941 -0.1945426 0 -0.9737217 -0.2277413 0 -0.964878 -0.2626983 0 -0.9540051 -0.2997905 0 -0.9406645 -0.3393381 1.34833e-4 -0.9326263 -0.3608438 -1.40079e-4 -0.9406645 -0.3393381 -1.07253e-4 -0.9764752 -0.2156298 1.17886e-4 -0.9737217 -0.2277413 0 -0.964878 -0.2626982 0 -0.9540051 -0.2997905 0 -0.9406645 -0.3393381 0 -0.924238 -0.381817 1.41199e-4 -0.9149469 -0.4035742 -1.47344e-4 -0.9242379 -0.381817 -1.14503e-4 -0.9685522 -0.2488103 1.25356e-4 -0.964878 -0.2626983 0 -0.9540051 -0.2997905 0 -0.9406645 -0.3393381 0 -0.924238 -0.381817 0 -0.903948 -0.4276424 1.47115e-4 -0.8932221 -0.4496158 -1.5415e-4 -0.903948 -0.4276424 -1.21449e-4 -0.9588714 -0.283841 1.33228e-4 -0.9540051 -0.2997905 0 -0.9406645 -0.3393381 0 -0.9242379 -0.381817 0 -0.903948 -0.4276424 0 -0.878768 -0.4772491 1.53414e-4 -0.866331 -0.4994702 -1.61085e-4 -0.878768 -0.477249 -1.27885e-4 -0.947046 -0.321098 1.40079e-4 -0.9406645 -0.3393381 0 -0.924238 -0.381817 0 -0.903948 -0.4276424 0 -0.8787681 -0.4772491 0 -0.8472967 -0.5311198 1.58551e-4 -0.8329432 -0.5533584 -1.66766e-4 -0.8472968 -0.5311198 -1.34834e-4 -0.9326263 -0.3608438 1.47344e-4 -0.924238 -0.381817 0 -0.903948 -0.4276424 0 -0.878768 -0.477249 0 -0.8472968 -0.5311198 0 -0.8077939 -0.589465 1.62294e-4 -0.7912359 -0.611511 -1.72775e-4 -0.8077939 -0.589465 -1.41199e-4 -0.9149469 -0.4035742 1.54151e-4 -0.903948 -0.4276425 0 -0.878768 -0.4772491 0 -0.8472968 -0.5311198 0 -0.8077939 -0.589465 0 -0.7580153 -0.6522367 1.65578e-4 -0.7389544 -0.6737555 -1.78035e-4 -0.7580154 -0.6522367 -1.47115e-4 -0.893222 -0.4496158 1.61085e-4 -0.8787681 -0.477249 0 -0.8472967 -0.5311198 0 -0.8077939 -0.589465 0 -0.7580154 -0.6522367 0 -0.6950898 -0.718923 1.66293e-4 -0.6734561 -0.7392271 -1.81283e-4 -0.6950898 -0.718923 -1.53414e-4 -0.8663311 -0.4994702 1.66767e-4 -0.8472968 -0.5311198 0 -0.8077939 -0.589465 0 -0.7580154 -0.6522367 0 -0.6950898 -0.7189229 0 -0.6160339 -0.7877196 1.65174e-4 -0.591883 -0.806024 -1.82382e-4 -0.616034 -0.7877196 -1.58551e-4 -0.8329433 -0.5533584 1.72775e-4 -0.8077939 -0.589465 0 -0.7580153 -0.6522367 0 -0.6950898 -0.718923 0 -0.616034 -0.7877196 0 -0.5176022 -0.8556214 1.5947e-4 -0.4915374 -0.8708565 -1.80272e-4 -0.5176023 -0.8556213 -1.62294e-4 -0.7912359 -0.6115111 1.78035e-4 -0.7580153 -0.6522367 0 -0.6950898 -0.718923 0 -0.616034 -0.7877196 0 -0.5176022 -0.8556213 0 -0.398016 -0.9173784 1.50045e-4 -0.3710953 -0.9285948 -1.74122e-4 -0.398016 -0.9173785 -1.65579e-4 -0.7389543 -0.6737555 1.81283e-4 -0.6950898 -0.718923 0 -0.6160339 -0.7877196 0 -0.5176023 -0.8556213 0 -0.398016 -0.9173784 0 -0.2578349 -0.9661889 1.3547e-4 -0.2319121 -0.9727367 -1.61553e-4 -0.2578349 -0.966189 -1.66294e-4 -0.6734562 -0.7392271 1.82382e-4 -0.6160339 -0.7877196 0 -0.5176022 -0.8556214 0 -0.398016 -0.9173785 0 -0.257835 -0.966189 0 -0.1016882 -0.9948164 1.14333e-4 -0.07897818 -0.9968764 -1.43004e-4 -0.1016882 -0.9948163 -1.65174e-4 -0.591883 -0.8060239 1.80272e-4 -0.5176022 -0.8556213 0 -0.398016 -0.9173784 0 -0.2578349 -0.966189 0 -0.1016882 -0.9948164 0 -0.01041269 -0.9999458 0 -0.1016882 -0.9948164 -1.5947e-4 -0.4915374 -0.8708565 1.74122e-4 -0.398016 -0.9173784 0 -0.2578349 -0.9661889 0 -0.1016882 -0.9948163 0 -0.01041269 -0.9999458 0 -0.1016882 -0.9948164 -1.50046e-4 -0.3710953 -0.9285948 1.61553e-4 -0.2578349 -0.9661889 0 -0.1016882 -0.9948164 0 -0.01041269 -0.9999458 0 -0.01041269 -0.9999458 -1.3547e-4 -0.2319121 -0.9727367 1.43004e-4 -0.1016882 -0.9948164 0 -0.01041269 -0.9999458 0 -0.1016882 -0.9948164 -1.14334e-4 -0.07897818 -0.9968764 8.39376e-5 -0.9922384 -0.1243506 -8.66924e-5 -0.9947135 -0.1026894 0 -0.99727 -0.07384157 0 -0.9989645 -0.04549753 0 -0.9998477 -0.01744925 0 -0.9999985 -0.001747608 0 -0.9998477 -0.01744925 7.51208e-5 -0.9953929 -0.09588021 -7.83524e-5 -0.99727 -0.07384157 0 -0.9989645 -0.04549753 0 -0.9998477 -0.01744925 0 -0.9999985 -0.001747608 0 -0.9998477 -0.01744925 6.64331e-5 -0.9976823 -0.068044 -6.91573e-5 -0.9989645 -0.04549753 0 -0.9998477 -0.01744925 0 -0.9999985 -0.001747608 0 -0.9999985 -0.001747608 5.74507e-5 -0.9991734 -0.04065185 -5.93663e-5 -0.9998477 -0.01744925 0 -0.9999985 -0.001747608 0 -0.9998477 -0.01744925 4.75064e-5 -0.9999086 -0.01352226 0 -0.9998477 -0.01744925 0 -0.9989645 -0.04549753 0 -0.9989645 -0.04549753 0 -0.9989645 -0.04549753 0 -0.99727 -0.07384157 0 -0.99727 -0.07384157 0 -0.99727 -0.07384157 0 -0.9972699 -0.07384157 0 -0.99727 -0.07384157 0 -0.9947135 -0.1026894 0 -0.9947135 -0.1026894 0 -0.9947135 -0.1026894 0 -0.9947135 -0.1026894 0 -0.9947135 -0.1026894 0 -0.9912104 -0.1322952 0 -0.9912104 -0.1322952 0 -0.9912104 -0.1322952 0 -0.9912104 -0.1322952 0 -0.9912104 -0.1322952 0 -0.9866578 -0.162808 0 -0.9866577 -0.1628079 0 -0.9866578 -0.1628079 0 -0.9866578 -0.162808 0 -0.9808941 -0.1945425 0 -0.980894 -0.1945425 0 -0.9808941 -0.1945425 0 -0.9808941 -0.1945425 0 -0.9737217 -0.2277413 0 -0.9737218 -0.2277413 0 -0.9737217 -0.2277413 0 -0.9737217 -0.2277413 0 -0.964878 -0.2626982 0 -0.964878 -0.2626983 0 -0.964878 -0.2626982 0 -0.964878 -0.2626982 0 -0.9540051 -0.2997905 0 -0.9540051 -0.2997905 0 -0.9540051 -0.2997905 0 -0.9540051 -0.2997905 0 -0.9406645 -0.3393381 0 -0.9406645 -0.3393381 0 -0.9406645 -0.3393381 0 -0.9406645 -0.3393381 0 -0.924238 -0.381817 0 -0.9242379 -0.381817 0 -0.924238 -0.381817 0 -0.924238 -0.381817 0 -0.903948 -0.4276424 0 -0.903948 -0.4276424 0 -0.903948 -0.4276424 0 -0.903948 -0.4276424 0 -0.878768 -0.4772491 0 -0.878768 -0.477249 0 -0.8787681 -0.4772491 0 -0.878768 -0.4772491 0 -0.8472967 -0.5311198 0 -0.8472968 -0.5311198 0 -0.8472968 -0.5311198 0 -0.8472967 -0.5311198 0 -0.8077939 -0.589465 0 -0.8077939 -0.589465 0 -0.8077939 -0.589465 0 -0.8077939 -0.589465 0 -0.7580153 -0.6522367 0 -0.7580154 -0.6522367 0 -0.7580154 -0.6522367 0 -0.7580153 -0.6522367 0 -0.6950898 -0.718923 0 -0.6950898 -0.718923 0 -0.6950898 -0.7189229 0 -0.6950898 -0.718923 0 -0.6160339 -0.7877196 0 -0.616034 -0.7877196 0 -0.616034 -0.7877196 0 -0.6160339 -0.7877196 0 -0.5176022 -0.8556214 0 -0.5176023 -0.8556213 0 -0.5176022 -0.8556213 0 -0.5176022 -0.8556214 0 -0.398016 -0.9173784 0 -0.398016 -0.9173785 0 -0.398016 -0.9173784 0 -0.398016 -0.9173784 0 -0.2578349 -0.9661889 0 -0.2578349 -0.966189 0 -0.257835 -0.966189 0 -0.2578349 -0.9661889 0 -0.1016882 -0.9948163 0 0 -1 0 0 -1 0 0 -1 0 0 -1 0 0 -1 0 0 -1 0 0 -1 0 0 -1 0 0 -1 0 0 -1 0 0 -1 0 0 -1 0 0 -1 0 0 -1 0.99619 -0.001266002 -0.08720022 0.9870138 0.00126934 -0.1606301 0.9828536 -0.001238644 -0.1843834 0.9667202 0.001236796 -0.2558331 0.9381445 0 -0.3462441 0.9025865 0 -0.4305086 0.8613359 0 -0.5080358 0.8158241 0 -0.5783 0.7672202 0 -0.6413837 0.7166686 0 -0.6974139 0.6649784 0 -0.7468625 0.6128532 0 -0.7901968 0.5607371 0 -0.8279939 0.5090513 0 -0.8607362 0.4579561 0 -0.8889747 0.4075957 0 -0.9131625 0.38811 9.161e-4 -0.9216126 0.4075955 -9.96053e-4 -0.913162 0.4366077 9.55571e-4 -0.8996515 0.4579559 -0.001039266 -0.8889743 0.5090513 0 -0.8607362 0.5607371 0 -0.8279939 0.6128532 0 -0.7901968 0.6649784 0 -0.7468625 0.7166686 0 -0.6974139 0.7672202 0 -0.6413837 0.8158242 0 -0.5783001 0.8613359 0 -0.5080358 0.9025865 0 -0.4305086 0.9381445 0 -0.3462441 0.9667209 0 -0.2558333 0.9870147 0 -0.1606302 0.9667209 0 -0.2558333 0.9667209 0 -0.2558333 0.9605723 -0.001204311 -0.2780279 0.9381438 0.001199424 -0.3462439 0.9025865 0 -0.4305086 0.8613359 0 -0.5080358 0.8158242 0 -0.5783001 0.7672203 0 -0.6413837 0.7166686 0 -0.6974139 0.6649784 0 -0.7468625 0.6128532 0 -0.7901968 0.5607371 0 -0.8279939 0.5090513 0 -0.8607362 0.4579562 0 -0.8889748 0.4075957 0 -0.9131625 0.3579869 0 -0.9337267 0.340404 8.6375e-4 -0.9402789 0.3579868 -9.4746e-4 -0.9337263 0.9303892 -0.001161217 -0.3665716 0.9025859 0.001158177 -0.4305083 0.8613359 0 -0.5080358 0.8158242 0 -0.5783001 0.7672202 0 -0.6413837 0.7166686 0 -0.6974139 0.6649784 0 -0.7468625 0.6128532 0 -0.7901968 0.5607371 0 -0.8279939 0.5090513 0 -0.8607362 0.4579561 0 -0.8889747 0.4075957 0 -0.9131625 0.3579869 0 -0.9337267 0.3092182 0 -0.9509911 0.2933525 8.12653e-4 -0.956004 0.3092181 -9.01523e-4 -0.9509907 0.8935806 -0.00112468 -0.4489016 0.8613353 0.001108884 -0.5080356 0.8158242 0 -0.5783001 0.7672202 0 -0.6413837 0.7166686 0 -0.6974139 0.6649785 0 -0.7468626 0.6128532 0 -0.7901968 0.5607371 0 -0.8279939 0.5090513 0 -0.8607362 0.4579561 0 -0.8889747 0.4075957 0 -0.9131625 0.3579869 0 -0.9337267 0.3092182 0 -0.9509911 0.2611324 0 -0.9653031 0.246993 7.5578e-4 -0.969017 0.2611322 -8.44451e-4 -0.9653027 0.8515058 -0.001078188 -0.5243442 0.8158237 0.001063823 -0.5782998 0.7672202 0 -0.6413838 0.7166686 0 -0.6974139 0.6649784 0 -0.7468625 0.6128531 0 -0.7901968 0.5607371 0 -0.8279939 0.5090513 0 -0.8607362 0.4579561 0 -0.8889747 0.4075957 0 -0.9131625 0.3579869 0 -0.9337267 0.3092182 0 -0.9509911 0.2611324 0 -0.9653031 0.2137426 0 -0.97689 0.2012469 6.95394e-4 -0.9795403 0.2137426 -7.83929e-4 -0.9768897 0.805464 -0.001034498 -0.5926437 0.7672199 0.001016497 -0.6413834 0.7166687 0 -0.6974139 0.6649784 0 -0.7468625 0.6128532 0 -0.7901968 0.5607371 0 -0.8279938 0.5090513 0 -0.8607362 0.4579561 0 -0.8889747 0.4075957 0 -0.9131625 0.3579869 0 -0.9337267 0.3092182 0 -0.9509911 0.2611323 0 -0.965303 0.2137426 0 -0.97689 0.1668798 0 -0.9859772 0.1559833 6.26942e-4 -0.9877595 0.1668798 -7.20239e-4 -0.985977 0.7566421 -9.86019e-4 -0.6538286 0.7166683 9.72125e-4 -0.6974136 0.6649785 0 -0.7468626 0.6128532 0 -0.7901968 0.5607371 0 -0.8279939 0.5090513 0 -0.8607362 0.4579561 0 -0.8889747 0.4075957 0 -0.9131625 0.3579869 0 -0.9337267 0.3092182 0 -0.9509911 0.2611324 0 -0.9653031 0.2137426 0 -0.97689 0.1668798 0 -0.9859772 0.1205005 0 -0.9927133 0.111113 5.56869e-4 -0.9938076 0.1205005 -6.53084e-4 -0.992713 0.7060717 -9.40298e-4 -0.7081397 0.6649781 9.28394e-4 -0.7468622 0.6128532 0 -0.7901969 0.5607371 0 -0.8279939 0.5090513 0 -0.8607362 0.4579562 0 -0.8889748 0.4075957 0 -0.9131625 0.3579869 0 -0.9337267 0.3092182 0 -0.9509911 0.2611324 0 -0.9653031 0.2137426 0 -0.97689 0.1668798 0 -0.9859772 0.1205005 0 -0.9927133 0.07445526 0 -0.9972243 0.06655704 4.81749e-4 -0.9977825 0.07445526 -5.77628e-4 -0.9972242 0.6545273 -8.96397e-4 -0.7560378 0.6128529 8.85027e-4 -0.7901965 0.5607371 0 -0.8279939 0.5090513 0 -0.8607362 0.4579561 0 -0.8889747 0.4075957 0 -0.9131625 0.3579869 0 -0.9337267 0.3092182 0 -0.9509911 0.2611324 0 -0.9653031 0.2137426 0 -0.97689 0.1668798 0 -0.9859772 0.1205005 0 -0.9927133 0.07445526 0 -0.9972243 0.0285862 0 -0.9995913 0.02215999 3.97403e-4 -0.9997544 0.0285862 -4.98017e-4 -0.9995912 0.6026573 -8.56843e-4 -0.7979997 0.5607369 8.42244e-4 -0.8279936 0.5090513 0 -0.8607362 0.4579561 0 -0.8889747 0.4075957 0 -0.9131625 0.3579869 0 -0.9337266 0.3092182 0 -0.9509911 0.2611324 0 -0.9653031 0.2137426 0 -0.97689 0.1668798 0 -0.9859772 0.1205005 0 -0.9927133 0.07445526 0 -0.9972243 0.0285862 0 -0.9995913 0.002913475 0 -0.9999958 0.0285862 0 -0.9995913 0.5508992 -8.16257e-4 -0.8345714 0.5090511 8.0299e-4 -0.860736 0.4579562 0 -0.8889748 0.4075957 0 -0.9131625 0.3579869 0 -0.9337267 0.3092182 0 -0.9509912 0.2611324 0 -0.9653031 0.2137426 0 -0.97689 0.1668798 0 -0.9859772 0.1205005 0 -0.9927133 0.07445526 0 -0.9972243 0.0285862 0 -0.9995913 0.002913475 0 -0.9999958 0.0285862 0 -0.9995913 0.4996098 -7.77699e-4 -0.8662502 0.457956 7.68157e-4 -0.8889745 0.4075957 0 -0.9131625 0.3579869 0 -0.9337267 0.3092182 0 -0.9509911 0.2611324 0 -0.965303 0.2137426 0 -0.97689 0.1668798 0 -0.9859772 0.1205005 0 -0.9927133 0.07445526 0 -0.9972243 0.0285862 0 -0.9995913 0.002913475 0 -0.9999958 0.002913475 0 -0.9999958 0.4489176 -7.41806e-4 -0.8935728 0.4075956 7.33496e-4 -0.9131622 0.3579869 0 -0.9337266 0.3092182 0 -0.9509911 0.2611324 0 -0.9653031 0.2137426 0 -0.97689 0.1668798 0 -0.9859772 0.1205005 0 -0.9927133 0.07445526 0 -0.9972243 0.0285862 0 -0.9995913 0.002913475 0 -0.9999958 0.0285862 0 -0.9995913 0.3989547 -7.1196e-4 -0.9169704 0.3579868 6.98225e-4 -0.9337264 0.3092182 0 -0.9509911 0.2611324 0 -0.9653031 0.2137426 0 -0.97689 0.1668798 0 -0.9859772 0.1205005 0 -0.9927133 0.07445526 0 -0.9972243 0.0285862 0 -0.9995913 0.002913475 0 -0.9999958 0.0285862 0 -0.9995913 0.3498104 -6.74727e-4 -0.9368203 0.3092181 6.73528e-4 -0.9509909 0.2611323 0 -0.965303 0.2137426 0 -0.97689 0.1668798 0 -0.9859772 0.1205005 0 -0.9927132 0.07445526 0 -0.9972243 0.0285862 0 -0.9995913 0.002913475 0 -0.9999958 0.0285862 0 -0.9995913 0.3013923 -6.47852e-4 -0.9535 0.2611323 6.42826e-4 -0.9653028 0.2137426 0 -0.97689 0.1668798 0 -0.9859772 0.1205005 0 -0.9927133 0.07445526 0 -0.9972244 0.0285862 0 -0.9995913 0.002913475 0 -0.9999958 0.0285862 0 -0.9995913 0.2537033 -6.19772e-4 -0.9672819 0.2137426 6.16362e-4 -0.9768899 0.1668798 0 -0.9859772 0.1205005 0 -0.9927133 0.07445526 0 -0.9972243 0.0285862 0 -0.9995913 0.002913475 0 -0.9999958 0.0285862 0 -0.9995913 0.2066715 -5.94132e-4 -0.9784103 0.1668798 5.92631e-4 -0.9859771 0.1205005 0 -0.9927132 0.07445526 0 -0.9972243 0.0285862 0 -0.9995913 0.002913475 0 -0.9999958 0.0285862 0 -0.9995913 0.1601464 -5.68629e-4 -0.9870932 0.1205005 5.69584e-4 -0.9927131 0.07445526 0 -0.9972243 0.0285862 0 -0.9995913 0.002913475 0 -0.9999958 0.002913475 0 -0.9999958 0.1140913 -5.44001e-4 -0.9934701 0.07445526 5.49788e-4 -0.9972242 0.0285862 0 -0.9995913 0.002913475 0 -0.9999958 0.0285862 0 -0.9995913 0.06830829 -5.25955e-4 -0.9976641 0.0285862 5.25711e-4 -0.9995912 0.002913475 0 -0.9999958 0.0285862 0 -0.9995913 0.02274984 -5.02698e-4 -0.999741 0.4858044 9.91548e-4 -0.874067 0.509051 -0.001077413 -0.8607357 0.5607371 0 -0.8279939 0.6128532 0 -0.7901968 0.6649785 0 -0.7468625 0.7166686 0 -0.6974139 0.7672202 0 -0.6413837 0.8158242 0 -0.5783001 0.8613359 0 -0.5080358 0.9025865 0 -0.4305086 0.9381444 0 -0.346244 0.9667209 0 -0.2558333 0.9870146 0 -0.1606302 0.9980584 0 -0.06228417 0.9998188 -2.14184e-4 -0.01903301 0.9991285 -0.01876366 -0.03728502 0.9986862 -0.005187451 -0.05098044 0.9969596 0.002309381 -0.07788604 0.9948896 -0.009172797 -0.1005515 0.9934316 -0.02545362 -0.1115607 0.9922944 -0.01006686 -0.1234928 0.9869924 0.00953859 -0.1604831 0.9812434 -0.05683755 -0.1842033 0.5356466 0.001022338 -0.8444417 0.5607368 -0.001106619 -0.8279934 0.6128532 0 -0.7901968 0.6649784 0 -0.7468625 0.7166687 0 -0.6974139 0.7672202 0 -0.6413837 0.8158242 0 -0.5783001 0.8613359 0 -0.5080358 0.9025865 0 -0.4305086 0.9381445 0 -0.3462441 0.9667209 0 -0.2558333 0.9870146 0 -0.1606302 0.9980584 0 -0.06228417 0.9999825 0 -0.005914926 0.9980584 0 -0.06228417 0.5859689 0.001051723 -0.8103328 0.6128528 -0.001127839 -0.7901963 0.6649784 0 -0.7468625 0.7166686 0 -0.6974139 0.7672202 0 -0.6413838 0.8158242 0 -0.5783001 0.8613359 0 -0.5080358 0.9025865 0 -0.4305086 0.9381445 0 -0.3462441 0.9667209 0 -0.2558333 0.9870147 0 -0.1606302 0.9980584 0 -0.06228417 0.9999825 0 -0.005914926 0.9980584 0 -0.06228417 0.6364678 0.001067399 -0.7713026 0.664978 -0.001148581 -0.7468621 0.7166686 0 -0.6974139 0.7672202 0 -0.6413837 0.8158241 0 -0.5783001 0.8613359 0 -0.5080358 0.9025865 0 -0.4305086 0.9381445 0 -0.3462441 0.9667209 0 -0.2558333 0.9870146 0 -0.1606302 0.9980584 0 -0.06228417 0.9999825 0 -0.005914926 0.9980584 0 -0.06228417 0.6868759 0.001076102 -0.7267739 0.7166681 -0.001156389 -0.6974134 0.7672202 0 -0.6413837 0.8158242 0 -0.5783001 0.8613359 0 -0.5080358 0.9025865 0 -0.4305086 0.9381445 0 -0.3462441 0.9667209 0 -0.2558333 0.9870146 0 -0.1606302 0.9980584 0 -0.06228417 0.9999825 0 -0.005914926 0.9999825 0 -0.005914926 0.7365942 0.001075685 -0.6763342 0.7672198 -0.001153707 -0.6413834 0.8158242 0 -0.5783001 0.8613359 0 -0.5080358 0.9025865 0 -0.4305086 0.9381445 0 -0.3462441 0.9667209 0 -0.2558333 0.9870146 0 -0.1606302 0.9980584 0 -0.06228417 0.9999825 0 -0.005914926 0.9980584 0 -0.06228417 0.7849835 0.001069068 -0.6195157 0.8158236 -0.00113666 -0.5782997 0.8613359 0 -0.5080358 0.9025865 0 -0.4305086 0.9381445 0 -0.3462441 0.9667209 0 -0.2558333 0.9870146 0 -0.1606302 0.9980584 0 -0.06228417 0.9999825 0 -0.005914926 0.9980584 0 -0.06228417 0.8311476 0.001044988 -0.556051 0.8613353 -0.001110196 -0.5080356 0.9025865 0 -0.4305086 0.9381445 0 -0.3462441 0.9667209 0 -0.2558333 0.9870146 0 -0.1606302 0.9980584 0 -0.06228417 0.9999825 0 -0.005914926 0.9980584 0 -0.06228417 0.8740952 0.001010775 -0.4857537 0.902586 -0.001066744 -0.4305084 0.9381445 0 -0.3462441 0.9667209 0 -0.2558333 0.9870146 0 -0.1606302 0.9980584 0 -0.06228417 0.9999825 0 -0.005914926 0.9980584 0 -0.06228417 0.9126277 9.55287e-4 -0.4087905 0.938144 -0.00101161 -0.3462439 0.9667209 0 -0.2558333 0.9870146 0 -0.1606302 0.9980584 0 -0.06228417 0.9999825 0 -0.005914926 0.9980584 0 -0.06228417 0.9455274 8.91036e-4 -0.3255413 0.9667205 -9.34196e-4 -0.2558332 0.9870146 0 -0.1606302 0.9980584 0 -0.06228417 0.9999825 0 -0.005914926 0.9980584 0 -0.06228417 0.9715499 8.07512e-4 -0.2368336 0.9870144 -8.41192e-4 -0.1606302 0.9980584 0 -0.06228417 0.9999825 0 -0.005914926 0.9999825 0 -0.005914926 0.9895905 7.05851e-4 -0.1439103 0.9980582 -7.3275e-4 -0.06228417 0.9999825 0 -0.005914926 0.9980584 0 -0.06228417 0.998834 5.92438e-4 -0.04827415 0.9980576 0.001296103 -0.06228411 0.9870147 0 -0.1606302 0.9870146 0 -0.1606302 0.9870146 0 -0.1606302 0.9980584 0 -0.06228417 0.9870146 0 -0.1606302 0.9870147 0 -0.1606302 0.9870146 0 -0.1606302 0.9870146 0 -0.1606302 0.9870146 0 -0.1606302 0.9870146 0 -0.1606302 0.9870146 0 -0.1606302 0.9980584 0 -0.06228417 0.9870146 0 -0.1606302 0.9870146 0 -0.1606302 0.9667209 0 -0.2558333 0.9667209 0 -0.2558333 0.9667209 0 -0.2558333 0.9667209 0 -0.2558333 0.9667209 0 -0.2558333 0.9667209 0 -0.2558333 0.9667209 0 -0.2558333 0.9667209 0 -0.2558333 0.9667209 0 -0.2558333 0.9667209 0 -0.2558333 0.9667209 0 -0.2558333 0.9381445 0 -0.3462441 0.9381445 0 -0.3462441 0.9381445 0 -0.3462441 0.9381445 0 -0.3462441 0.9381444 0 -0.346244 0.9381445 0 -0.3462441 0.9381445 0 -0.3462441 0.9381445 0 -0.3462441 0.9381445 0 -0.3462441 0.9381445 0 -0.3462441 0.9381445 0 -0.3462441 0.9381445 0 -0.3462441 0.9381445 0 -0.3462441 0.9025865 0 -0.4305086 0.9025865 0 -0.4305086 0.9025865 0 -0.4305086 0.9025865 0 -0.4305086 0.9025865 0 -0.4305086 0.9025865 0 -0.4305086 0.9025865 0 -0.4305086 0.9025865 0 -0.4305086 0.9025865 0 -0.4305086 0.9025865 0 -0.4305086 0.9025865 0 -0.4305086 0.9025865 0 -0.4305086 0.9025865 0 -0.4305086 0.8613359 0 -0.5080358 0.8613359 0 -0.5080358 0.8613359 0 -0.5080358 0.8613359 0 -0.5080358 0.8613359 0 -0.5080358 0.8613359 0 -0.5080358 0.8613359 0 -0.5080358 0.8613359 0 -0.5080358 0.8613359 0 -0.5080358 0.8613359 0 -0.5080358 0.8613359 0 -0.5080358 0.8613359 0 -0.5080358 0.8613359 0 -0.5080358 0.8158242 0 -0.5783001 0.8158242 0 -0.5783001 0.8158242 0 -0.5783001 0.8158242 0 -0.5783001 0.8158242 0 -0.5783001 0.8158241 0 -0.5783 0.8158242 0 -0.5783001 0.8158242 0 -0.5783001 0.8158242 0 -0.5783001 0.8158242 0 -0.5783001 0.8158241 0 -0.5783001 0.8158242 0 -0.5783001 0.8158242 0 -0.5783001 0.7672202 0 -0.6413838 0.7672202 0 -0.6413837 0.7672202 0 -0.6413837 0.7672203 0 -0.6413837 0.7672202 0 -0.6413837 0.7672202 0 -0.6413837 0.7672202 0 -0.6413837 0.7672202 0 -0.6413837 0.7672202 0 -0.6413837 0.7672202 0 -0.6413837 0.7672202 0 -0.6413838 0.7672202 0 -0.6413837 0.7672202 0 -0.6413837 0.7166687 0 -0.6974139 0.7166686 0 -0.6974139 0.7166686 0 -0.6974139 0.7166686 0 -0.6974139 0.7166686 0 -0.6974139 0.7166686 0 -0.6974139 0.7166686 0 -0.6974139 0.7166686 0 -0.6974139 0.7166686 0 -0.6974139 0.7166686 0 -0.6974139 0.7166687 0 -0.6974139 0.7166686 0 -0.6974139 0.7166686 0 -0.6974139 0.6649785 0 -0.7468626 0.6649784 0 -0.7468625 0.6649784 0 -0.7468625 0.6649785 0 -0.7468626 0.6649784 0 -0.7468625 0.6649784 0 -0.7468625 0.6649784 0 -0.7468625 0.6649784 0 -0.7468625 0.6649784 0 -0.7468625 0.6649784 0 -0.7468625 0.6649785 0 -0.7468625 0.6649784 0 -0.7468625 0.6649784 0 -0.7468625 0.6128532 0 -0.7901969 0.6128532 0 -0.7901968 0.6128532 0 -0.7901968 0.6128531 0 -0.7901968 0.6128532 0 -0.7901968 0.6128532 0 -0.7901968 0.6128532 0 -0.7901968 0.6128532 0 -0.7901968 0.6128532 0 -0.7901968 0.6128532 0 -0.7901968 0.6128532 0 -0.7901968 0.6128532 0 -0.7901968 0.6128532 0 -0.7901968 0.5607371 0 -0.8279939 0.5607371 0 -0.8279939 0.5607371 0 -0.8279939 0.5607371 0 -0.8279938 0.5607371 0 -0.8279939 0.5607371 0 -0.8279939 0.5607371 0 -0.8279939 0.5607371 0 -0.8279939 0.5607371 0 -0.8279939 0.5607371 0 -0.8279939 0.5607371 0 -0.8279939 0.5607371 0 -0.8279939 0.5607371 0 -0.8279939 0.5090513 0 -0.8607362 0.5090513 0 -0.8607362 0.5090513 0 -0.8607362 0.5090513 0 -0.8607362 0.5090513 0 -0.8607362 0.5090513 0 -0.8607362 0.5090513 0 -0.8607362 0.5090513 0 -0.8607362 0.5090513 0 -0.8607362 0.5090513 0 -0.8607362 0.5090513 0 -0.8607362 0.5090513 0 -0.8607362 0.5090513 0 -0.8607362 0.4579562 0 -0.8889748 0.4579561 0 -0.8889747 0.4579561 0 -0.8889747 0.4579562 0 -0.8889748 0.4579561 0 -0.8889747 0.4579561 0 -0.8889747 0.4579561 0 -0.8889747 0.4579561 0 -0.8889747 0.4579561 0 -0.8889747 0.4579562 0 -0.8889748 0.4579561 0 -0.8889747 0.4579561 0 -0.8889747 0.4579561 0 -0.8889747 0.4075957 0 -0.9131625 0.4075957 0 -0.9131625 0.4075957 0 -0.9131625 0.4075957 0 -0.9131625 0.4075957 0 -0.9131625 0.4075957 0 -0.9131625 0.4075957 0 -0.9131625 0.4075957 0 -0.9131625 0.4075957 0 -0.9131625 0.4075957 0 -0.9131625 0.4075957 0 -0.9131625 0.4075957 0 -0.9131625 0.3579869 0 -0.9337266 0.3579869 0 -0.9337267 0.3579869 0 -0.9337267 0.3579869 0 -0.9337266 0.3579869 0 -0.9337267 0.3579869 0 -0.9337267 0.3579869 0 -0.9337267 0.3579869 0 -0.9337267 0.3579869 0 -0.9337267 0.3579869 0 -0.9337267 0.3579869 0 -0.9337267 0.3579869 0 -0.9337267 0.3092182 0 -0.9509911 0.3092182 0 -0.9509911 0.3092182 0 -0.9509911 0.3092182 0 -0.9509912 0.3092182 0 -0.9509911 0.3092182 0 -0.9509911 0.3092182 0 -0.9509911 0.3092182 0 -0.9509911 0.3092182 0 -0.9509911 0.3092182 0 -0.9509911 0.3092182 0 -0.9509911 0.3092182 0 -0.9509911 0.2611323 0 -0.965303 0.2611324 0 -0.9653031 0.2611324 0 -0.9653031 0.2611324 0 -0.965303 0.2611324 0 -0.9653031 0.2611324 0 -0.9653031 0.2611324 0 -0.9653031 0.2611324 0 -0.9653031 0.2611324 0 -0.9653031 0.2611323 0 -0.965303 0.2611324 0 -0.9653031 0.2611324 0 -0.9653031 0.2137426 0 -0.97689 0.2137426 0 -0.97689 0.2137426 0 -0.97689 0.2137426 0 -0.97689 0.2137426 0 -0.97689 0.2137426 0 -0.97689 0.2137426 0 -0.97689 0.2137426 0 -0.97689 0.2137426 0 -0.97689 0.2137426 0 -0.97689 0.2137426 0 -0.97689 0.2137426 0 -0.97689 0.1668798 0 -0.9859772 0.1668798 0 -0.9859772 0.1668798 0 -0.9859772 0.1668798 0 -0.9859772 0.1668798 0 -0.9859772 0.1668798 0 -0.9859772 0.1668798 0 -0.9859772 0.1668798 0 -0.9859772 0.1668798 0 -0.9859772 0.1668798 0 -0.9859772 0.1668798 0 -0.9859772 0.1668798 0 -0.9859772 0.1205005 0 -0.9927132 0.1205005 0 -0.9927133 0.1205005 0 -0.9927133 0.1205005 0 -0.9927132 0.1205005 0 -0.9927133 0.1205005 0 -0.9927133 0.1205005 0 -0.9927133 0.1205005 0 -0.9927133 0.1205005 0 -0.9927133 0.1205005 0 -0.9927133 0.1205005 0 -0.9927133 0.1205005 0 -0.9927133 0.07445526 0 -0.9972243 0.07445526 0 -0.9972243 0.07445526 0 -0.9972243 0.07445526 0 -0.9972244 0.07445526 0 -0.9972243 0.07445526 0 -0.9972243 0.07445526 0 -0.9972243 0.07445526 0 -0.9972243 0.07445526 0 -0.9972243 0.07445526 0 -0.9972243 0.07445526 0 -0.9972243 0.07445526 0 -0.9972243 0.0285862 0 -0.9995913 0.0285862 0 -0.9995913 0 -1 0 0 -1 0 0 -1 0 0 -1 0 1 0 0 1 0 0 1 0 0 1 0 0 -0.9241193 0.002678096 0.3820946 -0.9014094 -3.27467e-4 0.4329677 -0.8768022 5.1503e-4 0.4808511 -0.8503086 -4.72364e-4 0.5262842 -0.8225468 8.42243e-4 0.5686968 -0.7933253 -4.20101e-4 0.6087979 -0.7717515 0.00138086 0.6359227 -0.7634079 2.3709e-4 0.6459167 -0.7325797 -1.80575e-4 0.6806814 -0.7013421 -1.88738e-4 0.712825 -0.6698387 2.25931e-4 0.7425066 -0.660992 0.001391112 0.7503916 -0.6380402 -4.15842e-4 0.770003 -0.6063679 8.29071e-4 0.7951839 -0.5743781 -4.66814e-4 0.8185899 -0.5429214 5.27705e-4 0.8397834 -0.5112712 -3.31807e-4 0.8594194 -0.4922147 0.001506984 0.8704725 -0.4800958 0 0.8772161 -0.4490538 0 0.8935047 -0.4183096 -3.54238e-4 0.9083044 -0.3880841 5.42845e-4 0.9216238 -0.382898 0.001414954 0.9237896 -0.3576812 -5.19715e-4 0.9338436 -0.3296195 0.001252889 0.9441131 -0.2772321 0 0.960803 -0.22566 0 0.9742061 -0.1747186 0 0.9846184 -0.1244381 0 0.9922274 -0.07447367 0 0.9972229 -0.02480202 0 0.9996924 -0.02480202 0 0.9996924 -0.07447367 0 0.997223 -0.1244381 0 0.9922274 -0.1747186 0 0.9846184 -0.22566 0 0.9742061 -0.2772321 0 0.960803 -0.3296198 0 0.9441138 -0.3828983 0 0.9237905 -0.4371104 0 0.8994079 -0.4922153 0 0.8704735 -0.5480868 0 0.8364215 -0.604482 0 0.7966188 -0.6609928 0 0.7503924 -0.7170643 0 0.697007 -0.7717522 0 0.6359233 -0.8240395 0 0.5665323 -0.8725121 0 0.4885925 -0.9154877 0 0.4023462 -0.9154876 0 0.4023462 -0.8725122 0 0.4885925 -0.8240396 0 0.5665323 -0.7717523 0 0.6359233 -0.7170643 0 0.6970071 -0.6609927 0 0.7503923 -0.6044819 0 0.7966188 -0.5480868 0 0.8364216 -0.4922153 0 0.8704735 -0.4800958 0 0.8772161 -0.4922147 -0.001506984 0.8704726 -0.5112712 3.31808e-4 0.8594194 -0.5429214 -5.27707e-4 0.8397834 -0.5743782 4.66815e-4 0.8185899 -0.6063679 -8.29077e-4 0.7951839 -0.6380401 4.15843e-4 0.770003 -0.660992 -0.001391112 0.7503916 -0.6698387 -2.25931e-4 0.7425066 -0.701342 1.88739e-4 0.712825 -0.7325796 1.80578e-4 0.6806814 -0.7634078 -2.37091e-4 0.6459168 -0.7717515 -0.00138086 0.6359227 -0.7933253 4.20104e-4 0.608798 -0.8225467 -8.42252e-4 0.5686969 -0.8503086 4.72364e-4 0.5262842 -0.8768021 -5.15036e-4 0.4808511 -0.9014094 3.2747e-4 0.4329677 -0.9040203 0 0.4274896 -0.9040203 0 0.4274896 -0.9115484 -3.21316e-4 0.4111928 -0.9240131 0 0.3823608 -0.8725115 0.001289308 0.488592 -0.8240395 0 0.5665323 -0.7717522 0 0.6359233 -0.7170643 0 0.697007 -0.6609928 0 0.7503924 -0.6044819 0 0.7966188 -0.5480868 0 0.8364215 -0.4922153 0 0.8704735 -0.4922153 0 0.8704735 -0.824039 0.001104533 0.5665319 -0.7717522 0 0.6359233 -0.7170643 0 0.697007 -0.6609928 0 0.7503924 -0.604482 0 0.7966188 -0.5480868 0 0.8364216 -0.4922153 0 0.8704735 -0.4371104 0 0.8994079 -0.4371104 0 0.8994079 -0.7170635 0.00147736 0.6970063 -0.6609928 0 0.7503924 -0.604482 0 0.7966188 -0.5480868 0 0.8364215 -0.4922153 0 0.8704735 -0.4371104 0 0.8994078 -0.3828983 0 0.9237905 -0.3296198 0 0.9441138 -0.3296198 0 0.9441138 -0.6044816 0.001129269 0.7966183 -0.5480868 0 0.8364215 -0.4922153 0 0.8704735 -0.4371104 0 0.8994079 -0.3828983 0 0.9237905 -0.3296198 0 0.9441137 -0.2772321 0 0.960803 -0.22566 0 0.9742061 -0.22566 0 0.9742061 -0.5480862 0.001285851 0.8364208 -0.4922153 0 0.8704735 -0.4371104 0 0.8994079 -0.3828983 0 0.9237905 -0.3296198 0 0.9441138 -0.2772321 0 0.9608029 -0.22566 0 0.9742061 -0.1747186 0 0.9846184 -0.1747186 0 0.9846184 -0.4371099 0.001551568 0.8994068 -0.3828983 0 0.9237905 -0.3296198 0 0.9441138 -0.2772321 0 0.960803 -0.22566 0 0.9742061 -0.1747186 0 0.9846184 -0.1244381 0 0.9922274 -0.07447367 0 0.997223 -0.07447367 0 0.997223 -0.3282035 9.83616e-4 0.9446066 -0.2983034 -4.89863e-4 0.9544709 -0.2692121 2.91326e-4 0.9630808 -0.2400051 -2.27058e-4 0.9707716 -0.2256596 0.001895427 0.9742044 -0.2111898 -2.51937e-4 0.977445 -0.1827484 2.99643e-4 0.9831597 -0.1540706 -5.93171e-4 0.9880596 -0.1263221 0.001191318 0.9919885 -0.1244379 0.001703262 0.992226 -0.0976575 -7.26972e-4 0.9952198 -0.07447355 0.002058029 0.9972209 -0.03877329 0 0.999248 -0.03059929 2.56498e-4 0.9995316 -0.02480202 0 0.9996924 -0.07447367 0 0.997223 -0.1244381 0 0.9922274 -0.1244381 0 0.9922274 -0.1747186 0 0.9846184 -0.1747186 0 0.9846184 -0.1747186 0 0.9846184 -0.1747182 0.001933038 0.9846166 -0.1747186 0 0.9846184 -0.1244381 0 0.9922274 -0.1244381 0 0.9922274 -0.07447367 0 0.997223 -0.03877329 0 0.999248 -0.07447367 0 0.997223 -0.07447367 0 0.997223 -0.07447367 0 0.997223 -0.02480202 0 0.9996924 -0.2772318 0.001659512 0.9608017 -0.22566 0 0.9742061 -0.22566 0 0.9742061 -0.0700317 8.82738e-4 0.9975444 -0.0417307 -5.66299e-4 0.9991288 -0.01394027 0 0.9999029 -0.02480202 0 0.9996924 -0.07447367 0 0.997223 -0.1244381 0 0.9922274 -0.1747186 0 0.9846184 -0.22566 0 0.9742061 -0.2772321 0 0.960803 -0.3296198 0 0.9441138 -0.3828983 0 0.9237905 -0.4371104 0 0.8994079 -0.4922153 0 0.8704735 -0.5480868 0 0.8364215 -0.604482 0 0.7966188 -0.6609928 0 0.7503924 -0.7170643 0 0.697007 -0.7717522 0 0.6359233 -0.8240395 0 0.5665323 -0.8725121 0 0.4885925 -0.8725121 0 0.4885925 -0.02480202 0 0.9996924 -0.02480202 0 0.9996924 -0.02480202 0 0.9996924 -0.02480202 0 0.9996924 -0.01520192 -0.004511177 0.9998743 -0.04173076 5.66313e-4 0.9991287 -0.07003176 -8.82763e-4 0.9975443 -0.07447355 -0.002058029 0.9972209 -0.09765744 7.26976e-4 0.9952198 -0.1244379 -0.001703262 0.9922259 -0.1747186 0 0.9846184 -0.22566 0 0.9742061 -0.2772321 0 0.9608029 -0.3296198 0 0.9441137 -0.3828983 0 0.9237905 -0.4371104 0 0.8994079 -0.4922153 0 0.8704735 -0.5480868 0 0.8364216 -0.6044819 0 0.7966188 -0.5480868 0 0.8364216 -0.5480868 0 0.8364216 -0.4922153 0 0.8704735 -0.4371104 0 0.8994079 -0.3828983 0 0.9237905 -0.3296198 0 0.9441137 -0.2772321 0 0.9608029 -0.22566 0 0.9742061 -0.1747186 0 0.9846184 -0.1244381 0 0.9922273 -0.07447367 0 0.9972229 -0.1244381 0 0.9922273 -0.1244381 0 0.9922273 -0.126322 -0.001191318 0.9919886 -0.1540706 5.93179e-4 0.9880596 -0.1827484 -2.99646e-4 0.9831597 -0.2111897 2.5194e-4 0.977445 -0.2256596 -0.001895427 0.9742044 -0.2400051 2.27061e-4 0.9707716 -0.2692122 -2.91333e-4 0.9630808 -0.2983035 4.8987e-4 0.954471 -0.3282035 -9.83623e-4 0.9446066 -0.3296195 -0.001252949 0.944113 -0.3576811 5.19721e-4 0.9338436 -0.382898 -0.001414954 0.9237896 -0.4371104 0 0.8994078 -0.4922152 0 0.8704735 -0.5480868 0 0.8364216 -0.604482 0 0.7966188 -0.6609928 0 0.7503924 -0.7170643 0 0.697007 -0.7717522 0 0.6359233 -0.8240395 0 0.5665323 -0.8725121 0 0.4885924 -0.8240396 0 0.5665323 -0.8240396 0 0.5665323 -0.7717522 0 0.6359233 -0.7170643 0 0.697007 -0.6609928 0 0.7503924 -0.6044819 0 0.7966188 -0.5480868 0 0.8364216 -0.4922152 0 0.8704735 -0.4371104 0 0.8994078 -0.3828983 0 0.9237905 -0.3296198 0 0.9441137 -0.3828983 0 0.9237905 -0.3828983 0 0.9237905 -0.1747182 -0.001933097 0.9846166 -0.22566 0 0.9742062 -0.2772321 0 0.960803 -0.3296198 0 0.9441137 -0.3828983 0 0.9237905 -0.4371104 0 0.8994078 -0.4922153 0 0.8704735 -0.5480868 0 0.8364216 -0.604482 0 0.7966188 -0.6609928 0 0.7503924 -0.6044819 0 0.7966188 -0.2772318 -0.001659512 0.9608016 -0.3296198 0 0.9441137 -0.3828983 0 0.9237905 -0.4371104 0 0.8994078 -0.4922152 0 0.8704735 -0.5480868 0 0.8364216 -0.6044819 0 0.7966188 -0.6609928 0 0.7503924 -0.7170643 0 0.697007 -0.7717522 0 0.6359233 -0.7170643 0 0.6970071 -0.7170643 0 0.6970071 -0.6609928 0 0.7503924 -0.604482 0 0.7966188 -0.5480868 0 0.8364216 -0.4922153 0 0.8704735 -0.4371104 0 0.8994078 -0.3828983 0 0.9237905 -0.3296198 0 0.9441137 -0.2772321 0 0.960803 -0.22566 0 0.9742062 -0.2772321 0 0.9608029 -0.2772321 0 0.9608029 -0.3880841 -5.42855e-4 0.9216238 -0.4183096 3.54243e-4 0.9083045 -0.4490538 0 0.8935047 -0.4371098 -0.001551568 0.8994067 -0.4371104 0 0.8994078 -0.4922153 0 0.8704735 -0.4922152 0 0.8704735 -0.5480868 0 0.8364216 -0.6044819 0 0.7966188 -0.6609927 0 0.7503923 -0.7170643 0 0.6970071 -0.7717523 0 0.6359233 -0.8240396 0 0.5665323 -0.8725122 0 0.4885925 -0.8725121 0 0.4885924 -0.5480863 -0.001285851 0.8364208 -0.6044819 0 0.7966188 -0.6609927 0 0.7503923 -0.7170643 0 0.6970071 -0.7717523 0 0.6359233 -0.8240396 0 0.5665323 -0.8725121 0 0.4885925 -0.9154876 0 0.4023462 -0.9154875 0 0.4023461 -0.6044816 -0.001129269 0.7966184 -0.6609928 0 0.7503924 -0.7170643 0 0.697007 -0.7717522 0 0.6359233 -0.8240395 0 0.5665323 -0.8725121 0 0.4885924 -0.9154876 0 0.4023462 -0.8725121 0 0.4885925 -0.7170636 -0.00147736 0.6970063 -0.7717522 0 0.6359233 -0.8240395 0 0.5665323 -0.8725121 0 0.4885924 -0.9154875 0 0.4023461 -0.9154876 0 0.4023462 -0.8725121 0 0.4885924 -0.8725122 0 0.4885925 -0.8725122 0 0.4885925 -0.8240391 -0.001104533 0.5665319 -0.8725121 0 0.4885924 -0.8725122 0 0.4885925 -0.8725122 0 0.4885925 -0.8725121 0 0.4885924 -0.9154876 0 0.4023463 -0.8725115 -0.001289308 0.488592 -0.8725121 0 0.4885924 -0.9154877 0 0.4023462 -0.9154876 0 0.4023461 -0.9154877 0 0.4023462 -0.9154877 0 0.4023462 -0.8725121 0 0.4885925 -0.8240395 0 0.5665323 -0.7717522 0 0.6359233 -0.7170643 0 0.697007 -0.6609928 0 0.7503924 -0.604482 0 0.7966188 -0.5480868 0 0.8364215 -0.5480868 0 0.8364215 -0.8725121 0 0.4885925 -0.9154877 0 0.4023462 -0.8725121 0 0.4885925 -0.8725121 0 0.4885925 -0.8725121 0 0.4885925 -0.8725121 0 0.4885925 -0.9154877 0 0.4023462 -0.8725121 0 0.4885925 -0.8725121 0 0.4885925 -0.8240395 0 0.5665323 -0.7717522 0 0.6359233 -0.7170643 0 0.697007 -0.6609928 0 0.7503924 -0.6609928 0 0.7503924 -0.9154876 0 0.4023462 -0.8725121 0 0.4885924 -0.8725121 0 0.4885924 -0.8240396 0 0.5665323 -0.7717522 0 0.6359233 -0.7170643 0 0.697007 -0.7170643 0 0.697007 -0.9154877 0 0.4023462 -0.8725121 0 0.4885925 -0.8725121 0 0.4885925 -0.8240395 0 0.5665323 -0.7717522 0 0.6359233 -0.7717522 0 0.6359233 -0.9154877 0 0.4023462 -0.9154877 0 0.4023462 -0.8725121 0 0.4885925 -0.8240395 0 0.5665323 -0.8240395 0 0.5665323 -0.8240395 0 0.5665323 -0.8725121 0 0.4885925 -0.8725121 0 0.4885925 -0.8725121 0 0.4885924 -0.8725121 0 0.4885924 -0.8240395 0 0.5665323 -0.8240395 0 0.5665323 -0.8240395 0 0.5665323 -0.8240395 0 0.5665323 -0.8240395 0 0.5665323 -0.7717522 0 0.6359233 -0.7170643 0 0.6970071 -0.6609928 0 0.7503924 -0.604482 0 0.7966188 -0.604482 0 0.7966188 -0.8240396 0 0.5665323 -0.8240395 0 0.5665323 -0.8240395 0 0.5665323 -0.8240395 0 0.5665323 -0.8240395 0 0.5665323 -0.8240395 0 0.5665323 -0.8240396 0 0.5665323 -0.8240396 0 0.5665323 -0.8240395 0 0.5665323 -0.8240396 0 0.5665323 -0.7717522 0 0.6359233 -0.7717523 0 0.6359233 -0.7717523 0 0.6359233 -0.8240396 0 0.5665323 -0.8240395 0 0.5665323 -0.8240396 0 0.5665323 -0.7717522 0 0.6359233 -0.7717522 0 0.6359233 -0.7717522 0 0.6359233 -0.7717522 0 0.6359233 -0.7717522 0 0.6359233 -0.7717522 0 0.6359233 -0.7717522 0 0.6359233 -0.7717522 0 0.6359233 -0.7717523 0 0.6359233 -0.7717523 0 0.6359233 -0.7717522 0 0.6359233 -0.7717522 0 0.6359233 -0.7717522 0 0.6359233 -0.7717523 0 0.6359233 -0.7717522 0 0.6359233 -0.7170643 0 0.697007 -0.6609928 0 0.7503924 -0.604482 0 0.7966188 -0.5480868 0 0.8364215 -0.4922153 0 0.8704735 -0.4371104 0 0.8994079 -0.3828983 0 0.9237905 -0.3828983 0 0.9237905 -0.7170643 0 0.697007 -0.7170643 0 0.697007 -0.7170643 0 0.697007 -0.7170643 0 0.697007 -0.7170643 0 0.6970071 -0.7170643 0 0.697007 -0.7170643 0 0.697007 -0.7170643 0 0.697007 -0.7170643 0 0.6970071 -0.7170643 0 0.6970071 -0.7170643 0 0.697007 -0.7170643 0 0.697007 -0.7170643 0 0.697007 -0.7170643 0 0.6970071 -0.7170643 0 0.6970071 -0.7170643 0 0.697007 -0.7170643 0 0.6970071 -0.6609928 0 0.7503924 -0.6609928 0 0.7503924 -0.6609928 0 0.7503924 -0.6609928 0 0.7503924 -0.6609928 0 0.7503924 -0.6609928 0 0.7503924 -0.6609928 0 0.7503924 -0.6609928 0 0.7503924 -0.6609927 0 0.7503923 -0.6609927 0 0.7503923 -0.6609928 0 0.7503923 -0.6609928 0 0.7503923 -0.6609928 0 0.7503924 -0.6609928 0 0.7503924 -0.6609928 0 0.7503924 -0.6609927 0 0.7503923 -0.6609928 0 0.7503924 -0.604482 0 0.7966188 -0.5480868 0 0.8364215 -0.4922153 0 0.8704735 -0.4371104 0 0.8994079 -0.3828983 0 0.9237905 -0.3296198 0 0.9441138 -0.2772321 0 0.960803 -0.2772321 0 0.960803 -0.604482 0 0.7966188 -0.604482 0 0.7966188 -0.604482 0 0.7966188 -0.604482 0 0.7966188 -0.6044819 0 0.7966188 -0.604482 0 0.7966188 -0.604482 0 0.7966188 -0.604482 0 0.7966188 -0.6044819 0 0.7966188 -0.6044819 0 0.7966188 -0.6044819 0 0.7966188 -0.6044819 0 0.7966188 -0.604482 0 0.7966188 -0.604482 0 0.7966188 -0.604482 0 0.7966188 -0.6044819 0 0.7966188 -0.5480868 0 0.8364215 -0.5480868 0 0.8364215 -0.5480868 0 0.8364215 -0.5480868 0 0.8364215 -0.5480868 0 0.8364216 -0.5480868 0 0.8364215 -0.5480868 0 0.8364215 -0.5480868 0 0.8364215 -0.5480868 0 0.8364216 -0.5480867 0 0.8364215 -0.5480867 0 0.8364215 -0.5480868 0 0.8364216 -0.5480868 0 0.8364216 -0.5480868 0 0.8364216 -0.5480868 0 0.8364216 -0.5480868 0 0.8364216 -0.4922153 0 0.8704735 -0.4922153 0 0.8704735 -0.4922153 0 0.8704735 -0.4922153 0 0.8704735 -0.4922153 0 0.8704735 -0.4922153 0 0.8704735 -0.4922153 0 0.8704735 -0.4922153 0 0.8704735 -0.4371104 0 0.8994078 -0.3828983 0 0.9237905 -0.3296198 0 0.9441137 -0.2772321 0 0.9608029 -0.22566 0 0.9742062 -0.1747186 0 0.9846184 -0.1244381 0 0.9922273 -0.07447367 0 0.9972229 -0.02480202 0 0.9996924 -0.02480202 0 0.9996924 -0.02480202 0 0.9996924 -0.02480202 0 0.9996924 -0.02480202 0 0.9996924 -0.02480202 0 0.9996924 -0.02480202 0 0.9996924 -0.07447367 0 0.9972229 -0.1244381 0 0.9922273 -0.1747186 0 0.9846184 -0.22566 0 0.9742062 -0.2772321 0 0.960803 -0.2772321 0 0.9608029 -0.4922152 0 0.8704735 -0.4922152 0 0.8704735 -0.4922153 0 0.8704735 -0.4922153 0 0.8704735 -0.4922153 0 0.8704735 -0.4922153 0 0.8704735 -0.4922153 0 0.8704735 -0.4922153 0 0.8704735 -0.4371104 0 0.8994079 -0.3828983 0 0.9237905 -0.3296198 0 0.9441138 -0.2772321 0 0.960803 -0.22566 0 0.9742062 -0.1747186 0 0.9846184 -0.1244381 0 0.9922274 -0.1244381 0 0.9922274 -0.4371104 0 0.8994079 -0.4371104 0 0.8994079 -0.4371104 0 0.8994079 -0.4371104 0 0.8994079 -0.4371104 0 0.8994078 -0.4371104 0 0.8994079 -0.4371104 0 0.8994079 -0.4371104 0 0.8994079 -0.4371104 0 0.8994079 -0.3828983 0 0.9237905 -0.3296198 0 0.9441137 -0.2772321 0 0.960803 -0.2772321 0 0.9608029 -0.22566 0 0.9742062 -0.22566 0 0.9742062 -0.22566 0 0.9742062 -0.22566 0 0.9742061 -0.22566 0 0.9742062 -0.2772321 0 0.9608029 -0.2772321 0 0.9608029 -0.2772321 0 0.9608029 -0.2772321 0 0.9608029 -0.22566 0 0.9742062 -0.4371104 0 0.8994078 -0.4371104 0 0.8994078 -0.4371104 0 0.8994079 -0.4371104 0 0.8994079 -0.4371104 0 0.8994079 -0.4371104 0 0.8994079 -0.4371104 0 0.8994079 -0.4371104 0 0.8994078 -0.3828983 0 0.9237905 -0.3828983 0 0.9237905 -0.3828983 0 0.9237905 -0.3828983 0 0.9237905 -0.3828983 0 0.9237905 -0.3828983 0 0.9237905 -0.3828983 0 0.9237905 -0.3828983 0 0.9237905 -0.3828983 0 0.9237905 -0.3296198 0 0.9441137 -0.3296198 0 0.9441137 -0.3296198 0 0.9441137 -0.3828983 0 0.9237905 -0.3828983 0 0.9237905 -0.3828983 0 0.9237905 -0.3828983 0 0.9237905 -0.3828983 0 0.9237905 -0.3828983 0 0.9237905 -0.3828983 0 0.9237905 -0.3296198 0 0.9441138 -0.2772321 0 0.960803 -0.22566 0 0.9742061 -0.1747186 0 0.9846184 -0.1244381 0 0.9922273 -0.07447367 0 0.997223 -0.02480202 0 0.9996924 -0.07447367 0 0.997223 -0.3296198 0 0.9441138 -0.3296198 0 0.9441138 -0.3296198 0 0.9441138 -0.3296198 0 0.9441138 -0.3296198 0 0.9441137 -0.3296198 0 0.9441138 -0.3296198 0 0.9441138 -0.3296198 0 0.9441138 -0.3296198 0 0.9441137 -0.3296198 0 0.9441137 -0.3296198 0 0.9441137 -0.3296198 0 0.9441137 -0.3296198 0 0.9441137 -0.3296198 0 0.9441137 -0.3296198 0 0.9441137 -0.2772321 0 0.960803 -0.2772321 0 0.960803 -0.2772321 0 0.960803 -0.2772321 0 0.960803 -0.2772321 0 0.9608029 -0.2772321 0 0.960803 -0.2772321 0 0.960803 -0.2772321 0 0.960803 -0.2772321 0 0.960803 -0.2772321 0 0.960803 -0.2772321 0 0.9608029 -0.22566 0 0.9742061 -0.22566 0 0.9742061 -0.22566 0 0.9742061 -0.22566 0 0.9742062 -0.22566 0 0.9742061 -0.22566 0 0.9742061 -0.22566 0 0.9742061 -0.22566 0 0.9742061 -0.22566 0 0.9742062 -0.22566 0 0.9742061 -0.1747186 0 0.9846185 -0.1747186 0 0.9846185 -0.1747186 0 0.9846184 -0.22566 0 0.9742062 -0.22566 0 0.9742062 -0.22566 0 0.9742061 -0.1747186 0 0.9846184 -0.1244381 0 0.9922274 -0.1244381 0 0.9922274 -0.1244381 0 0.9922274 -0.07447367 0 0.997223 -0.07447367 0 0.997223 -0.1747186 0 0.9846184 -0.1747186 0 0.9846184 -0.1747186 0 0.9846184 -0.1747186 0 0.9846184 -0.1747186 0 0.9846184 -0.1747186 0 0.9846184 -0.1747186 0 0.9846184 -0.1244381 0 0.9922273 -0.1244381 0 0.9922273 -0.1244381 0 0.9922273 -0.1244381 0 0.9922273 -0.07447367 0 0.9972229 -0.07447367 0 0.9972229 -0.07447367 0 0.9972229 -0.07447367 0 0.9972229 -0.07447367 0 0.997223 -0.07447367 0 0.9972229 -0.07447367 0 0.9972229 -0.1747186 0 0.9846184 -0.1747186 0 0.9846184 -0.1747186 0 0.9846185 -0.1747186 0 0.9846184 -0.1747186 0 0.9846185 -0.1747186 0 0.9846184 -0.1747186 0 0.9846185 -0.1747186 0 0.9846185 -0.1747186 0 0.9846184 -0.1244381 0 0.9922273 -0.1244381 0 0.9922274 -0.1244381 0 0.9922274 -0.1244381 0 0.9922274 -0.1244381 0 0.9922273 -0.1244381 0 0.9922274 -0.1244381 0 0.9922274 -0.07447367 0 0.997223 -0.1244381 0 0.9922273 -0.1244381 0 0.9922273 -0.1244381 0 0.9922273 -0.1244381 0 0.9922273 -0.1244381 0 0.9922273 -0.1244381 0 0.9922273 -0.07447367 0 0.997223 -0.07447367 0 0.9972229 -0.02480202 0 0.9996924 -0.07447367 0 0.997223 -0.07447367 0 0.997223 -0.07447367 0 0.9972229 -0.07447367 0 0.9972229 -0.07447367 0 0.9972229 -0.07447367 0 0.9972229 -0.07447367 0 0.9972229 -0.07447367 0 0.9972229 -0.07447367 0 0.9972229 0 0 1 0 0 1 0 0 1 0 0 1 0 0 1 0 0 1 3.94272e-4 -0.05117702 0.9986895 0 -0.1373708 0.9905197 -1.7674e-4 -0.1475849 0.9890494 2.70058e-4 -0.2434756 0.969907 -2.14176e-4 -0.3308811 0.9436724 3.36008e-4 -0.4143536 0.9101158 -1.61733e-4 -0.4867797 0.8735248 5.08638e-4 -0.5356159 0.8444616 7.73879e-5 -0.5534175 0.832904 -6.22431e-5 -0.6111803 0.7914914 -5.30893e-5 -0.6621815 0.7493436 6.4859e-5 -0.7068004 0.707413 3.62786e-4 -0.7179089 0.696137 -1.03801e-4 -0.7450583 0.6669993 2.09518e-4 -0.7803519 0.6253406 0 -0.8288463 0.5594763 0 -0.8666482 0.4989198 0 -0.896295 0.4434583 0 -0.9196727 0.3926857 0 -0.9382553 0.3459437 0 -0.9530834 0.302708 0 -0.9649494 0.262436 0 -0.974444 0.2246306 0 -0.9819986 0.1888881 4.43331e-5 -0.9853366 0.1706222 -1.08917e-4 -0.9819986 0.1888881 -8.27073e-5 -0.9817954 0.1899414 4.2269e-5 -0.977724 0.2098945 -2.44216e-5 -0.9730998 0.2303837 2.00217e-5 -0.9678376 0.2515761 -1.64146e-4 -0.9649494 0.262436 2.075e-5 -0.9618695 0.2735084 -2.7243e-5 -0.9551171 0.2962287 5.14696e-5 -0.9474387 0.3199374 -1.05263e-4 -0.9388208 0.3444063 -1.45207e-4 -0.9382553 0.3459438 6.25435e-5 -0.9288756 0.3703919 -1.78941e-4 -0.9196727 0.3926857 0 -0.896295 0.4434583 0 -0.8666482 0.4989198 0 -0.8288463 0.5594764 0 -0.7803519 0.6253407 0 -0.7179089 0.6961371 0 -0.6377156 0.7702719 0 -0.535616 0.8444617 0 -0.4090229 0.9125242 0 -0.257903 0.9661709 6.22317e-4 -0.2579029 0.9661707 4.85945e-4 -0.4090228 0.9125241 0 -0.535616 0.8444617 0 -0.6377156 0.7702719 0 -0.717909 0.696137 0 -0.7803519 0.6253406 0 -0.8288463 0.5594763 0 -0.8666482 0.4989198 0 -0.896295 0.4434583 0 -0.9196728 0.3926857 0 -0.9382553 0.3459437 0 -0.9196727 0.3926857 0 -0.9196727 0.3926857 4.56215e-4 -0.6377155 0.7702718 0 -0.7179089 0.6961371 0 -0.7803519 0.6253407 0 -0.8288463 0.5594764 0 -0.8666482 0.4989197 0 -0.8962951 0.4434583 0 -0.9196727 0.3926857 0 -0.9382552 0.3459437 0 -0.9530833 0.3027079 0 -0.9649494 0.262436 0 -0.9530833 0.3027079 0 -0.9530833 0.3027079 -1.65804e-4 -0.9530833 0.302708 2.66443e-4 -0.7789688 0.6270627 -9.84397e-5 -0.807505 0.5898607 9.76204e-5 -0.8329116 0.5534061 -6.02715e-5 -0.8546427 0.5192165 2.5697e-4 -0.8666482 0.4989197 0 -0.8737393 0.4863947 0 -0.8904007 0.4551776 -4.8273e-5 -0.9049174 0.4255873 7.46373e-5 -0.9177528 0.3971523 1.7894e-4 -0.9196727 0.3926857 -6.25435e-5 -0.9288756 0.3703919 1.45207e-4 -0.9382553 0.3459437 0 -0.9530833 0.3027079 0 -0.9649494 0.262436 0 -0.974444 0.2246306 0 -0.9819986 0.188888 0 -0.9879453 0.1548033 0 -0.9925255 0.1220374 0 -0.9925255 0.1220374 0 -0.9925255 0.1220374 0 -0.9879453 0.1548033 0 -0.9819986 0.1888881 0 -0.9819986 0.1888881 0 -0.974444 0.2246306 0 -0.974444 0.2246306 0 -0.974444 0.2246306 0 -0.974444 0.2246306 0 -0.974444 0.2246306 0 -0.974444 0.2246306 2.56699e-4 -0.8288463 0.5594764 0 -0.8666482 0.4989197 0 -0.896295 0.4434583 0 -0.9196727 0.3926857 0 -0.9382552 0.3459437 0 -0.9530833 0.3027079 0 -0.9649494 0.262436 0 -0.9649494 0.262436 2.28438e-4 -0.896295 0.4434583 0 -0.9196727 0.3926857 0 -0.9382552 0.3459437 0 -0.9530834 0.302708 0 -0.9649493 0.262436 0 -0.9649493 0.262436 0 -0.9649493 0.262436 0 -0.9649494 0.262436 1.05263e-4 -0.9388207 0.3444063 -5.14696e-5 -0.9474386 0.3199374 2.72429e-5 -0.9551171 0.2962287 -2.07501e-5 -0.9618697 0.2735084 1.64146e-4 -0.9649494 0.2624361 -2.00216e-5 -0.9678376 0.2515761 2.44215e-5 -0.9730998 0.2303837 -4.22692e-5 -0.977724 0.2098945 8.2707e-5 -0.9817955 0.1899414 1.08917e-4 -0.9819986 0.1888881 -4.4333e-5 -0.9853365 0.1706222 1.20371e-4 -0.9879453 0.1548033 0 -0.991366 0.1311236 0 -0.9933624 0.1150266 3.73312e-5 -0.9920333 0.125976 0 -0.9925255 0.1220374 0 -0.9925255 0.1220374 0 -0.9925255 0.1220374 0 -0.9925255 0.1220374 0 -0.9879453 0.1548033 0 -0.9819986 0.188888 0 -0.974444 0.2246306 0 -0.9649494 0.262436 0 -0.9530833 0.3027079 1.65804e-4 -0.9530833 0.302708 1.43998e-4 -0.974444 0.2246306 0 -0.9819986 0.1888881 0 -0.9879453 0.1548033 0 -0.9879453 0.1548033 0 -0.9879453 0.1548033 0 -0.9879453 0.1548033 0 -0.9879453 0.1548033 4.69241e-5 -0.9884375 0.1516284 -3.01699e-5 -0.9910899 0.1331947 0 -0.9925256 0.1220374 0 -0.9879453 0.1548033 0 -0.9819986 0.1888881 0 -0.974444 0.2246306 -2.35603e-4 -0.9933736 0.1149303 3.017e-5 -0.9910899 0.1331947 -4.69242e-5 -0.9884375 0.1516284 -1.20372e-4 -0.9879453 0.1548033 -1.43998e-4 -0.974444 0.2246306 0 -0.9649494 0.262436 0 -0.9530833 0.3027079 0 -0.9382552 0.3459437 0 -0.9196727 0.3926857 0 -0.8962951 0.4434583 0 -0.8666482 0.4989197 0 -0.8288463 0.5594764 0 -0.7803519 0.6253407 0 -0.7179089 0.6961371 0 -0.7803519 0.6253407 0 -0.7803519 0.6253407 -7.46374e-5 -0.9177528 0.3971523 4.82734e-5 -0.9049174 0.4255873 0 -0.8904007 0.4551776 0 -0.8737393 0.4863947 -2.56971e-4 -0.8666481 0.4989197 6.02715e-5 -0.8546428 0.5192165 -9.76202e-5 -0.8329115 0.5534061 9.84398e-5 -0.807505 0.5898607 -2.66444e-4 -0.7789687 0.6270626 -2.09519e-4 -0.7803519 0.6253406 1.03801e-4 -0.7450582 0.6669993 -3.62787e-4 -0.7179089 0.696137 0 -0.6377156 0.7702719 0 -0.535616 0.8444616 0 -0.4090229 0.9125242 0 -0.257903 0.9661708 0 -0.08833032 0.9960913 0 -0.08833032 0.9960913 0 -0.257903 0.9661708 0 -0.4090229 0.9125242 0 -0.535616 0.8444617 0 -0.535616 0.8444617 0 -0.6377156 0.7702719 0 -0.6377156 0.7702718 0 -0.6377156 0.7702719 0 -0.6377156 0.7702719 0 -0.6377156 0.770272 0 -0.6377156 0.770272 -2.28438e-4 -0.896295 0.4434583 0 -0.8666482 0.4989198 0 -0.8288463 0.5594763 0 -0.7803519 0.6253407 0 -0.717909 0.696137 0 -0.7179089 0.6961371 -2.56699e-4 -0.8288463 0.5594764 0 -0.7803518 0.6253406 0 -0.7179089 0.696137 0 -0.717909 0.696137 0 -0.717909 0.696137 0 -0.717909 0.696137 -6.48592e-5 -0.7068004 0.707413 5.30894e-5 -0.6621814 0.7493435 6.22432e-5 -0.6111804 0.7914914 -7.73882e-5 -0.5534175 0.832904 -5.08637e-4 -0.5356159 0.8444616 1.61734e-4 -0.4867797 0.8735247 -3.36009e-4 -0.4143536 0.910116 2.14177e-4 -0.3308811 0.9436724 -2.7006e-4 -0.2434756 0.969907 1.76741e-4 -0.1475849 0.9890494 0 -0.1373708 0.9905197 0 -0.1373708 0.9905197 0 -0.1373708 0.9905197 -4.98669e-5 -0.110579 0.9938673 0 -0.04977124 0.9987607 -4.56217e-4 -0.6377155 0.7702718 0 -0.535616 0.8444616 0 -0.4090228 0.9125242 0 -0.257903 0.9661708 0 -0.08833032 0.9960913 0 -0.257903 0.9661708 -4.85947e-4 -0.4090228 0.912524 0 -0.257903 0.9661708 0 -0.257903 0.9661709 0 -0.257903 0.9661709 0 -0.257903 0.9661708 -6.2232e-4 -0.257903 0.9661707 0 -0.257903 0.9661708 0 -0.257903 0.9661708 0 -0.257903 0.9661709 0 -0.257903 0.9661708 0 -0.4090229 0.9125242 0 -0.08833032 0.9960913 0 -0.257903 0.9661708 0 -0.4090228 0.9125241 0 -0.535616 0.8444617 0 -0.535616 0.8444617 0 -0.6377156 0.7702718 0 -0.08833032 0.9960913 0 -0.257903 0.9661708 0 -0.257903 0.9661709 0 -0.257903 0.9661708 0 -0.257903 0.9661709 0 -0.4090228 0.9125241 0 -0.4090228 0.9125241 0 -0.4090228 0.9125241 0 -0.4090228 0.9125241 0 -0.4090228 0.9125241 0 -0.4090229 0.9125242 0 -0.4090229 0.9125242 0 -0.4090229 0.9125242 0 -0.535616 0.8444617 0 -0.535616 0.8444617 0 -0.535616 0.8444617 0 -0.4090229 0.9125242 0 -0.4090228 0.9125242 0 -0.4090228 0.9125242 0 -0.4090228 0.9125242 0 -0.535616 0.8444616 0 -0.535616 0.8444617 0 -0.535616 0.8444617 0 -0.535616 0.8444617 0 -0.535616 0.8444617 0 -0.6377156 0.7702719 0 -0.535616 0.8444616 0 -0.535616 0.8444617 0 -0.6377156 0.7702718 0 -0.717909 0.696137 0 -0.7803519 0.6253407 0 -0.8288464 0.5594764 0 -0.8666482 0.4989197 0 -0.896295 0.4434583 0 -0.9196727 0.3926857 0 -0.9382553 0.3459437 0 -0.9382553 0.3459437 0 -0.6377156 0.7702718 0 -0.6377156 0.7702719 0 -0.6377156 0.7702719 0 -0.6377156 0.7702719 0 -0.6377156 0.7702719 0 -0.6377156 0.7702719 0 -0.717909 0.696137 0 -0.717909 0.696137 0 -0.7179089 0.696137 0 -0.7179089 0.696137 0 -0.7179089 0.696137 0 -0.7179089 0.696137 0 -0.7179089 0.696137 0 -0.7803518 0.6253406 0 -0.7803519 0.6253407 0 -0.7803519 0.6253406 0 -0.7803519 0.6253407 0 -0.7803519 0.6253407 0 -0.7803519 0.6253407 0 -0.7803519 0.6253407 0 -0.7803519 0.6253407 0 -0.7803519 0.6253407 0 -0.8288463 0.5594763 0 -0.8288463 0.5594764 0 -0.8288463 0.5594764 0 -0.8288463 0.5594764 0 -0.8288463 0.5594764 0 -0.8288463 0.5594763 0 -0.8288464 0.5594764 0 -0.8288463 0.5594763 0 -0.8288463 0.5594764 0 -0.8288463 0.5594764 0 -0.8288463 0.5594764 0 -0.8666482 0.4989198 0 -0.8666482 0.4989198 0 -0.8666482 0.4989198 0 -0.8666482 0.4989197 0 -0.8666482 0.4989198 0 -0.8666482 0.4989198 0 -0.8666482 0.4989198 0 -0.8666482 0.4989198 0 -0.8666482 0.4989198 0 -0.8666482 0.4989197 0 -0.8962951 0.4434583 0 -0.9196727 0.3926857 0 -0.9382552 0.3459437 0 -0.9530833 0.3027079 0 -0.9530833 0.3027079 0 -0.8962951 0.4434583 0 -0.896295 0.4434583 0 -0.896295 0.4434583 0 -0.896295 0.4434583 0 -0.896295 0.4434583 0 -0.896295 0.4434583 0 -0.896295 0.4434583 0 -0.8962951 0.4434583 0 -0.8962951 0.4434583 0 -0.896295 0.4434583 0 -0.9196727 0.3926857 0 -0.9196727 0.3926857 0 -0.9196727 0.3926857 0 -0.9196727 0.3926857 0 -0.9196727 0.3926857 0 -0.9196727 0.3926857 0 -0.9196728 0.3926857 0 -0.9196727 0.3926857 0 -0.9382553 0.3459437 0 -0.9530834 0.302708 0 -0.9649494 0.262436 0 -0.9649493 0.262436 0 -0.9382553 0.3459437 0 -0.9382552 0.3459437 0 -0.9382552 0.3459437 0 -0.9382552 0.3459437 0 -0.9382552 0.3459437 0 -0.9382552 0.3459437 0 -0.9382553 0.3459437 0 -0.9382553 0.3459437 0 -0.9530834 0.302708 0 -0.9530834 0.302708 0 -0.9530833 0.3027079 0 -0.9530834 0.302708 0 -0.9530834 0.302708 0 -0.9530834 0.302708 0 -0.9649493 0.262436 0 -0.9649493 0.262436 0 -0.974444 0.2246306 0 -0.974444 0.2246306 0 -0.9649494 0.262436 0 -0.9649494 0.262436 0 -0.9649494 0.262436 0 -0.974444 0.2246306 0 -0.974444 0.2246306 0 -0.9819986 0.1888881 0 -0.9819986 0.1888881 0 -0.974444 0.2246306 0 -0.9819986 0.1888881 0 -0.9819986 0.1888881 0 -0.9819986 0.1888881 0 -0.9879453 0.1548033 0 -0.9879453 0.1548033 0 -0.974444 0.2246306 0 -0.9819986 0.1888881 0 -0.9819986 0.1888881 0 -0.9744439 0.2246306 0 -0.9744439 0.2246306 0 -0.9819986 0.1888881 0 -0.9819986 0.1888881 0 -0.9819986 0.1888881 0 -0.9879453 0.1548033 0 -0.9925256 0.1220374 0 -0.9819986 0.1888881 0 -0.9879453 0.1548033 0 -0.9879453 0.1548033 0 -0.9879453 0.1548033 0 -0.9879453 0.1548033 0 -0.9879453 0.1548033 0 -0.9879453 0.1548033 2.35786e-4 0.9933628 0.1150231 -3.01717e-5 0.9910758 0.1332997 4.58482e-5 0.9884608 0.1514763 -4.56209e-5 0.9853262 0.170682 7.98383e-5 0.9817904 0.1899671 -4.56596e-5 0.9777002 0.210005 1.39229e-4 0.974444 0.2246306 2.137e-5 0.9731193 0.2303014 -2.30537e-5 0.967859 0.2514933 -1.86601e-5 0.9618737 0.2734941 2.91859e-5 0.9551408 0.2961522 1.69822e-4 0.9530767 0.302729 -4.84375e-5 0.947406 0.3200342 1.07396e-4 0.9388355 0.344366 -5.93637e-5 0.9288771 0.370388 7.38242e-5 0.9177468 0.3971661 -4.94131e-5 0.9048745 0.4256784 2.26142e-4 0.8962879 0.4434727 0 0.890453 0.4550752 0 0.8737393 0.4863947 -5.91509e-5 0.8545286 0.5194045 9.74697e-5 0.8329694 0.553319 2.55324e-4 0.828936 0.5593435 -1.01626e-4 0.8074833 0.5898905 2.62686e-4 0.7790015 0.627022 -1.06231e-4 0.7450142 0.6670486 6.58661e-5 0.7067811 0.7074323 -5.17531e-5 0.6623152 0.7492253 4.57673e-4 0.6378397 0.7701691 -6.50324e-5 0.6110855 0.7915647 7.47677e-5 0.5533671 0.8329375 -1.63192e-4 0.4868598 0.8734801 3.34815e-4 0.4144176 0.9100868 4.87752e-4 0.4089798 0.9125434 -2.13165e-4 0.330794 0.943703 6.22487e-4 0.2578879 0.9661746 0 0.1374091 0.9905143 0 0.1374091 0.9905143 0 0.257888 0.9661748 0 0.4089798 0.9125434 0 0.5355916 0.8444772 0 0.6378397 0.7701691 0 0.7178033 0.696246 0 0.7803466 0.6253473 0 0.8289361 0.5593435 0 0.8665823 0.4990343 0 0.8962879 0.4434727 0 0.9197186 0.3925781 0 0.9382552 0.3459437 0 0.9530767 0.302729 0 0.9649212 0.2625395 0 0.974444 0.2246306 0 0.9820012 0.1888747 0 0.9879598 0.1547108 0 0.9925134 0.1221355 0 0.9879598 0.1547108 0 0.9820012 0.1888747 0 0.974444 0.2246306 0 0.9649213 0.2625395 0 0.9530767 0.302729 4.84377e-5 0.947406 0.3200342 -1.69823e-4 0.9530767 0.302729 -2.91859e-5 0.9551408 0.2961522 1.86603e-5 0.9618737 0.2734941 2.30535e-5 0.967859 0.2514932 -2.137e-5 0.9731194 0.2303014 -1.39229e-4 0.974444 0.2246306 4.56596e-5 0.9777004 0.210005 -7.98384e-5 0.9817905 0.1899671 4.56209e-5 0.9853262 0.170682 -4.58483e-5 0.9884609 0.1514763 3.01718e-5 0.9910758 0.1332997 0 0.9913521 0.1312285 -3.73602e-5 0.9920204 0.1260771 0 0.9933516 0.1151194 1.20669e-4 0.9879598 0.1547108 0 0.9820011 0.1888747 0 0.974444 0.2246306 0 0.974444 0.2246306 1.07021e-4 0.9820011 0.1888747 0 0.974444 0.2246306 0 0.9649212 0.2625395 0 0.9649212 0.2625395 1.64278e-4 0.9649212 0.2625395 0 0.9530767 0.302729 0 0.9382552 0.3459437 0 0.9382552 0.3459437 1.48385e-4 0.9382553 0.3459437 0 0.9197186 0.3925781 0 0.8962879 0.4434727 0 0.8962879 0.4434727 1.80959e-4 0.9197186 0.3925781 0 0.8962879 0.4434727 0 0.8665823 0.4990343 0 0.8665823 0.4990343 2.59329e-4 0.8665823 0.4990342 0 0.828936 0.5593435 0 0.7803466 0.6253473 0 0.7803466 0.6253473 2.07322e-4 0.7803466 0.6253473 0 0.7178033 0.696246 0 0.6378397 0.7701691 0 0.6378397 0.7701691 3.61475e-4 0.7178032 0.6962459 0 0.6378397 0.7701691 0 0.5355916 0.8444772 0 0.5355916 0.8444772 5.055e-4 0.5355914 0.8444771 0 0.4089798 0.9125434 0 0.257888 0.9661748 0 0.257888 0.9661748 2.69768e-4 0.2434428 0.9699152 -1.76655e-4 0.1476211 0.989044 0 0.04977262 0.9987605 4.98828e-5 0.1106014 0.9938649 0 0.08834254 0.9960901 0 0.257888 0.9661749 0 0.4089798 0.9125434 0 0.5355915 0.8444772 0 0.6378397 0.7701691 0 0.7178033 0.696246 0 0.7803466 0.6253473 0 0.828936 0.5593434 0 0.8665822 0.4990343 0 0.8962879 0.4434727 0 0.9197187 0.3925781 0 0.9382552 0.3459437 0 0.9530767 0.302729 0 0.9649213 0.2625395 0 0.974444 0.2246306 0 0.9820012 0.1888747 0 0.9879598 0.1547108 0 0.9879598 0.1547108 -3.9433e-4 0.05117863 0.9986894 0 0.1374091 0.9905143 1.76656e-4 0.1476211 0.989044 -2.69769e-4 0.2434428 0.9699152 2.13166e-4 0.330794 0.9437029 -3.34816e-4 0.4144175 0.9100868 1.63192e-4 0.4868598 0.8734802 -5.055e-4 0.5355914 0.8444771 -7.4768e-5 0.5533671 0.8329375 6.50327e-5 0.6110855 0.7915647 5.1753e-5 0.6623151 0.7492253 -6.58656e-5 0.7067811 0.7074323 -3.61476e-4 0.7178032 0.6962459 1.06231e-4 0.7450142 0.6670486 -2.07322e-4 0.7803465 0.6253473 0 0.828936 0.5593435 0 0.8665822 0.4990343 0 0.8962879 0.4434727 0 0.9197186 0.3925781 0 0.9382553 0.3459437 0 0.9197186 0.3925781 0 0.9197186 0.3925781 0 0.8962879 0.4434727 0 0.8665823 0.4990343 0 0.8289361 0.5593435 0 0.7803466 0.6253473 0 0.7178033 0.696246 0 0.7803466 0.6253473 0 0.7803466 0.6253473 -6.2249e-4 0.2578879 0.9661746 0 0.4089798 0.9125434 0 0.5355915 0.8444772 0 0.6378397 0.7701691 0 0.7178033 0.696246 0 0.7803466 0.6253473 0 0.7178033 0.696246 0 0.7178033 0.696246 0 0.6378397 0.7701691 0 0.5355916 0.8444772 0 0.4089798 0.9125434 0 0.257888 0.9661749 0 0.257888 0.9661749 0 0.257888 0.9661749 -4.87755e-4 0.4089798 0.9125434 0 0.5355916 0.8444772 0 0.6378397 0.7701691 0 0.7178033 0.696246 0 0.7803466 0.6253473 0 0.828936 0.5593435 0 0.7803466 0.6253473 -4.57674e-4 0.6378397 0.7701691 0 0.7178033 0.696246 0 0.7803466 0.6253473 0 0.8289361 0.5593435 0 0.8665823 0.4990343 0 0.8962879 0.4434727 0 0.8665822 0.4990342 0 0.8665822 0.4990342 0 0.828936 0.5593435 0 0.7803466 0.6253473 0 0.7178033 0.696246 0 0.6378397 0.7701691 0 0.5355916 0.8444772 0 0.6378397 0.7701691 0 0.6378397 0.7701691 -2.62687e-4 0.7790015 0.627022 1.01626e-4 0.8074833 0.5898906 -9.74695e-5 0.8329694 0.553319 5.91512e-5 0.8545286 0.5194045 -2.5933e-4 0.8665822 0.4990343 0 0.8737393 0.4863947 0 0.890453 0.4550752 4.94132e-5 0.9048745 0.4256784 -7.38245e-5 0.9177467 0.397166 -1.80959e-4 0.9197187 0.3925781 5.93638e-5 0.9288772 0.3703879 -1.48385e-4 0.9382553 0.3459438 0 0.9530767 0.302729 0 0.9649213 0.2625395 0 0.974444 0.2246306 0 0.9820012 0.1888747 0 0.9879598 0.1547108 0 0.9820011 0.1888747 0 0.9820011 0.1888747 0 0.974444 0.2246306 0 0.9649212 0.2625395 0 0.9530767 0.302729 0 0.9382553 0.3459437 0 0.9197186 0.3925781 0 0.9382553 0.3459437 0 0.9382553 0.3459437 -2.55324e-4 0.828936 0.5593435 0 0.8665822 0.4990343 0 0.8962879 0.4434727 0 0.9197186 0.3925781 0 0.9382552 0.3459437 0 0.9530767 0.302729 0 0.9382553 0.3459437 -2.26142e-4 0.8962879 0.4434727 0 0.9197186 0.3925781 0 0.9382553 0.3459437 0 0.9530767 0.302729 0 0.9649212 0.2625395 0 0.974444 0.2246306 0 0.9649213 0.2625395 0 0.9649213 0.2625395 0 0.9530767 0.302729 0 0.9382552 0.3459437 0 0.9197186 0.3925781 0 0.8962879 0.4434727 0 0.8665822 0.4990343 0 0.8962879 0.4434727 0 0.8962879 0.4434727 -1.07397e-4 0.9388356 0.344366 -1.64278e-4 0.9649213 0.2625395 0 0.9744439 0.2246306 0 0.9820013 0.1888747 0 0.9879598 0.1547108 0 0.9925134 0.1221355 0 0.9925134 0.1221355 -1.07021e-4 0.9820011 0.1888747 0 0.9879598 0.1547108 0 0.9925135 0.1221355 0 0.9925134 0.1221355 0 0.9879598 0.1547108 0 0.9879598 0.1547108 0 0.9879598 0.1547108 -1.20669e-4 0.9879598 0.1547108 0 0.9879598 0.1547108 0 0.9925135 0.1221355 0 0.9925134 0.1221355 0 0.9925134 0.1221355 0 0.9879598 0.1547108 0 0.9879598 0.1547108 0 0.9879598 0.1547108 0 0.9820012 0.1888747 0 0.9820012 0.1888747 0 0.9925135 0.1221355 0 0.9879598 0.1547108 0 0.9879598 0.1547108 0 0.9879598 0.1547108 0 0.9879598 0.1547108 0 0.9820011 0.1888747 0 0.9820012 0.1888747 0 0.9820012 0.1888747 0 0.9820012 0.1888747 0 0.9820012 0.1888747 0 0.9820012 0.1888747 0 0.9820013 0.1888747 0 0.9820012 0.1888747 0 0.9744439 0.2246306 0 0.974444 0.2246306 0 0.974444 0.2246306 0 0.974444 0.2246306 0 0.974444 0.2246306 0 0.974444 0.2246306 0 0.974444 0.2246306 0 0.974444 0.2246306 0 0.9649213 0.2625395 0 0.9530767 0.302729 0 0.9530767 0.302729 0 0.9649213 0.2625395 0 0.9649212 0.2625395 0 0.9649213 0.2625395 0 0.9649212 0.2625395 0 0.9649212 0.2625395 0 0.9649212 0.2625395 0 0.9649212 0.2625395 0 0.9530767 0.302729 0 0.9530767 0.302729 0 0.9530767 0.302729 0 0.9530767 0.302729 0 0.9530766 0.302729 0 0.9530766 0.302729 0 0.9530767 0.302729 0 0.9382553 0.3459437 0 0.9197186 0.3925781 0 0.9197186 0.3925781 0 0.9382553 0.3459437 0 0.9382552 0.3459437 0 0.9382552 0.3459437 0 0.9382552 0.3459437 0 0.9382552 0.3459437 0 0.9197186 0.3925781 0 0.9197186 0.3925781 0 0.9197187 0.3925781 0 0.9197186 0.3925781 0 0.9197187 0.3925781 0 0.9197187 0.3925781 0 0.8962879 0.4434727 0 0.8962879 0.4434727 0 0.8962879 0.4434727 0 0.8962879 0.4434727 0 0.8962879 0.4434727 0 0.8962879 0.4434727 0 0.8665822 0.4990342 0 0.8289361 0.5593435 0 0.8289361 0.5593435 0 0.8665822 0.4990342 0 0.8665823 0.4990343 0 0.8665822 0.4990343 0 0.8665823 0.4990343 0 0.8665823 0.4990343 0 0.8665822 0.4990343 0 0.8289361 0.5593435 0 0.828936 0.5593434 0 0.8289361 0.5593435 0 0.8289361 0.5593435 0 0.828936 0.5593435 0 0.828936 0.5593435 0 0.828936 0.5593435 0 0.828936 0.5593435 0 0.7803466 0.6253473 0 0.7178033 0.696246 0 0.7178033 0.696246 0 0.7803466 0.6253473 0 0.7803466 0.6253473 0 0.7803466 0.6253473 0 0.7803466 0.6253473 0 0.7803466 0.6253473 0 0.7178033 0.696246 0 0.7178033 0.696246 0 0.7178033 0.696246 0 0.7178033 0.696246 0 0.7178033 0.696246 0 0.7178033 0.696246 0 0.6378397 0.7701691 0 0.6378397 0.7701691 0 0.6378397 0.7701691 0 0.5355915 0.8444772 0 0.4089798 0.9125434 0 0.257888 0.9661748 0 0.0883426 0.9960901 0 0.0883426 0.9960902 0 0.0883426 0.9960902 0 0.0883426 0.9960901 0 0.257888 0.9661749 0 0.4089798 0.9125434 0 0.5355916 0.8444772 0 0.5355915 0.8444772 0 0.6378397 0.7701691 0 0.6378397 0.7701691 0 0.6378397 0.7701691 0 0.6378397 0.7701691 0 0.5355915 0.8444772 0 0.4089798 0.9125434 0 0.4089798 0.9125434 0 0.5355915 0.8444772 0 0.5355916 0.8444772 0 0.5355915 0.8444772 0 0.5355916 0.8444772 0 0.5355916 0.8444772 0 0.5355915 0.8444772 0 0.4089798 0.9125434 0 0.4089798 0.9125434 0 0.4089798 0.9125434 0 0.4089798 0.9125434 0 0.4089798 0.9125434 0 0.257888 0.9661748 0 0.257888 0.9661748 0 0.257888 0.9661748 0 0.4089798 0.9125435 0 0.4089798 0.9125435 0 0.4089798 0.9125434 0 0.4089798 0.9125434 0 0.257888 0.9661748 0 0.1374091 0.9905143 0 0.257888 0.9661748 0 0.257888 0.9661748 0 0.257888 0.9661749 0 0.257888 0.9661748 0 0.257888 0.9661748 0.9240884 -0.002673745 0.3821696 0.9014094 3.2747e-4 0.4329677 0.8768021 -5.15037e-4 0.4808511 0.8503466 4.68159e-4 0.5262229 0.8225079 -8.40513e-4 0.5687531 0.7933647 4.18452e-4 0.6087464 0.7717738 -0.00138396 0.6358957 0.7633677 -2.31625e-4 0.6459642 0.7325692 1.85425e-4 0.6806926 0.7013911 1.84738e-4 0.7127767 0.6698393 -2.30371e-4 0.742506 0.661008 -0.001393496 0.7503776 0.6379935 4.18382e-4 0.7700416 0.6064025 -8.23552e-4 0.7951574 0.5743529 4.65107e-4 0.8186078 0.542955 -5.3264e-4 0.8397616 0.511272 3.28016e-4 0.8594189 0.4922105 -0.001511156 0.8704749 0.4800592 0 0.8772361 0.4490607 0 0.8935013 0.4183354 3.54151e-4 0.9082926 0.3880842 -5.4365e-4 0.9216237 0.3829013 -0.001415252 0.9237882 0.3576586 5.21444e-4 0.9338523 0.3296195 -0.001250028 0.944113 0.2772201 0 0.9608064 0.22566 0 0.9742061 0.1747261 0 0.984617 0.1244338 0 0.9922279 0.07447564 0 0.9972229 0.02480137 0 0.9996924 0.02480137 0 0.9996924 0.07447564 0 0.9972229 0.1244338 0 0.9922279 0.1747261 0 0.9846171 0.22566 0 0.9742061 0.2772201 0 0.9608065 0.3296198 0 0.9441137 0.3829017 0 0.9237892 0.4371255 0 0.8994005 0.492211 0 0.8704759 0.5480868 0 0.8364216 0.604467 0 0.7966302 0.6610086 0 0.7503783 0.7170423 0 0.6970297 0.7717745 0 0.6358963 0.824045 0 0.5665244 0.872507 0 0.4886015 0.9154696 0 0.4023872 0.9154696 0 0.4023872 0.872507 0 0.4886016 0.824045 0 0.5665244 0.7717745 0 0.6358963 0.7170423 0 0.6970297 0.6610087 0 0.7503783 0.604467 0 0.7966302 0.5480868 0 0.8364215 0.4922111 0 0.8704759 0.4800592 0 0.8772361 0.4922105 0.001511096 0.8704749 0.511272 -3.28014e-4 0.8594189 0.542955 5.32635e-4 0.8397616 0.5743528 -4.65106e-4 0.8186078 0.6064025 8.23549e-4 0.7951574 0.6379936 -4.18382e-4 0.7700415 0.661008 0.001393496 0.7503776 0.6698394 2.30371e-4 0.742506 0.7013911 -1.84739e-4 0.7127767 0.7325692 -1.8542e-4 0.6806926 0.7633677 2.31623e-4 0.6459642 0.7717738 0.0013839 0.6358957 0.7933648 -4.18448e-4 0.6087465 0.8225079 8.40506e-4 0.5687531 0.8503466 -4.68159e-4 0.5262229 0.8768021 5.15029e-4 0.4808511 0.9014094 -3.27467e-4 0.4329677 0.9040203 0 0.4274895 0.9040203 0 0.4274895 0.9115365 3.20797e-4 0.4112191 0.9239822 0 0.3824355 0.8725063 -0.001290202 0.4886012 0.824045 0 0.5665244 0.7717745 0 0.6358963 0.7170423 0 0.6970297 0.6610086 0 0.7503783 0.604467 0 0.7966303 0.5480867 0 0.8364215 0.4922111 0 0.8704758 0.492211 0 0.8704759 0.8240445 -0.001110553 0.566524 0.7717745 0 0.6358963 0.7170423 0 0.6970297 0.6610087 0 0.7503783 0.604467 0 0.7966302 0.5480868 0 0.8364216 0.4922111 0 0.8704759 0.4371255 0 0.8994005 0.4371255 0 0.8994005 0.7170415 -0.001473784 0.6970289 0.6610087 0 0.7503783 0.604467 0 0.7966302 0.5480868 0 0.8364216 0.492211 0 0.8704759 0.4371255 0 0.8994005 0.3829017 0 0.9237892 0.3296198 0 0.9441137 0.3296198 0 0.9441137 0.6044666 -0.001131653 0.7966297 0.5480868 0 0.8364216 0.492211 0 0.8704759 0.4371255 0 0.8994005 0.3829017 0 0.9237892 0.3296198 0 0.9441137 0.2772201 0 0.9608065 0.22566 0 0.9742062 0.22566 0 0.9742061 0.5480863 -0.001285851 0.8364208 0.4922111 0 0.8704758 0.4371255 0 0.8994005 0.3829017 0 0.9237892 0.3296198 0 0.9441137 0.2772201 0 0.9608064 0.22566 0 0.9742062 0.1747261 0 0.984617 0.1747261 0 0.9846171 0.437125 -0.001550495 0.8993995 0.3829017 0 0.9237892 0.3296198 0 0.9441137 0.2772201 0 0.9608064 0.22566 0 0.9742061 0.1747261 0 0.984617 0.1244338 0 0.992228 0.07447564 0 0.9972229 0.07447564 0 0.9972229 0.3281974 -9.79572e-4 0.9446086 0.2983072 4.93089e-4 0.9544698 0.269208 -2.9126e-4 0.963082 0.2400051 2.27062e-4 0.9707716 0.2256596 -0.001895427 0.9742044 0.2111932 2.51435e-4 0.9774443 0.1827598 -2.99921e-4 0.9831576 0.1540583 5.94683e-4 0.9880616 0.1263234 -0.001189351 0.9919884 0.1244336 -0.001702904 0.9922265 0.09765744 7.26976e-4 0.9952198 0.07447546 -0.00205779 0.9972207 0.0387718 0 0.9992481 0.03059834 -2.5649e-4 0.9995316 0.02480137 0 0.9996924 0.07447564 0 0.9972229 0.1244338 0 0.9922279 0.1244338 0 0.9922279 0.1747261 0 0.984617 0.1747261 0 0.9846171 0.1747261 0 0.984617 0.1747258 -0.001933991 0.9846152 0.1747261 0 0.984617 0.1244338 0 0.9922279 0.1244338 0 0.9922279 0.07447564 0 0.9972229 0.0387718 0 0.9992481 0.07447564 0 0.9972229 0.07447564 0 0.9972229 0.07447564 0 0.9972229 0.02480137 0 0.9996924 0.2772197 -0.001658082 0.9608052 0.22566 0 0.9742062 0.22566 0 0.9742061 0.07003039 -8.81696e-4 0.9975444 0.04173189 5.66848e-4 0.9991287 0.01394003 0 0.9999028 0.02480137 0 0.9996924 0.07447564 0 0.9972229 0.1244338 0 0.9922279 0.1747261 0 0.984617 0.22566 0 0.9742062 0.2772201 0 0.9608064 0.3296198 0 0.9441137 0.3829017 0 0.9237892 0.4371255 0 0.8994005 0.4922111 0 0.8704758 0.5480868 0 0.8364216 0.604467 0 0.7966303 0.6610087 0 0.7503783 0.7170423 0 0.6970297 0.7717745 0 0.6358963 0.824045 0 0.5665244 0.872507 0 0.4886015 0.872507 0 0.4886015 0.02480137 0 0.9996924 0.02480137 0 0.9996924 0.02480137 0 0.9996924 0.02480137 0 0.9996924 0.01520168 0.004511058 0.9998743 0.04173183 -5.66835e-4 0.9991287 0.07003033 8.81671e-4 0.9975445 0.07447546 0.00205779 0.9972208 0.09765756 -7.26972e-4 0.9952199 0.1244336 0.001702904 0.9922265 0.1747262 0 0.9846171 0.22566 0 0.9742061 0.27722 0 0.9608064 0.3296198 0 0.9441138 0.3829017 0 0.9237892 0.4371255 0 0.8994005 0.4922111 0 0.8704759 0.5480868 0 0.8364215 0.604467 0 0.7966302 0.5480868 0 0.8364215 0.5480868 0 0.8364215 0.4922111 0 0.8704759 0.4371255 0 0.8994005 0.3829017 0 0.9237891 0.3296198 0 0.9441138 0.2772201 0 0.9608064 0.22566 0 0.9742061 0.1747262 0 0.9846171 0.1244338 0 0.9922279 0.07447564 0 0.9972229 0.1244338 0 0.9922279 0.1244338 0 0.9922279 0.1263235 0.001189291 0.9919884 0.1540583 -5.94677e-4 0.9880616 0.1827598 2.99918e-4 0.9831575 0.2111932 -2.51432e-4 0.9774443 0.2256596 0.001895427 0.9742044 0.2400051 -2.27058e-4 0.9707716 0.269208 2.91253e-4 0.9630821 0.2983072 -4.93084e-4 0.9544697 0.3281974 9.79566e-4 0.9446087 0.3296195 0.001250028 0.944113 0.3576586 -5.21435e-4 0.9338523 0.3829013 0.001415193 0.9237883 0.4371255 0 0.8994005 0.4922111 0 0.8704759 0.5480868 0 0.8364215 0.604467 0 0.7966302 0.6610087 0 0.7503783 0.7170423 0 0.6970297 0.7717745 0 0.6358963 0.824045 0 0.5665244 0.872507 0 0.4886016 0.824045 0 0.5665244 0.824045 0 0.5665244 0.7717745 0 0.6358963 0.7170423 0 0.6970297 0.6610087 0 0.7503783 0.604467 0 0.7966302 0.5480868 0 0.8364216 0.4922111 0 0.8704759 0.4371255 0 0.8994005 0.3829017 0 0.9237891 0.3296198 0 0.9441138 0.3829017 0 0.9237891 0.3829017 0 0.9237891 0.1747258 0.001933991 0.9846153 0.22566 0 0.9742061 0.27722 0 0.9608064 0.3296198 0 0.9441138 0.3829017 0 0.9237891 0.4371255 0 0.8994005 0.4922111 0 0.8704759 0.5480868 0 0.8364215 0.604467 0 0.7966302 0.6610087 0 0.7503783 0.604467 0 0.7966302 0.2772197 0.001658082 0.9608051 0.3296198 0 0.9441138 0.3829017 0 0.9237891 0.4371255 0 0.8994005 0.4922111 0 0.8704759 0.5480868 0 0.8364216 0.604467 0 0.7966302 0.6610087 0 0.7503783 0.7170423 0 0.6970297 0.7717745 0 0.6358963 0.7170423 0 0.6970297 0.7170423 0 0.6970297 0.6610087 0 0.7503783 0.604467 0 0.7966302 0.5480868 0 0.8364215 0.4922111 0 0.8704759 0.4371255 0 0.8994005 0.3829017 0 0.9237891 0.3296198 0 0.9441138 0.27722 0 0.9608064 0.22566 0 0.9742061 0.27722 0 0.9608064 0.27722 0 0.9608064 0.3880843 5.43639e-4 0.9216237 0.4183354 -3.54146e-4 0.9082926 0.4490607 0 0.8935013 0.437125 0.001550495 0.8993994 0.4371255 0 0.8994005 0.4922111 0 0.8704759 0.4922111 0 0.8704759 0.5480868 0 0.8364215 0.604467 0 0.7966302 0.6610087 0 0.7503783 0.7170423 0 0.6970297 0.7717745 0 0.6358963 0.824045 0 0.5665244 0.872507 0 0.4886016 0.872507 0 0.4886016 0.5480862 0.001285851 0.8364208 0.604467 0 0.7966302 0.6610087 0 0.7503783 0.7170423 0 0.6970297 0.7717745 0 0.6358963 0.824045 0 0.5665244 0.872507 0 0.4886016 0.9154696 0 0.4023872 0.9154696 0 0.4023872 0.6044666 0.001131653 0.7966297 0.6610087 0 0.7503783 0.7170423 0 0.6970297 0.7717745 0 0.6358963 0.824045 0 0.5665244 0.872507 0 0.4886015 0.9154696 0 0.4023872 0.872507 0 0.4886016 0.7170415 0.001473784 0.6970289 0.7717745 0 0.6358963 0.824045 0 0.5665244 0.872507 0 0.4886016 0.9154696 0 0.4023872 0.9154696 0 0.4023872 0.872507 0 0.4886015 0.872507 0 0.4886016 0.872507 0 0.4886016 0.8240445 0.001110553 0.566524 0.872507 0 0.4886016 0.872507 0 0.4886016 0.872507 0 0.4886016 0.872507 0 0.4886016 0.9154696 0 0.4023872 0.8725063 0.001290202 0.4886012 0.872507 0 0.4886016 0.9154696 0 0.4023873 0.9154696 0 0.4023873 0.9154696 0 0.4023872 0.9154696 0 0.4023872 0.872507 0 0.4886015 0.824045 0 0.5665244 0.7717745 0 0.6358963 0.7170423 0 0.6970297 0.6610087 0 0.7503783 0.604467 0 0.7966303 0.5480868 0 0.8364216 0.5480868 0 0.8364216 0.872507 0 0.4886015 0.9154696 0 0.4023872 0.872507 0 0.4886015 0.872507 0 0.4886015 0.872507 0 0.4886015 0.872507 0 0.4886015 0.9154696 0 0.4023872 0.872507 0 0.4886015 0.872507 0 0.4886015 0.824045 0 0.5665244 0.7717745 0 0.6358963 0.7170423 0 0.6970297 0.6610087 0 0.7503783 0.6610086 0 0.7503783 0.9154696 0 0.4023872 0.872507 0 0.4886015 0.872507 0 0.4886015 0.824045 0 0.5665244 0.7717745 0 0.6358963 0.7170423 0 0.6970297 0.7170423 0 0.6970297 0.9154695 0 0.4023873 0.8725071 0 0.4886016 0.8725071 0 0.4886016 0.824045 0 0.5665244 0.7717745 0 0.6358963 0.7717745 0 0.6358963 0.9154696 0 0.4023872 0.9154696 0 0.4023872 0.872507 0 0.4886015 0.824045 0 0.5665244 0.824045 0 0.5665244 0.824045 0 0.5665244 0.872507 0 0.4886015 0.872507 0 0.4886015 0.872507 0 0.4886016 0.872507 0 0.4886016 0.824045 0 0.5665244 0.824045 0 0.5665244 0.824045 0 0.5665244 0.824045 0 0.5665244 0.824045 0 0.5665244 0.7717745 0 0.6358963 0.7170423 0 0.6970297 0.6610087 0 0.7503783 0.604467 0 0.7966303 0.604467 0 0.7966302 0.824045 0 0.5665244 0.824045 0 0.5665244 0.824045 0 0.5665244 0.824045 0 0.5665244 0.824045 0 0.5665244 0.824045 0 0.5665244 0.824045 0 0.5665244 0.824045 0 0.5665244 0.824045 0 0.5665244 0.824045 0 0.5665244 0.7717745 0 0.6358963 0.7717745 0 0.6358963 0.7717745 0 0.6358963 0.824045 0 0.5665244 0.824045 0 0.5665244 0.824045 0 0.5665244 0.7717745 0 0.6358963 0.7717745 0 0.6358963 0.7717745 0 0.6358963 0.7717745 0 0.6358963 0.7717745 0 0.6358963 0.7717745 0 0.6358963 0.7717745 0 0.6358963 0.7717745 0 0.6358963 0.7717745 0 0.6358963 0.7717745 0 0.6358963 0.7717745 0 0.6358963 0.7717745 0 0.6358963 0.7717745 0 0.6358963 0.7717745 0 0.6358963 0.7717745 0 0.6358963 0.7170423 0 0.6970297 0.6610086 0 0.7503783 0.604467 0 0.7966303 0.5480868 0 0.8364216 0.4922111 0 0.8704758 0.4371255 0 0.8994004 0.3829017 0 0.9237892 0.3829017 0 0.9237892 0.7170423 0 0.6970297 0.7170423 0 0.6970297 0.7170423 0 0.6970297 0.7170423 0 0.6970297 0.7170423 0 0.6970297 0.7170423 0 0.6970297 0.7170423 0 0.6970297 0.7170423 0 0.6970297 0.7170423 0 0.6970297 0.7170423 0 0.6970297 0.7170423 0 0.6970297 0.7170423 0 0.6970297 0.7170423 0 0.6970297 0.7170423 0 0.6970297 0.7170423 0 0.6970297 0.7170423 0 0.6970297 0.7170423 0 0.6970297 0.6610087 0 0.7503783 0.6610086 0 0.7503783 0.6610087 0 0.7503783 0.6610086 0 0.7503783 0.6610087 0 0.7503783 0.6610087 0 0.7503783 0.6610087 0 0.7503783 0.6610087 0 0.7503783 0.6610087 0 0.7503783 0.6610087 0 0.7503783 0.6610087 0 0.7503783 0.6610087 0 0.7503783 0.6610087 0 0.7503783 0.6610087 0 0.7503783 0.6610087 0 0.7503783 0.6610087 0 0.7503783 0.6610087 0 0.7503783 0.604467 0 0.7966303 0.5480868 0 0.8364216 0.4922111 0 0.8704758 0.4371255 0 0.8994005 0.3829017 0 0.9237892 0.3296198 0 0.9441137 0.2772201 0 0.9608064 0.2772201 0 0.9608065 0.604467 0 0.7966303 0.604467 0 0.7966302 0.604467 0 0.7966303 0.604467 0 0.7966302 0.604467 0 0.7966303 0.604467 0 0.7966303 0.604467 0 0.7966303 0.604467 0 0.7966303 0.604467 0 0.7966302 0.604467 0 0.7966302 0.604467 0 0.7966303 0.604467 0 0.7966303 0.604467 0 0.7966302 0.604467 0 0.7966302 0.604467 0 0.7966302 0.604467 0 0.7966302 0.5480868 0 0.8364216 0.5480868 0 0.8364216 0.5480868 0 0.8364216 0.5480868 0 0.8364216 0.5480868 0 0.8364216 0.5480867 0 0.8364215 0.5480868 0 0.8364216 0.5480868 0 0.8364216 0.5480868 0 0.8364215 0.5480868 0 0.8364215 0.5480868 0 0.8364215 0.5480868 0 0.8364215 0.5480868 0 0.8364215 0.5480868 0 0.8364215 0.5480868 0 0.8364215 0.5480868 0 0.8364215 0.492211 0 0.8704759 0.4922111 0 0.8704758 0.492211 0 0.8704759 0.4922111 0 0.8704758 0.4922111 0 0.8704759 0.4922111 0 0.8704758 0.4922111 0 0.8704758 0.4922111 0 0.8704759 0.4371255 0 0.8994005 0.3829017 0 0.9237891 0.3296198 0 0.9441138 0.27722 0 0.9608064 0.22566 0 0.9742061 0.1747262 0 0.9846171 0.1244338 0 0.9922279 0.07447564 0 0.9972229 0.02480137 0 0.9996924 0.02480137 0 0.9996924 0.02480137 0 0.9996924 0.02480137 0 0.9996924 0.02480137 0 0.9996924 0.02480137 0 0.9996924 0.02480137 0 0.9996924 0.07447564 0 0.9972229 0.1244338 0 0.9922279 0.1747262 0 0.9846171 0.22566 0 0.9742061 0.27722 0 0.9608064 0.27722 0 0.9608064 0.4922111 0 0.8704759 0.4922111 0 0.8704759 0.4922111 0 0.8704759 0.4922111 0 0.8704758 0.4922111 0 0.8704758 0.4922111 0 0.8704759 0.4922111 0 0.8704759 0.4922111 0 0.8704758 0.4371255 0 0.8994005 0.3829017 0 0.9237892 0.3296198 0 0.9441137 0.2772201 0 0.9608065 0.22566 0 0.9742062 0.1747262 0 0.9846171 0.1244338 0 0.9922279 0.1244338 0 0.9922279 0.4371255 0 0.8994005 0.4371255 0 0.8994005 0.4371255 0 0.8994005 0.4371255 0 0.8994005 0.4371255 0 0.8994005 0.4371255 0 0.8994004 0.4371255 0 0.8994005 0.4371255 0 0.8994005 0.4371255 0 0.8994005 0.3829017 0 0.9237891 0.3296198 0 0.9441138 0.27722 0 0.9608064 0.27722 0 0.9608064 0.22566 0 0.9742061 0.22566 0 0.9742061 0.22566 0 0.9742062 0.22566 0 0.9742061 0.22566 0 0.9742062 0.2772201 0 0.9608064 0.27722 0 0.9608064 0.27722 0 0.9608064 0.27722 0 0.9608064 0.22566 0 0.9742061 0.4371255 0 0.8994005 0.4371255 0 0.8994005 0.4371255 0 0.8994005 0.4371255 0 0.8994005 0.4371255 0 0.8994005 0.4371255 0 0.8994005 0.4371255 0 0.8994005 0.4371255 0 0.8994005 0.3829017 0 0.9237892 0.3829017 0 0.9237892 0.3829017 0 0.9237892 0.3829017 0 0.9237892 0.3829017 0 0.9237892 0.3829017 0 0.9237892 0.3829017 0 0.9237892 0.3829017 0 0.9237891 0.3829017 0 0.9237891 0.3296198 0 0.9441138 0.3296198 0 0.9441138 0.3296198 0 0.9441138 0.3829017 0 0.9237891 0.3829017 0 0.9237891 0.3829017 0 0.9237892 0.3829017 0 0.9237891 0.3829017 0 0.9237891 0.3829017 0 0.9237891 0.3829017 0 0.9237892 0.3296198 0 0.9441137 0.2772201 0 0.9608065 0.22566 0 0.9742062 0.1747261 0 0.9846171 0.1244338 0 0.9922279 0.07447564 0 0.9972229 0.02480137 0 0.9996924 0.07447564 0 0.9972229 0.3296198 0 0.9441137 0.3296198 0 0.9441137 0.3296198 0 0.9441137 0.3296198 0 0.9441137 0.3296198 0 0.9441137 0.3296198 0 0.9441137 0.3296198 0 0.9441137 0.3296198 0 0.9441137 0.3296198 0 0.9441138 0.3296198 0 0.9441138 0.3296198 0 0.9441137 0.3296198 0 0.9441137 0.3296198 0 0.9441138 0.3296198 0 0.9441138 0.3296198 0 0.9441138 0.2772201 0 0.9608064 0.2772201 0 0.9608065 0.2772201 0 0.9608064 0.2772201 0 0.9608065 0.2772201 0 0.9608064 0.2772201 0 0.9608065 0.2772201 0 0.9608064 0.2772201 0 0.9608064 0.27722 0 0.9608064 0.27722 0 0.9608064 0.27722 0 0.9608064 0.22566 0 0.9742062 0.22566 0 0.9742062 0.22566 0 0.9742061 0.22566 0 0.9742062 0.22566 0 0.9742062 0.22566 0 0.9742062 0.22566 0 0.9742062 0.22566 0 0.9742061 0.22566 0 0.9742061 0.22566 0 0.9742061 0.1747262 0 0.9846171 0.1747262 0 0.9846171 0.1747262 0 0.9846171 0.22566 0 0.9742061 0.22566 0 0.9742061 0.22566 0 0.9742061 0.1747261 0 0.9846171 0.1244338 0 0.9922279 0.1244338 0 0.9922279 0.1244338 0 0.9922279 0.07447564 0 0.9972229 0.07447564 0 0.9972229 0.1747261 0 0.9846171 0.1747261 0 0.984617 0.1747262 0 0.9846171 0.1747261 0 0.984617 0.1747261 0 0.984617 0.1747262 0 0.9846171 0.1747262 0 0.9846171 0.1244338 0 0.9922279 0.1244338 0 0.9922279 0.1244338 0 0.9922279 0.1244338 0 0.9922279 0.07447564 0 0.9972229 0.07447564 0 0.9972229 0.07447564 0 0.9972229 0.07447564 0 0.9972229 0.07447564 0 0.9972229 0.07447564 0 0.9972229 0.07447564 0 0.9972229 0.1747262 0 0.9846171 0.1747261 0 0.984617 0.1747262 0 0.9846171 0.1747262 0 0.9846171 0.1747262 0 0.9846171 0.1747261 0 0.984617 0.1747262 0 0.9846171 0.1747262 0 0.9846171 0.1747262 0 0.9846171 0.1244338 0 0.9922279 0.1244338 0 0.992228 0.1244338 0 0.9922279 0.1244338 0 0.9922279 0.1244338 0 0.9922279 0.1244338 0 0.9922279 0.1244338 0 0.9922279 0.07447564 0 0.9972229 0.1244338 0 0.9922279 0.1244338 0 0.9922279 0.1244338 0 0.9922279 0.1244338 0 0.9922279 0.1244338 0 0.9922279 0.1244338 0 0.9922279 0.07447564 0 0.9972229 0.07447564 0 0.9972229 0.02480137 0 0.9996924 0.07447564 0 0.9972229 0.07447564 0 0.9972229 0.07447564 0 0.9972229 0.07447564 0 0.9972229 0.07447564 0 0.9972229 0.07447564 0 0.9972229 0.07447564 0 0.9972229 0.07447564 0 0.9972229 0.07447564 0 0.9972229 -1 0 0 -1 0 0 -1 0 0 -1 0 0 0 1 0 0 1 0 0 1 0 0 1 0 0 1 0 0 1 0 0 1 0 0 1 0 0 1 0 0 1 0 0 1 0 0 1 0 0 1 0 0 1 0 0 1 0 0 1 0 0 1 0 0 1 0 0 1 0 0 1 0 0 1 0 0 1 0 0 1 0 0 1 0 0 1 0 0 1 0 0 1 0 0 1 0 0 1 0 0 1 0 0 1 0 0 1 0 0 1 0 0 1 0 0 1 0 0 1 0 0 1 0 0 1 0 0 1 0 0 1 0 0 1 0 0 1 0 0 1 0 0 1 0 0 1 0 0 1 0 0 1 0 0 1 0 0 1 0 0 1 0 0 1 0 0 1 0 1 0 0 1 0 0 1 0 0 1 0 0 0 1 0 0 1 0 0 1 0 0 1 0 0 1 0 0 1 0 0 1 0 0 1 0 0 1 0 0 1 0 0 1 0 0 1 0 0 1 0 0 1 0 0 1 0 0 1 0 0 1 0 0 1 0 0 1 0 0 1 0 0 1 0 0 1 0 0 1 0 0 1 0 0 1 0 0 1 0 0 1 0 0 1 0 0 -1 0 0 -1 0 1 0 0 1 0 0 1 0 0 1 0 0 1 0 0 1 0 0 1 0 0 1 0 0 1 0 0 1 0 0 1 0 0 1 0 0 1 0 0 1 0 0 1 0 0 1 0 0 1 0 0 1 0 0 1 0 0 1 0 0 1 0 0 1 0 0 1 0 0 1 0 0 1 0 0 1 0 0 1 0 0 1 0 0 1 0 0 0 0 -1 0 0 -1 0 -1 0 0 -1 0 0 0 -1 0 0 -1 0 0 -1 0 0 -1 0 0 -1 0 0 -1 0 0 -1 0 0 -1 0 0 -1 0 0 -1 0 0 -1 0 0 -1 0 0 -1 0 0 -1 0 0 -1 0 0 -1 0 0 -1 0 0 -1 0 0 -1 0 0 -1 0 0 -1 0 0 -1 0 0 -1 0 0 -1 0 0 -1 0 0 -1 0 0 -1 0 0 -1 0 0 -1 0 0 -1 0 0 -1 0 0 -1 0 0 -1 0 0 -1 0 0 -1 0 0 -1 0 0 -1 0 0 -1 0 0 -1 0 0 -1 0 0 -1 0 0 -1 0 0 -1 0 0 -1 0 0 -1 0 0 -1 0 0 -1 0 0 -1 0 0 -1 0 0 -1 0 0 -1 0 0 -1 0 0 -1 0 0 -1 0 0 -1 0 0 -1 0 0 -1 0 0 -1 0 0 -1 0 0 -1 0 0 -1 0 0 -1 0 0 -1 0 0 -1 0 0 -1 0 0 -1 0 0 -1 0 0 -1 0 0 -1 0 0 -1 0 0 -1 0 0 -1 0 0 -1 0 0 -1 0 0 -1 0 0 -1 0 0 -1 0 0 -1 0 0 -1 0 0 -1 0 0 -1 0 0 -1 0 0 -1 0 0 -1 0 0 -1 0 0 -1 0 0 -1 0 0 -1 0 0 -1 0 0 -1 0 0 -1 0 0 -1 0 0 -1 0 0 -1 0 0 -1 0 0 -1 0 0 -1 0 0 -1 0 0 -1 0 0 -1 0 0 -1 0 0 -1 0 0 -1 0 0 -1 0 0 -1 0 0 -1 0 0 -1 0 0 -1 0 0 -1 0 0 -1 0 0 -1 0 0 -1 0 0 -1 0 0 -1 0 0 -1 0 0 -1 0 0 -1 0 0 -1 0 0 -1 0 0 -1 0 0 -1 0 0 -1 0 0 -1 1 0 0 1 0 0 1 0 0 1 0 0 1 0 0 1 0 0 1 0 0 1 0 0 1 0 0 1 0 0 1 0 0 1 0 0 1 0 0 1 0 0 1 0 0 1 0 0 1 0 0 1 0 0 1 0 0 1 0 0 1 0 0 1 0 0 1 0 0 1 0 0 1 0 0 1 0 0 1 0 0 1 0 0 0 -1 0 0 -1 0 0 -1 0 0 -1 0 -1 0 0 -1 0 0 -1 0 0 -1 0 0 -1 0 0 -1 0 0 -1 0 0 -1 0 0 -1 0 0 -1 0 0 -1 0 0 -1 0 0 -1 0 0 -1 0 0 -1 0 0 -1 0 0 -1 0 0 -1 0 0 -1 0 0 -1 0 0 -1 0 0 -1 0 0 -1 0 0 -1 0 0 -1 0 0 -1 0 0 -1 0 0 -1 0 0 0 0 -1 0 0 -1 0 0 -1 0 0 -1 0 0 -1 0 0 -1 0 0 -1 0 0 -1 0 0 -1 0 0 -1 0 0 -1 0 0 -1 0 0 -1 0 0 -1 0 0 -1 0 0 -1 0 0 -1 0 0 -1 0 0 -1 0 0 -1 0 0 -1 0 -1 0 0 -1 0 0 -1 0 0 -1 0 0 -1 0 0 -1 0 0 -1 0 0 -1 0 0 -1 0 0 -1 0 0 -1 0 0 -1 0 0 -1 0 0 -1 0 0 -1 0 0 -1 0 0 -1 0 0 -1 0 0 -1 0 0 -1 0 0 -1 0 0 -1 0 0 -1 0 0 -1 0 0 -1 0 0 -1 0 0 -1 0 0 -1 0 0 -1 0 0 0 -1 0 0 -1 0 0 -1 0 0 -1 0 0 -1 0 0 -1 0 0 -1 0 0 -1 0 0 -1 0 0 -1 0 0 -1 0 0 -1 0 0 -1 0 0 -1 0 0 -1 0 0 -1 0 0 -1 0 0 -1 0 0 -1 0 0 -1 0 0 -1 -1 0 0 -1 0 0 -1 0 0 -1 0 0 -1 0 0 -1 0 0 -1 0 0 -1 0 0 -1 0 0 -1 0 0 -1 0 0 -1 0 0 -1 0 0 -1 0 0 -1 0 0 -1 0 0 -1 0 0 -1 0 0 -1 0 0 -1 0 0 -1 0 0 -1 0 0 -1 0 0 -1 0 0 -1 0 0 -1 0 0 -1 0 0 -1 0 0 -1 0 0</float_array>
          <technique_common>
            <accessor source="#table_001-mesh-normals-array" count="6008" stride="3">
              <param name="X" type="float"/>
              <param name="Y" type="float"/>
              <param name="Z" type="float"/>
            </accessor>
          </technique_common>
        </source>
        <vertices id="table_001-mesh-vertices">
          <input semantic="POSITION" source="#table_001-mesh-positions"/>
        </vertices>
        <triangles count="6008">
          <input semantic="VERTEX" source="#table_001-mesh-vertices" offset="0"/>
          <input semantic="NORMAL" source="#table_001-mesh-normals" offset="1"/>
          <p>0 0 1 0 2 0 0 1 3 1 1 1 0 2 4 2 3 2 3 3 4 3 5 3 6 4 5 4 7 4 8 5 7 5 9 5 10 6 9 6 11 6 12 7 11 7 13 7 14 8 13 8 15 8 16 9 15 9 17 9 18 10 17 10 19 10 18 11 16 11 17 11 18 12 20 12 16 12 16 13 20 13 21 13 14 14 21 14 22 14 12 15 22 15 23 15 10 16 23 16 24 16 8 17 24 17 25 17 6 18 25 18 26 18 3 19 26 19 1 19 3 20 6 20 26 20 3 21 5 21 6 21 4 22 27 22 5 22 5 23 27 23 28 23 7 24 28 24 29 24 9 25 29 25 30 25 11 26 30 26 31 26 13 27 31 27 32 27 15 28 32 28 33 28 17 29 33 29 34 29 19 30 34 30 35 30 19 31 17 31 34 31 27 32 36 32 28 32 28 33 36 33 37 33 29 34 37 34 38 34 30 35 38 35 39 35 31 36 39 36 40 36 32 37 40 37 41 37 33 38 41 38 42 38 34 39 42 39 43 39 35 40 43 40 44 40 35 41 34 41 43 41 36 42 45 42 37 42 37 43 45 43 46 43 38 44 46 44 47 44 39 45 47 45 48 45 40 46 48 46 49 46 41 47 49 47 50 47 42 48 50 48 51 48 43 49 51 49 52 49 44 50 52 50 53 50 44 51 43 51 52 51 45 52 54 52 46 52 46 53 54 53 55 53 47 54 55 54 56 54 48 55 56 55 57 55 49 56 57 56 58 56 50 57 58 57 59 57 51 58 59 58 60 58 52 59 60 59 61 59 53 60 61 60 62 60 53 61 52 61 61 61 54 62 63 62 55 62 55 63 63 63 64 63 56 64 64 64 65 64 57 65 65 65 66 65 58 66 66 66 67 66 59 67 67 67 68 67 60 68 68 68 69 68 61 69 69 69 70 69 62 70 70 70 71 70 62 71 61 71 70 71 63 72 72 72 64 72 64 73 72 73 73 73 65 74 73 74 74 74 66 75 74 75 75 75 67 76 75 76 76 76 68 77 76 77 77 77 69 78 77 78 78 78 70 79 78 79 79 79 71 80 79 80 80 80 71 81 70 81 79 81 72 82 81 82 73 82 73 83 81 83 82 83 74 84 82 84 83 84 75 85 83 85 84 85 76 86 84 86 85 86 77 87 85 87 86 87 78 88 86 88 87 88 79 89 87 89 88 89 80 90 88 90 89 90 80 91 79 91 88 91 81 92 90 92 82 92 82 93 90 93 91 93 83 94 91 94 92 94 84 95 92 95 93 95 85 96 93 96 94 96 86 97 94 97 95 97 87 98 95 98 96 98 88 99 96 99 97 99 89 100 97 100 98 100 89 101 88 101 97 101 90 102 99 102 91 102 91 103 99 103 100 103 92 104 100 104 101 104 93 105 101 105 102 105 94 106 102 106 103 106 95 107 103 107 104 107 96 108 104 108 105 108 97 109 105 109 106 109 98 110 106 110 107 110 98 111 97 111 106 111 99 112 108 112 100 112 100 113 108 113 109 113 101 114 109 114 110 114 102 115 110 115 111 115 103 116 111 116 112 116 104 117 112 117 113 117 105 118 113 118 114 118 106 119 114 119 115 119 107 120 115 120 116 120 107 121 106 121 115 121 108 122 117 122 109 122 109 123 117 123 118 123 110 124 118 124 119 124 111 125 119 125 120 125 112 126 120 126 121 126 113 127 121 127 122 127 114 128 122 128 123 128 115 129 123 129 124 129 116 130 124 130 125 130 116 131 115 131 124 131 117 132 126 132 118 132 118 133 126 133 127 133 119 134 127 134 128 134 120 135 128 135 129 135 121 136 129 136 130 136 122 137 130 137 131 137 123 138 131 138 132 138 124 139 132 139 133 139 125 140 124 140 133 140 126 141 134 141 127 141 127 142 134 142 135 142 128 143 135 143 136 143 129 144 136 144 137 144 130 145 137 145 138 145 131 146 138 146 139 146 132 147 139 147 140 147 133 148 132 148 140 148 134 149 141 149 135 149 135 150 141 150 142 150 136 151 142 151 143 151 137 152 143 152 144 152 138 153 144 153 145 153 139 154 145 154 140 154 139 155 138 155 145 155 141 156 146 156 142 156 142 157 146 157 147 157 143 158 147 158 148 158 144 159 148 159 149 159 145 160 149 160 140 160 145 161 144 161 149 161 146 162 150 162 147 162 147 163 150 163 151 163 148 164 151 164 152 164 149 165 152 165 140 165 149 166 148 166 152 166 150 167 153 167 151 167 151 168 153 168 154 168 152 169 154 169 155 169 140 170 152 170 155 170 153 171 156 171 154 171 154 172 156 172 155 172 20 173 157 173 21 173 21 174 157 174 158 174 22 175 158 175 159 175 23 176 159 176 160 176 24 177 160 177 161 177 25 178 161 178 162 178 26 179 162 179 163 179 1 180 163 180 2 180 1 181 26 181 163 181 157 182 164 182 158 182 158 183 164 183 165 183 159 184 165 184 166 184 160 185 166 185 167 185 161 186 167 186 168 186 162 187 168 187 169 187 163 188 169 188 170 188 2 189 163 189 170 189 164 190 171 190 165 190 165 191 171 191 172 191 166 192 172 192 173 192 167 193 173 193 174 193 168 194 174 194 175 194 169 195 175 195 170 195 169 196 168 196 175 196 171 197 176 197 172 197 172 198 176 198 177 198 173 199 177 199 178 199 174 200 178 200 179 200 175 201 179 201 170 201 175 202 174 202 179 202 176 203 180 203 177 203 177 204 180 204 181 204 178 205 181 205 182 205 179 206 182 206 170 206 179 207 178 207 182 207 183 208 184 208 180 208 180 209 184 209 181 209 181 210 184 210 185 210 182 211 185 211 186 211 170 212 186 212 187 212 188 213 170 213 187 213 188 214 189 214 170 214 184 215 190 215 185 215 185 216 190 216 186 216 182 217 186 217 170 217 162 218 169 218 163 218 181 219 185 219 182 219 25 220 162 220 26 220 161 221 168 221 162 221 167 222 174 222 168 222 173 223 178 223 174 223 177 224 181 224 178 224 7 225 5 225 28 225 8 226 25 226 6 226 7 227 8 227 6 227 24 228 161 228 25 228 160 229 167 229 161 229 166 230 173 230 167 230 172 231 177 231 173 231 29 232 28 232 37 232 9 233 7 233 29 233 10 234 24 234 8 234 9 235 10 235 8 235 23 236 160 236 24 236 159 237 166 237 160 237 165 238 172 238 166 238 38 239 37 239 46 239 30 240 29 240 38 240 11 241 9 241 30 241 12 242 23 242 10 242 11 243 12 243 10 243 22 244 159 244 23 244 158 245 165 245 159 245 47 246 46 246 55 246 39 247 38 247 47 247 31 248 30 248 39 248 13 249 11 249 31 249 14 250 22 250 12 250 13 251 14 251 12 251 21 252 158 252 22 252 56 253 55 253 64 253 48 254 47 254 56 254 40 255 39 255 48 255 32 256 31 256 40 256 15 257 13 257 32 257 16 258 21 258 14 258 15 259 16 259 14 259 65 260 64 260 73 260 57 261 56 261 65 261 49 262 48 262 57 262 41 263 40 263 49 263 33 264 32 264 41 264 17 265 15 265 33 265 74 266 73 266 82 266 66 267 65 267 74 267 58 268 57 268 66 268 50 269 49 269 58 269 42 270 41 270 50 270 34 271 33 271 42 271 83 272 82 272 91 272 75 273 74 273 83 273 67 274 66 274 75 274 59 275 58 275 67 275 51 276 50 276 59 276 43 277 42 277 51 277 92 278 91 278 100 278 84 279 83 279 92 279 76 280 75 280 84 280 68 281 67 281 76 281 60 282 59 282 68 282 52 283 51 283 60 283 101 284 100 284 109 284 93 285 92 285 101 285 85 286 84 286 93 286 77 287 76 287 85 287 69 288 68 288 77 288 61 289 60 289 69 289 110 290 109 290 118 290 102 291 101 291 110 291 94 292 93 292 102 292 86 293 85 293 94 293 78 294 77 294 86 294 70 295 69 295 78 295 119 296 118 296 127 296 111 297 110 297 119 297 103 298 102 298 111 298 95 299 94 299 103 299 87 300 86 300 95 300 79 301 78 301 87 301 128 302 127 302 135 302 120 303 119 303 128 303 112 304 111 304 120 304 104 305 103 305 112 305 96 306 95 306 104 306 88 307 87 307 96 307 136 308 135 308 142 308 129 309 128 309 136 309 121 310 120 310 129 310 113 311 112 311 121 311 105 312 104 312 113 312 97 313 96 313 105 313 143 314 142 314 147 314 137 315 136 315 143 315 130 316 129 316 137 316 122 317 121 317 130 317 114 318 113 318 122 318 106 319 105 319 114 319 148 320 147 320 151 320 144 321 143 321 148 321 138 322 137 322 144 322 131 323 130 323 138 323 123 324 122 324 131 324 115 325 114 325 123 325 152 326 151 326 154 326 132 327 131 327 139 327 124 328 123 328 132 328 155 329 156 329 191 329 191 330 156 330 153 330 150 331 191 331 153 331 150 332 146 332 191 332 191 333 146 333 141 333 134 334 191 334 141 334 134 335 126 335 191 335 191 336 126 336 117 336 108 337 191 337 117 337 108 338 99 338 191 338 191 339 99 339 90 339 81 340 191 340 90 340 81 341 72 341 191 341 191 342 72 342 63 342 54 343 191 343 63 343 54 344 45 344 191 344 191 345 45 345 36 345 27 346 191 346 36 346 27 347 4 347 191 347 191 348 4 348 0 348 2 349 191 349 0 349 192 350 193 350 194 350 192 351 195 351 193 351 193 352 195 352 196 352 197 353 196 353 198 353 199 354 198 354 200 354 201 355 200 355 202 355 203 356 202 356 204 356 205 357 204 357 206 357 207 358 206 358 208 358 209 359 208 359 210 359 209 360 207 360 208 360 209 361 211 361 207 361 207 362 211 362 205 362 206 363 207 363 205 363 196 364 195 364 212 364 213 365 212 365 214 365 215 366 214 366 216 366 217 367 216 367 218 367 219 368 218 368 220 368 221 369 220 369 222 369 223 370 222 370 224 370 225 371 224 371 226 371 225 372 223 372 224 372 225 373 227 373 223 373 223 374 227 374 228 374 221 375 228 375 229 375 219 376 229 376 230 376 217 377 230 377 231 377 215 378 231 378 232 378 213 379 232 379 198 379 196 380 213 380 198 380 196 381 212 381 213 381 233 382 234 382 235 382 233 383 236 383 234 383 233 384 237 384 236 384 236 385 237 385 238 385 239 386 238 386 240 386 241 387 240 387 242 387 243 388 242 388 244 388 245 389 244 389 246 389 247 390 246 390 248 390 249 391 248 391 250 391 251 392 250 392 252 392 251 393 249 393 250 393 251 394 253 394 249 394 249 395 253 395 254 395 247 396 254 396 255 396 245 397 255 397 256 397 243 398 256 398 257 398 241 399 257 399 258 399 239 400 258 400 259 400 236 401 259 401 234 401 236 402 239 402 259 402 236 403 238 403 239 403 237 404 260 404 238 404 238 405 260 405 261 405 240 406 261 406 262 406 242 407 262 407 263 407 244 408 263 408 264 408 246 409 264 409 265 409 248 410 265 410 266 410 250 411 266 411 267 411 252 412 267 412 268 412 252 413 250 413 267 413 260 414 269 414 261 414 261 415 269 415 270 415 262 416 270 416 271 416 263 417 271 417 272 417 264 418 272 418 273 418 265 419 273 419 274 419 266 420 274 420 275 420 267 421 275 421 276 421 268 422 276 422 277 422 268 423 267 423 276 423 269 424 278 424 270 424 270 425 278 425 279 425 271 426 279 426 280 426 272 427 280 427 281 427 273 428 281 428 282 428 274 429 282 429 283 429 275 430 283 430 284 430 276 431 284 431 285 431 277 432 285 432 286 432 277 433 276 433 285 433 278 434 287 434 279 434 279 435 287 435 288 435 280 436 288 436 289 436 281 437 289 437 290 437 282 438 290 438 291 438 283 439 291 439 292 439 284 440 292 440 293 440 285 441 293 441 294 441 286 442 294 442 295 442 286 443 285 443 294 443 287 444 296 444 288 444 288 445 296 445 297 445 289 446 297 446 298 446 290 447 298 447 299 447 291 448 299 448 300 448 292 449 300 449 301 449 293 450 301 450 302 450 294 451 302 451 303 451 295 452 303 452 304 452 295 453 294 453 303 453 296 454 305 454 297 454 297 455 305 455 306 455 298 456 306 456 307 456 299 457 307 457 308 457 300 458 308 458 309 458 301 459 309 459 310 459 302 460 310 460 311 460 303 461 311 461 312 461 304 462 312 462 313 462 304 463 303 463 312 463 305 464 314 464 306 464 306 465 314 465 315 465 307 466 315 466 316 466 308 467 316 467 317 467 309 468 317 468 318 468 310 469 318 469 319 469 311 470 319 470 320 470 312 471 320 471 321 471 313 472 321 472 322 472 313 473 312 473 321 473 314 474 323 474 315 474 315 475 323 475 324 475 316 476 324 476 325 476 317 477 325 477 326 477 318 478 326 478 327 478 319 479 327 479 328 479 320 480 328 480 329 480 321 481 329 481 330 481 322 482 330 482 331 482 322 483 321 483 330 483 323 484 332 484 324 484 324 485 332 485 333 485 325 486 333 486 334 486 326 487 334 487 335 487 327 488 335 488 336 488 328 489 336 489 337 489 329 490 337 490 338 490 330 491 338 491 339 491 340 492 330 492 339 492 340 493 341 493 330 493 330 494 341 494 342 494 343 495 330 495 342 495 343 496 344 496 330 496 330 497 344 497 345 497 331 498 330 498 345 498 332 499 346 499 333 499 333 500 346 500 347 500 334 501 347 501 348 501 335 502 348 502 349 502 336 503 349 503 350 503 337 504 350 504 351 504 338 505 351 505 352 505 339 506 338 506 352 506 346 507 353 507 347 507 347 508 353 508 354 508 348 509 354 509 355 509 349 510 355 510 356 510 350 511 356 511 357 511 351 512 357 512 352 512 351 513 350 513 357 513 353 514 358 514 354 514 354 515 358 515 359 515 355 516 359 516 360 516 356 517 360 517 361 517 357 518 361 518 352 518 357 519 356 519 361 519 358 520 362 520 359 520 359 521 362 521 363 521 360 522 363 522 364 522 361 523 364 523 352 523 361 524 360 524 364 524 362 525 365 525 363 525 363 526 365 526 366 526 364 527 366 527 367 527 352 528 364 528 367 528 365 529 368 529 366 529 366 530 368 530 367 530 253 531 226 531 254 531 254 532 226 532 224 532 255 533 224 533 222 533 256 534 222 534 220 534 257 535 220 535 218 535 258 536 218 536 216 536 259 537 216 537 214 537 234 538 214 538 212 538 235 539 212 539 195 539 235 540 234 540 212 540 227 541 369 541 228 541 228 542 369 542 370 542 229 543 370 543 371 543 230 544 371 544 372 544 231 545 372 545 373 545 232 546 373 546 200 546 198 547 232 547 200 547 369 548 374 548 370 548 370 549 374 549 375 549 371 550 375 550 376 550 372 551 376 551 377 551 373 552 377 552 202 552 200 553 373 553 202 553 374 554 378 554 375 554 375 555 378 555 379 555 376 556 379 556 380 556 377 557 380 557 204 557 202 558 377 558 204 558 378 559 381 559 379 559 379 560 381 560 382 560 380 561 382 561 206 561 204 562 380 562 206 562 381 563 210 563 382 563 382 564 210 564 208 564 206 565 382 565 208 565 211 566 383 566 205 566 205 567 383 567 203 567 204 568 205 568 203 568 194 569 197 569 383 569 194 570 193 570 197 570 197 571 193 571 196 571 197 572 199 572 383 572 197 573 198 573 199 573 203 574 383 574 201 574 202 575 203 575 201 575 383 576 199 576 201 576 201 577 199 577 200 577 215 578 232 578 213 578 214 579 215 579 213 579 231 580 373 580 232 580 372 581 377 581 373 581 376 582 380 582 377 582 379 583 382 583 380 583 259 584 214 584 234 584 217 585 231 585 215 585 216 586 217 586 215 586 230 587 372 587 231 587 371 588 376 588 372 588 375 589 379 589 376 589 258 590 216 590 259 590 219 591 230 591 217 591 218 592 219 592 217 592 229 593 371 593 230 593 370 594 375 594 371 594 240 595 238 595 261 595 241 596 258 596 239 596 240 597 241 597 239 597 257 598 218 598 258 598 221 599 229 599 219 599 220 600 221 600 219 600 228 601 370 601 229 601 262 602 261 602 270 602 242 603 240 603 262 603 243 604 257 604 241 604 242 605 243 605 241 605 256 606 220 606 257 606 223 607 228 607 221 607 222 608 223 608 221 608 271 609 270 609 279 609 263 610 262 610 271 610 244 611 242 611 263 611 245 612 256 612 243 612 244 613 245 613 243 613 255 614 222 614 256 614 280 615 279 615 288 615 272 616 271 616 280 616 264 617 263 617 272 617 246 618 244 618 264 618 247 619 255 619 245 619 246 620 247 620 245 620 254 621 224 621 255 621 289 622 288 622 297 622 281 623 280 623 289 623 273 624 272 624 281 624 265 625 264 625 273 625 248 626 246 626 265 626 249 627 254 627 247 627 248 628 249 628 247 628 298 629 297 629 306 629 290 630 289 630 298 630 282 631 281 631 290 631 274 632 273 632 282 632 266 633 265 633 274 633 250 634 248 634 266 634 307 635 306 635 315 635 299 636 298 636 307 636 291 637 290 637 299 637 283 638 282 638 291 638 275 639 274 639 283 639 267 640 266 640 275 640 316 641 315 641 324 641 308 642 307 642 316 642 300 643 299 643 308 643 292 644 291 644 300 644 284 645 283 645 292 645 276 646 275 646 284 646 325 647 324 647 333 647 317 648 316 648 325 648 309 649 308 649 317 649 301 650 300 650 309 650 293 651 292 651 301 651 285 652 284 652 293 652 334 653 333 653 347 653 326 654 325 654 334 654 318 655 317 655 326 655 310 656 309 656 318 656 302 657 301 657 310 657 294 658 293 658 302 658 348 659 347 659 354 659 335 660 334 660 348 660 327 661 326 661 335 661 319 662 318 662 327 662 311 663 310 663 319 663 303 664 302 664 311 664 355 665 354 665 359 665 349 666 348 666 355 666 336 667 335 667 349 667 328 668 327 668 336 668 320 669 319 669 328 669 312 670 311 670 320 670 360 671 359 671 363 671 356 672 355 672 360 672 350 673 349 673 356 673 337 674 336 674 350 674 329 675 328 675 337 675 321 676 320 676 329 676 364 677 363 677 366 677 338 678 337 678 351 678 330 679 329 679 338 679 384 680 385 680 386 680 384 681 387 681 385 681 384 682 388 682 387 682 387 683 388 683 389 683 390 684 389 684 391 684 392 685 391 685 393 685 394 686 393 686 395 686 396 687 395 687 397 687 398 688 397 688 399 688 400 689 399 689 401 689 402 690 401 690 403 690 402 691 400 691 401 691 402 692 404 692 400 692 400 693 404 693 405 693 398 694 405 694 406 694 396 695 406 695 407 695 394 696 407 696 408 696 392 697 408 697 409 697 390 698 409 698 410 698 387 699 410 699 385 699 387 700 390 700 410 700 387 701 389 701 390 701 388 702 411 702 389 702 389 703 411 703 412 703 391 704 412 704 413 704 393 705 413 705 414 705 395 706 414 706 415 706 397 707 415 707 416 707 399 708 416 708 417 708 401 709 417 709 418 709 403 710 418 710 419 710 403 711 401 711 418 711 411 712 420 712 412 712 412 713 420 713 421 713 413 714 421 714 422 714 414 715 422 715 423 715 415 716 423 716 424 716 416 717 424 717 425 717 417 718 425 718 426 718 418 719 426 719 427 719 419 720 427 720 428 720 419 721 418 721 427 721 420 722 429 722 421 722 421 723 429 723 430 723 422 724 430 724 431 724 423 725 431 725 432 725 424 726 432 726 433 726 425 727 433 727 434 727 426 728 434 728 435 728 427 729 435 729 436 729 428 730 436 730 437 730 428 731 427 731 436 731 429 732 438 732 430 732 430 733 438 733 439 733 431 734 439 734 440 734 432 735 440 735 441 735 433 736 441 736 442 736 434 737 442 737 443 737 435 738 443 738 444 738 436 739 444 739 445 739 437 740 445 740 446 740 437 741 436 741 445 741 438 742 447 742 439 742 439 743 447 743 448 743 440 744 448 744 449 744 441 745 449 745 450 745 442 746 450 746 451 746 443 747 451 747 452 747 444 748 452 748 453 748 445 749 453 749 454 749 446 750 454 750 455 750 446 751 445 751 454 751 447 752 456 752 448 752 448 753 456 753 457 753 449 754 457 754 458 754 450 755 458 755 459 755 451 756 459 756 460 756 452 757 460 757 461 757 453 758 461 758 462 758 454 759 462 759 463 759 455 760 463 760 464 760 455 761 454 761 463 761 456 762 465 762 457 762 457 763 465 763 466 763 458 764 466 764 467 764 459 765 467 765 468 765 460 766 468 766 469 766 461 767 469 767 470 767 462 768 470 768 471 768 463 769 471 769 472 769 464 770 472 770 473 770 464 771 463 771 472 771 465 772 474 772 466 772 466 773 474 773 475 773 467 774 475 774 476 774 468 775 476 775 477 775 469 776 477 776 478 776 470 777 478 777 479 777 471 778 479 778 480 778 472 779 480 779 481 779 473 780 481 780 482 780 473 781 472 781 481 781 474 782 483 782 475 782 475 783 483 783 484 783 476 784 484 784 485 784 477 785 485 785 486 785 478 786 486 786 487 786 479 787 487 787 488 787 480 788 488 788 489 788 481 789 489 789 490 789 482 790 490 790 491 790 482 791 481 791 490 791 483 792 492 792 484 792 484 793 492 793 493 793 485 794 493 794 494 794 486 795 494 795 495 795 487 796 495 796 496 796 488 797 496 797 497 797 489 798 497 798 498 798 490 799 498 799 499 799 491 800 499 800 500 800 491 801 490 801 499 801 492 802 501 802 493 802 493 803 501 803 502 803 494 804 502 804 503 804 495 805 503 805 504 805 496 806 504 806 505 806 497 807 505 807 506 807 498 808 506 808 507 808 499 809 507 809 508 809 509 810 508 810 510 810 509 811 499 811 508 811 509 812 500 812 499 812 501 813 511 813 502 813 502 814 511 814 512 814 503 815 512 815 513 815 504 816 513 816 514 816 505 817 514 817 515 817 506 818 515 818 516 818 507 819 516 819 517 819 508 820 517 820 518 820 519 821 508 821 518 821 519 822 520 822 508 822 508 823 520 823 510 823 511 824 521 824 512 824 512 825 521 825 522 825 513 826 522 826 523 826 514 827 523 827 524 827 515 828 524 828 525 828 516 829 525 829 526 829 517 830 526 830 527 830 518 831 517 831 527 831 521 832 528 832 522 832 522 833 528 833 529 833 523 834 529 834 530 834 524 835 530 835 531 835 525 836 531 836 532 836 526 837 532 837 527 837 526 838 525 838 532 838 528 839 533 839 529 839 529 840 533 840 534 840 530 841 534 841 535 841 531 842 535 842 536 842 532 843 536 843 527 843 532 844 531 844 536 844 533 845 537 845 534 845 534 846 537 846 538 846 535 847 538 847 539 847 536 848 539 848 527 848 536 849 535 849 539 849 537 850 540 850 538 850 538 851 540 851 541 851 539 852 541 852 542 852 527 853 539 853 542 853 540 854 543 854 541 854 541 855 543 855 542 855 404 856 544 856 405 856 405 857 544 857 545 857 406 858 545 858 546 858 407 859 546 859 547 859 408 860 547 860 548 860 409 861 548 861 549 861 410 862 549 862 550 862 385 863 550 863 386 863 385 864 410 864 550 864 544 865 551 865 545 865 545 866 551 866 552 866 546 867 552 867 553 867 547 868 553 868 554 868 548 869 554 869 555 869 549 870 555 870 556 870 550 871 556 871 557 871 386 872 550 872 557 872 551 873 558 873 552 873 552 874 558 874 559 874 553 875 559 875 560 875 554 876 560 876 561 876 555 877 561 877 562 877 556 878 562 878 557 878 556 879 555 879 562 879 558 880 563 880 559 880 559 881 563 881 564 881 560 882 564 882 565 882 561 883 565 883 566 883 562 884 566 884 557 884 562 885 561 885 566 885 563 886 567 886 564 886 564 887 567 887 568 887 565 888 568 888 569 888 566 889 569 889 557 889 566 890 565 890 569 890 567 891 570 891 568 891 568 892 570 892 571 892 569 893 571 893 557 893 569 894 568 894 571 894 570 895 572 895 571 895 571 896 572 896 557 896 557 897 572 897 573 897 549 898 556 898 550 898 409 899 549 899 410 899 548 900 555 900 549 900 554 901 561 901 555 901 560 902 565 902 561 902 564 903 568 903 565 903 391 904 389 904 412 904 392 905 409 905 390 905 391 906 392 906 390 906 408 907 548 907 409 907 547 908 554 908 548 908 553 909 560 909 554 909 559 910 564 910 560 910 413 911 412 911 421 911 393 912 391 912 413 912 394 913 408 913 392 913 393 914 394 914 392 914 407 915 547 915 408 915 546 916 553 916 547 916 552 917 559 917 553 917 422 918 421 918 430 918 414 919 413 919 422 919 395 920 393 920 414 920 396 921 407 921 394 921 395 922 396 922 394 922 406 923 546 923 407 923 545 924 552 924 546 924 431 925 430 925 439 925 423 926 422 926 431 926 415 927 414 927 423 927 397 928 395 928 415 928 398 929 406 929 396 929 397 930 398 930 396 930 405 931 545 931 406 931 440 932 439 932 448 932 432 933 431 933 440 933 424 934 423 934 432 934 416 935 415 935 424 935 399 936 397 936 416 936 400 937 405 937 398 937 399 938 400 938 398 938 449 939 448 939 457 939 441 940 440 940 449 940 433 941 432 941 441 941 425 942 424 942 433 942 417 943 416 943 425 943 401 944 399 944 417 944 458 945 457 945 466 945 450 946 449 946 458 946 442 947 441 947 450 947 434 948 433 948 442 948 426 949 425 949 434 949 418 950 417 950 426 950 467 951 466 951 475 951 459 952 458 952 467 952 451 953 450 953 459 953 443 954 442 954 451 954 435 955 434 955 443 955 427 956 426 956 435 956 476 957 475 957 484 957 468 958 467 958 476 958 460 959 459 959 468 959 452 960 451 960 460 960 444 961 443 961 452 961 436 962 435 962 444 962 485 963 484 963 493 963 477 964 476 964 485 964 469 965 468 965 477 965 461 966 460 966 469 966 453 967 452 967 461 967 445 968 444 968 453 968 494 969 493 969 502 969 486 970 485 970 494 970 478 971 477 971 486 971 470 972 469 972 478 972 462 973 461 973 470 973 454 974 453 974 462 974 503 975 502 975 512 975 495 976 494 976 503 976 487 977 486 977 495 977 479 978 478 978 487 978 471 979 470 979 479 979 463 980 462 980 471 980 513 981 512 981 522 981 504 982 503 982 513 982 496 983 495 983 504 983 488 984 487 984 496 984 480 985 479 985 488 985 472 986 471 986 480 986 523 987 522 987 529 987 514 988 513 988 523 988 505 989 504 989 514 989 497 990 496 990 505 990 489 991 488 991 497 991 481 992 480 992 489 992 530 993 529 993 534 993 524 994 523 994 530 994 515 995 514 995 524 995 506 996 505 996 515 996 498 997 497 997 506 997 490 998 489 998 498 998 535 999 534 999 538 999 531 1000 530 1000 535 1000 525 1001 524 1001 531 1001 516 1002 515 1002 525 1002 507 1003 506 1003 516 1003 499 1004 498 1004 507 1004 539 1005 538 1005 541 1005 517 1006 516 1006 526 1006 508 1007 507 1007 517 1007 542 1008 543 1008 574 1008 574 1009 543 1009 540 1009 537 1010 574 1010 540 1010 537 1011 533 1011 574 1011 574 1012 533 1012 528 1012 521 1013 574 1013 528 1013 521 1014 511 1014 574 1014 574 1015 511 1015 501 1015 492 1016 574 1016 501 1016 492 1017 483 1017 574 1017 574 1018 483 1018 474 1018 465 1019 574 1019 474 1019 465 1020 456 1020 574 1020 574 1021 456 1021 447 1021 438 1022 574 1022 447 1022 438 1023 429 1023 574 1023 574 1024 429 1024 420 1024 411 1025 574 1025 420 1025 411 1026 388 1026 574 1026 574 1027 388 1027 384 1027 386 1028 574 1028 384 1028 575 1029 576 1029 577 1029 575 1030 578 1030 576 1030 575 1031 579 1031 578 1031 578 1032 579 1032 580 1032 581 1033 580 1033 582 1033 583 1034 582 1034 584 1034 585 1035 584 1035 586 1035 587 1036 586 1036 588 1036 589 1037 588 1037 590 1037 591 1038 590 1038 592 1038 593 1039 592 1039 594 1039 593 1040 591 1040 592 1040 593 1041 595 1041 591 1041 591 1042 595 1042 596 1042 589 1043 596 1043 597 1043 587 1044 597 1044 598 1044 585 1045 598 1045 599 1045 583 1046 599 1046 600 1046 581 1047 600 1047 601 1047 578 1048 601 1048 576 1048 578 1049 581 1049 601 1049 578 1050 580 1050 581 1050 579 1051 602 1051 580 1051 580 1052 602 1052 603 1052 582 1053 603 1053 604 1053 584 1054 604 1054 605 1054 586 1055 605 1055 606 1055 588 1056 606 1056 607 1056 590 1057 607 1057 608 1057 592 1058 608 1058 609 1058 594 1059 609 1059 610 1059 594 1060 592 1060 609 1060 602 1061 611 1061 603 1061 603 1062 611 1062 612 1062 604 1063 612 1063 613 1063 605 1064 613 1064 614 1064 606 1065 614 1065 615 1065 607 1066 615 1066 616 1066 608 1067 616 1067 617 1067 609 1068 617 1068 618 1068 610 1069 618 1069 619 1069 610 1070 609 1070 618 1070 611 1071 620 1071 612 1071 612 1072 620 1072 621 1072 613 1073 621 1073 622 1073 614 1074 622 1074 623 1074 615 1075 623 1075 624 1075 616 1076 624 1076 625 1076 617 1077 625 1077 626 1077 618 1078 626 1078 627 1078 619 1079 627 1079 628 1079 619 1080 618 1080 627 1080 620 1081 629 1081 621 1081 621 1082 629 1082 630 1082 622 1083 630 1083 631 1083 623 1084 631 1084 632 1084 624 1085 632 1085 633 1085 625 1086 633 1086 634 1086 626 1087 634 1087 635 1087 627 1088 635 1088 636 1088 628 1089 636 1089 637 1089 628 1090 627 1090 636 1090 629 1091 638 1091 630 1091 630 1092 638 1092 639 1092 631 1093 639 1093 640 1093 632 1094 640 1094 641 1094 633 1095 641 1095 642 1095 634 1096 642 1096 643 1096 635 1097 643 1097 644 1097 636 1098 644 1098 645 1098 637 1099 645 1099 646 1099 637 1100 636 1100 645 1100 638 1101 647 1101 639 1101 639 1102 647 1102 648 1102 640 1103 648 1103 649 1103 641 1104 649 1104 650 1104 642 1105 650 1105 651 1105 643 1106 651 1106 652 1106 644 1107 652 1107 653 1107 645 1108 653 1108 654 1108 646 1109 654 1109 655 1109 646 1110 645 1110 654 1110 647 1111 656 1111 648 1111 648 1112 656 1112 657 1112 649 1113 657 1113 658 1113 650 1114 658 1114 659 1114 651 1115 659 1115 660 1115 652 1116 660 1116 661 1116 653 1117 661 1117 662 1117 654 1118 662 1118 663 1118 655 1119 663 1119 664 1119 655 1120 654 1120 663 1120 656 1121 665 1121 657 1121 657 1122 665 1122 666 1122 658 1123 666 1123 667 1123 659 1124 667 1124 668 1124 660 1125 668 1125 669 1125 661 1126 669 1126 670 1126 662 1127 670 1127 671 1127 663 1128 671 1128 672 1128 664 1129 672 1129 673 1129 664 1130 663 1130 672 1130 665 1131 674 1131 666 1131 666 1132 674 1132 675 1132 667 1133 675 1133 676 1133 668 1134 676 1134 677 1134 669 1135 677 1135 678 1135 670 1136 678 1136 679 1136 671 1137 679 1137 680 1137 672 1138 680 1138 681 1138 673 1139 681 1139 682 1139 673 1140 672 1140 681 1140 674 1141 683 1141 675 1141 675 1142 683 1142 684 1142 676 1143 684 1143 685 1143 677 1144 685 1144 686 1144 678 1145 686 1145 687 1145 679 1146 687 1146 688 1146 680 1147 688 1147 689 1147 681 1148 689 1148 690 1148 682 1149 690 1149 691 1149 682 1150 681 1150 690 1150 683 1151 692 1151 684 1151 684 1152 692 1152 693 1152 685 1153 693 1153 694 1153 686 1154 694 1154 695 1154 687 1155 695 1155 696 1155 688 1156 696 1156 697 1156 689 1157 697 1157 698 1157 690 1158 698 1158 699 1158 700 1159 699 1159 701 1159 700 1160 690 1160 699 1160 700 1161 691 1161 690 1161 692 1162 702 1162 693 1162 693 1163 702 1163 703 1163 694 1164 703 1164 704 1164 695 1165 704 1165 705 1165 696 1166 705 1166 706 1166 697 1167 706 1167 707 1167 698 1168 707 1168 708 1168 699 1169 708 1169 709 1169 710 1170 699 1170 709 1170 710 1171 711 1171 699 1171 699 1172 711 1172 701 1172 702 1173 712 1173 703 1173 703 1174 712 1174 713 1174 704 1175 713 1175 714 1175 705 1176 714 1176 715 1176 706 1177 715 1177 716 1177 707 1178 716 1178 717 1178 708 1179 717 1179 709 1179 708 1180 707 1180 717 1180 712 1181 718 1181 713 1181 713 1182 718 1182 719 1182 714 1183 719 1183 720 1183 715 1184 720 1184 721 1184 716 1185 721 1185 722 1185 717 1186 722 1186 709 1186 717 1187 716 1187 722 1187 718 1188 723 1188 719 1188 719 1189 723 1189 724 1189 720 1190 724 1190 725 1190 721 1191 725 1191 726 1191 722 1192 726 1192 709 1192 722 1193 721 1193 726 1193 723 1194 727 1194 724 1194 724 1195 727 1195 728 1195 725 1196 728 1196 729 1196 726 1197 729 1197 730 1197 709 1198 726 1198 730 1198 727 1199 731 1199 728 1199 728 1200 731 1200 732 1200 729 1201 732 1201 730 1201 729 1202 728 1202 732 1202 731 1203 733 1203 732 1203 732 1204 733 1204 730 1204 730 1205 733 1205 734 1205 595 1206 735 1206 596 1206 596 1207 735 1207 736 1207 597 1208 736 1208 737 1208 598 1209 737 1209 738 1209 599 1210 738 1210 739 1210 600 1211 739 1211 740 1211 601 1212 740 1212 741 1212 576 1213 741 1213 577 1213 576 1214 601 1214 741 1214 735 1215 742 1215 736 1215 736 1216 742 1216 743 1216 737 1217 743 1217 744 1217 738 1218 744 1218 745 1218 739 1219 745 1219 746 1219 740 1220 746 1220 747 1220 741 1221 747 1221 748 1221 577 1222 741 1222 748 1222 742 1223 749 1223 743 1223 743 1224 749 1224 750 1224 744 1225 750 1225 751 1225 745 1226 751 1226 752 1226 746 1227 752 1227 753 1227 747 1228 753 1228 748 1228 747 1229 746 1229 753 1229 749 1230 754 1230 750 1230 750 1231 754 1231 755 1231 751 1232 755 1232 756 1232 752 1233 756 1233 757 1233 753 1234 757 1234 748 1234 753 1235 752 1235 757 1235 754 1236 758 1236 755 1236 755 1237 758 1237 759 1237 756 1238 759 1238 760 1238 757 1239 760 1239 748 1239 757 1240 756 1240 760 1240 758 1241 761 1241 759 1241 759 1242 761 1242 762 1242 760 1243 762 1243 763 1243 748 1244 763 1244 764 1244 748 1245 760 1245 763 1245 765 1246 766 1246 761 1246 761 1247 766 1247 762 1247 762 1248 766 1248 763 1248 740 1249 747 1249 741 1249 759 1250 762 1250 760 1250 600 1251 740 1251 601 1251 739 1252 746 1252 740 1252 745 1253 752 1253 746 1253 751 1254 756 1254 752 1254 755 1255 759 1255 756 1255 582 1256 580 1256 603 1256 583 1257 600 1257 581 1257 582 1258 583 1258 581 1258 599 1259 739 1259 600 1259 738 1260 745 1260 739 1260 744 1261 751 1261 745 1261 750 1262 755 1262 751 1262 604 1263 603 1263 612 1263 584 1264 582 1264 604 1264 585 1265 599 1265 583 1265 584 1266 585 1266 583 1266 598 1267 738 1267 599 1267 737 1268 744 1268 738 1268 743 1269 750 1269 744 1269 613 1270 612 1270 621 1270 605 1271 604 1271 613 1271 586 1272 584 1272 605 1272 587 1273 598 1273 585 1273 586 1274 587 1274 585 1274 597 1275 737 1275 598 1275 736 1276 743 1276 737 1276 622 1277 621 1277 630 1277 614 1278 613 1278 622 1278 606 1279 605 1279 614 1279 588 1280 586 1280 606 1280 589 1281 597 1281 587 1281 588 1282 589 1282 587 1282 596 1283 736 1283 597 1283 631 1284 630 1284 639 1284 623 1285 622 1285 631 1285 615 1286 614 1286 623 1286 607 1287 606 1287 615 1287 590 1288 588 1288 607 1288 591 1289 596 1289 589 1289 590 1290 591 1290 589 1290 640 1291 639 1291 648 1291 632 1292 631 1292 640 1292 624 1293 623 1293 632 1293 616 1294 615 1294 624 1294 608 1295 607 1295 616 1295 592 1296 590 1296 608 1296 649 1297 648 1297 657 1297 641 1298 640 1298 649 1298 633 1299 632 1299 641 1299 625 1300 624 1300 633 1300 617 1301 616 1301 625 1301 609 1302 608 1302 617 1302 658 1303 657 1303 666 1303 650 1304 649 1304 658 1304 642 1305 641 1305 650 1305 634 1306 633 1306 642 1306 626 1307 625 1307 634 1307 618 1308 617 1308 626 1308 667 1309 666 1309 675 1309 659 1310 658 1310 667 1310 651 1311 650 1311 659 1311 643 1312 642 1312 651 1312 635 1313 634 1313 643 1313 627 1314 626 1314 635 1314 676 1315 675 1315 684 1315 668 1316 667 1316 676 1316 660 1317 659 1317 668 1317 652 1318 651 1318 660 1318 644 1319 643 1319 652 1319 636 1320 635 1320 644 1320 685 1321 684 1321 693 1321 677 1322 676 1322 685 1322 669 1323 668 1323 677 1323 661 1324 660 1324 669 1324 653 1325 652 1325 661 1325 645 1326 644 1326 653 1326 694 1327 693 1327 703 1327 686 1328 685 1328 694 1328 678 1329 677 1329 686 1329 670 1330 669 1330 678 1330 662 1331 661 1331 670 1331 654 1332 653 1332 662 1332 704 1333 703 1333 713 1333 695 1334 694 1334 704 1334 687 1335 686 1335 695 1335 679 1336 678 1336 687 1336 671 1337 670 1337 679 1337 663 1338 662 1338 671 1338 714 1339 713 1339 719 1339 705 1340 704 1340 714 1340 696 1341 695 1341 705 1341 688 1342 687 1342 696 1342 680 1343 679 1343 688 1343 672 1344 671 1344 680 1344 720 1345 719 1345 724 1345 715 1346 714 1346 720 1346 706 1347 705 1347 715 1347 697 1348 696 1348 706 1348 689 1349 688 1349 697 1349 681 1350 680 1350 689 1350 725 1351 724 1351 728 1351 721 1352 720 1352 725 1352 716 1353 715 1353 721 1353 707 1354 706 1354 716 1354 698 1355 697 1355 707 1355 690 1356 689 1356 698 1356 726 1357 725 1357 729 1357 699 1358 698 1358 708 1358 767 1359 768 1359 518 1359 767 1360 769 1360 768 1360 767 1361 770 1361 769 1361 769 1362 770 1362 771 1362 772 1363 771 1363 773 1363 774 1364 773 1364 775 1364 776 1365 775 1365 777 1365 778 1366 777 1366 779 1366 780 1367 779 1367 781 1367 780 1368 778 1368 779 1368 780 1369 782 1369 778 1369 778 1370 782 1370 783 1370 776 1371 783 1371 784 1371 774 1372 784 1372 785 1372 772 1373 785 1373 786 1373 769 1374 786 1374 768 1374 769 1375 772 1375 786 1375 769 1376 771 1376 772 1376 770 1377 787 1377 771 1377 771 1378 787 1378 788 1378 773 1379 788 1379 789 1379 775 1380 789 1380 790 1380 777 1381 790 1381 791 1381 779 1382 791 1382 792 1382 781 1383 792 1383 793 1383 781 1384 779 1384 792 1384 787 1385 794 1385 788 1385 788 1386 794 1386 795 1386 789 1387 795 1387 796 1387 790 1388 796 1388 797 1388 791 1389 797 1389 798 1389 792 1390 798 1390 799 1390 793 1391 799 1391 800 1391 793 1392 792 1392 799 1392 794 1393 801 1393 795 1393 795 1394 801 1394 802 1394 796 1395 802 1395 803 1395 797 1396 803 1396 804 1396 798 1397 804 1397 805 1397 799 1398 805 1398 806 1398 800 1399 806 1399 807 1399 800 1400 799 1400 806 1400 801 1401 808 1401 802 1401 802 1402 808 1402 809 1402 803 1403 809 1403 810 1403 804 1404 810 1404 811 1404 805 1405 811 1405 812 1405 806 1406 812 1406 813 1406 807 1407 813 1407 814 1407 807 1408 806 1408 813 1408 808 1409 815 1409 809 1409 809 1410 815 1410 816 1410 810 1411 816 1411 817 1411 811 1412 817 1412 818 1412 812 1413 818 1413 819 1413 813 1414 819 1414 820 1414 814 1415 820 1415 821 1415 814 1416 813 1416 820 1416 815 1417 822 1417 816 1417 816 1418 822 1418 823 1418 817 1419 823 1419 824 1419 818 1420 824 1420 825 1420 819 1421 825 1421 826 1421 820 1422 826 1422 827 1422 821 1423 827 1423 828 1423 821 1424 820 1424 827 1424 822 1425 829 1425 823 1425 823 1426 829 1426 830 1426 824 1427 830 1427 831 1427 825 1428 831 1428 832 1428 826 1429 832 1429 833 1429 827 1430 833 1430 834 1430 828 1431 834 1431 835 1431 828 1432 827 1432 834 1432 829 1433 836 1433 830 1433 830 1434 836 1434 837 1434 831 1435 837 1435 838 1435 832 1436 838 1436 839 1436 833 1437 839 1437 840 1437 834 1438 840 1438 841 1438 835 1439 841 1439 842 1439 835 1440 834 1440 841 1440 836 1441 843 1441 837 1441 837 1442 843 1442 844 1442 838 1443 844 1443 845 1443 839 1444 845 1444 846 1444 840 1445 846 1445 847 1445 841 1446 847 1446 848 1446 842 1447 848 1447 849 1447 842 1448 841 1448 848 1448 843 1449 850 1449 844 1449 844 1450 850 1450 851 1450 845 1451 851 1451 852 1451 846 1452 852 1452 853 1452 847 1453 853 1453 854 1453 848 1454 854 1454 855 1454 849 1455 855 1455 856 1455 849 1456 848 1456 855 1456 850 1457 857 1457 851 1457 851 1458 857 1458 858 1458 852 1459 858 1459 859 1459 853 1460 859 1460 860 1460 854 1461 860 1461 861 1461 855 1462 861 1462 862 1462 856 1463 862 1463 863 1463 856 1464 855 1464 862 1464 857 1465 864 1465 858 1465 858 1466 864 1466 865 1466 859 1467 865 1467 866 1467 860 1468 866 1468 867 1468 861 1469 867 1469 868 1469 862 1470 868 1470 869 1470 863 1471 869 1471 870 1471 863 1472 862 1472 869 1472 864 1473 871 1473 865 1473 865 1474 871 1474 872 1474 866 1475 872 1475 873 1475 867 1476 873 1476 874 1476 868 1477 874 1477 875 1477 869 1478 875 1478 876 1478 870 1479 876 1479 877 1479 870 1480 869 1480 876 1480 871 1481 878 1481 872 1481 872 1482 878 1482 879 1482 873 1483 879 1483 880 1483 874 1484 880 1484 881 1484 875 1485 881 1485 882 1485 876 1486 882 1486 883 1486 877 1487 883 1487 884 1487 877 1488 876 1488 883 1488 878 1489 885 1489 879 1489 879 1490 885 1490 886 1490 880 1491 886 1491 887 1491 881 1492 887 1492 888 1492 882 1493 888 1493 889 1493 883 1494 889 1494 890 1494 884 1495 890 1495 891 1495 884 1496 883 1496 890 1496 885 1497 892 1497 886 1497 886 1498 892 1498 893 1498 887 1499 893 1499 894 1499 888 1500 894 1500 895 1500 889 1501 895 1501 896 1501 890 1502 896 1502 891 1502 890 1503 889 1503 896 1503 892 1504 897 1504 893 1504 893 1505 897 1505 898 1505 894 1506 898 1506 899 1506 895 1507 899 1507 900 1507 896 1508 900 1508 891 1508 896 1509 895 1509 900 1509 897 1510 901 1510 898 1510 898 1511 901 1511 902 1511 899 1512 902 1512 903 1512 900 1513 903 1513 904 1513 891 1514 900 1514 904 1514 901 1515 905 1515 902 1515 902 1516 905 1516 906 1516 903 1517 906 1517 904 1517 903 1518 902 1518 906 1518 905 1519 904 1519 906 1519 782 1520 907 1520 783 1520 783 1521 907 1521 908 1521 784 1522 908 1522 909 1522 785 1523 909 1523 910 1523 786 1524 910 1524 911 1524 768 1525 911 1525 912 1525 518 1526 912 1526 913 1526 914 1527 518 1527 913 1527 914 1528 519 1528 518 1528 914 1529 915 1529 519 1529 519 1530 915 1530 520 1530 520 1531 915 1531 510 1531 510 1532 915 1532 509 1532 907 1533 916 1533 908 1533 908 1534 916 1534 917 1534 909 1535 917 1535 918 1535 910 1536 918 1536 919 1536 911 1537 919 1537 920 1537 912 1538 920 1538 921 1538 913 1539 921 1539 922 1539 913 1540 912 1540 921 1540 916 1541 923 1541 917 1541 917 1542 923 1542 924 1542 918 1543 924 1543 925 1543 919 1544 925 1544 926 1544 920 1545 926 1545 927 1545 921 1546 927 1546 922 1546 921 1547 920 1547 927 1547 923 1548 928 1548 924 1548 924 1549 928 1549 929 1549 925 1550 929 1550 930 1550 926 1551 930 1551 931 1551 927 1552 931 1552 922 1552 927 1553 926 1553 931 1553 928 1554 764 1554 929 1554 929 1555 764 1555 932 1555 930 1556 932 1556 933 1556 931 1557 933 1557 934 1557 922 1558 931 1558 934 1558 763 1559 935 1559 764 1559 763 1560 766 1560 935 1560 935 1561 936 1561 764 1561 764 1562 936 1562 932 1562 932 1563 936 1563 937 1563 933 1564 937 1564 934 1564 933 1565 932 1565 937 1565 936 1566 934 1566 937 1566 768 1567 912 1567 518 1567 920 1568 912 1568 911 1568 926 1569 920 1569 919 1569 911 1570 768 1570 786 1570 930 1571 926 1571 925 1571 919 1572 911 1572 910 1572 932 1573 930 1573 929 1573 925 1574 919 1574 918 1574 929 1575 925 1575 924 1575 931 1576 930 1576 933 1576 785 1577 910 1577 786 1577 909 1578 918 1578 910 1578 917 1579 924 1579 918 1579 774 1580 785 1580 772 1580 773 1581 774 1581 772 1581 788 1582 773 1582 771 1582 784 1583 909 1583 785 1583 908 1584 917 1584 909 1584 795 1585 789 1585 788 1585 776 1586 784 1586 774 1586 775 1587 776 1587 774 1587 789 1588 775 1588 773 1588 783 1589 908 1589 784 1589 802 1590 796 1590 795 1590 796 1591 790 1591 789 1591 778 1592 783 1592 776 1592 777 1593 778 1593 776 1593 790 1594 777 1594 775 1594 809 1595 803 1595 802 1595 803 1596 797 1596 796 1596 797 1597 791 1597 790 1597 791 1598 779 1598 777 1598 816 1599 810 1599 809 1599 810 1600 804 1600 803 1600 804 1601 798 1601 797 1601 798 1602 792 1602 791 1602 823 1603 817 1603 816 1603 817 1604 811 1604 810 1604 811 1605 805 1605 804 1605 805 1606 799 1606 798 1606 830 1607 824 1607 823 1607 824 1608 818 1608 817 1608 818 1609 812 1609 811 1609 812 1610 806 1610 805 1610 837 1611 831 1611 830 1611 831 1612 825 1612 824 1612 825 1613 819 1613 818 1613 819 1614 813 1614 812 1614 844 1615 838 1615 837 1615 838 1616 832 1616 831 1616 832 1617 826 1617 825 1617 826 1618 820 1618 819 1618 851 1619 845 1619 844 1619 845 1620 839 1620 838 1620 839 1621 833 1621 832 1621 833 1622 827 1622 826 1622 858 1623 852 1623 851 1623 852 1624 846 1624 845 1624 846 1625 840 1625 839 1625 840 1626 834 1626 833 1626 865 1627 859 1627 858 1627 859 1628 853 1628 852 1628 853 1629 847 1629 846 1629 847 1630 841 1630 840 1630 872 1631 866 1631 865 1631 866 1632 860 1632 859 1632 860 1633 854 1633 853 1633 854 1634 848 1634 847 1634 879 1635 873 1635 872 1635 873 1636 867 1636 866 1636 867 1637 861 1637 860 1637 861 1638 855 1638 854 1638 886 1639 880 1639 879 1639 880 1640 874 1640 873 1640 874 1641 868 1641 867 1641 868 1642 862 1642 861 1642 893 1643 887 1643 886 1643 887 1644 881 1644 880 1644 881 1645 875 1645 874 1645 875 1646 869 1646 868 1646 898 1647 894 1647 893 1647 894 1648 888 1648 887 1648 888 1649 882 1649 881 1649 882 1650 876 1650 875 1650 902 1651 899 1651 898 1651 899 1652 895 1652 894 1652 895 1653 889 1653 888 1653 889 1654 883 1654 882 1654 900 1655 899 1655 903 1655 509 1656 915 1656 500 1656 500 1657 915 1657 914 1657 913 1658 500 1658 914 1658 913 1659 922 1659 500 1659 500 1660 922 1660 938 1660 922 1661 934 1661 938 1661 938 1662 934 1662 939 1662 939 1663 934 1663 765 1663 765 1664 934 1664 936 1664 935 1665 765 1665 936 1665 935 1666 766 1666 765 1666 940 1667 941 1667 709 1667 940 1668 942 1668 941 1668 940 1669 943 1669 942 1669 942 1670 943 1670 944 1670 945 1671 944 1671 946 1671 947 1672 946 1672 948 1672 949 1673 948 1673 950 1673 951 1674 950 1674 952 1674 953 1675 952 1675 954 1675 955 1676 954 1676 956 1676 957 1677 956 1677 958 1677 959 1678 958 1678 960 1678 961 1679 960 1679 962 1679 963 1680 962 1680 964 1680 965 1681 964 1681 966 1681 967 1682 966 1682 968 1682 969 1683 968 1683 970 1683 969 1684 967 1684 968 1684 969 1685 971 1685 967 1685 967 1686 971 1686 972 1686 965 1687 972 1687 973 1687 963 1688 973 1688 974 1688 961 1689 974 1689 975 1689 959 1690 975 1690 976 1690 957 1691 976 1691 977 1691 955 1692 977 1692 978 1692 953 1693 978 1693 979 1693 951 1694 979 1694 980 1694 949 1695 980 1695 981 1695 947 1696 981 1696 982 1696 945 1697 982 1697 983 1697 942 1698 983 1698 941 1698 942 1699 945 1699 983 1699 942 1700 944 1700 945 1700 943 1701 984 1701 944 1701 944 1702 984 1702 985 1702 946 1703 985 1703 986 1703 948 1704 986 1704 987 1704 950 1705 987 1705 988 1705 952 1706 988 1706 989 1706 954 1707 989 1707 990 1707 956 1708 990 1708 991 1708 958 1709 991 1709 992 1709 960 1710 992 1710 993 1710 962 1711 993 1711 994 1711 964 1712 994 1712 995 1712 966 1713 995 1713 996 1713 968 1714 996 1714 997 1714 970 1715 997 1715 998 1715 970 1716 968 1716 997 1716 984 1717 999 1717 985 1717 985 1718 999 1718 1000 1718 986 1719 1000 1719 1001 1719 987 1720 1001 1720 1002 1720 988 1721 1002 1721 1003 1721 989 1722 1003 1722 1004 1722 990 1723 1004 1723 1005 1723 991 1724 1005 1724 1006 1724 992 1725 1006 1725 1007 1725 993 1726 1007 1726 1008 1726 994 1727 1008 1727 1009 1727 995 1728 1009 1728 1010 1728 996 1729 1010 1729 1011 1729 997 1730 1011 1730 1012 1730 998 1731 1012 1731 1013 1731 998 1732 997 1732 1012 1732 999 1733 1014 1733 1000 1733 1000 1734 1014 1734 1015 1734 1001 1735 1015 1735 1016 1735 1002 1736 1016 1736 1017 1736 1003 1737 1017 1737 1018 1737 1004 1738 1018 1738 1019 1738 1005 1739 1019 1739 1020 1739 1006 1740 1020 1740 1021 1740 1007 1741 1021 1741 1022 1741 1008 1742 1022 1742 1023 1742 1009 1743 1023 1743 1024 1743 1010 1744 1024 1744 1025 1744 1011 1745 1025 1745 1026 1745 1012 1746 1026 1746 1027 1746 1013 1747 1027 1747 1028 1747 1013 1748 1012 1748 1027 1748 1014 1749 1029 1749 1015 1749 1015 1750 1029 1750 1030 1750 1016 1751 1030 1751 1031 1751 1017 1752 1031 1752 1032 1752 1018 1753 1032 1753 1033 1753 1019 1754 1033 1754 1034 1754 1020 1755 1034 1755 1035 1755 1021 1756 1035 1756 1036 1756 1022 1757 1036 1757 1037 1757 1023 1758 1037 1758 1038 1758 1024 1759 1038 1759 1039 1759 1025 1760 1039 1760 1040 1760 1026 1761 1040 1761 1041 1761 1027 1762 1041 1762 1042 1762 1028 1763 1042 1763 1043 1763 1028 1764 1027 1764 1042 1764 1029 1765 1044 1765 1030 1765 1030 1766 1044 1766 1045 1766 1031 1767 1045 1767 1046 1767 1032 1768 1046 1768 1047 1768 1033 1769 1047 1769 1048 1769 1034 1770 1048 1770 1049 1770 1035 1771 1049 1771 1050 1771 1036 1772 1050 1772 1051 1772 1037 1773 1051 1773 1052 1773 1038 1774 1052 1774 1053 1774 1039 1775 1053 1775 1054 1775 1040 1776 1054 1776 1055 1776 1041 1777 1055 1777 1056 1777 1042 1778 1056 1778 1057 1778 1043 1779 1057 1779 1058 1779 1043 1780 1042 1780 1057 1780 1044 1781 1059 1781 1045 1781 1045 1782 1059 1782 1060 1782 1046 1783 1060 1783 1061 1783 1047 1784 1061 1784 1062 1784 1048 1785 1062 1785 1063 1785 1049 1786 1063 1786 1064 1786 1050 1787 1064 1787 1065 1787 1051 1788 1065 1788 1066 1788 1052 1789 1066 1789 1067 1789 1053 1790 1067 1790 1068 1790 1054 1791 1068 1791 1069 1791 1055 1792 1069 1792 1070 1792 1056 1793 1070 1793 1071 1793 1057 1794 1071 1794 1072 1794 1058 1795 1072 1795 1073 1795 1058 1796 1057 1796 1072 1796 1059 1797 1074 1797 1060 1797 1060 1798 1074 1798 1075 1798 1061 1799 1075 1799 1076 1799 1062 1800 1076 1800 1077 1800 1063 1801 1077 1801 1078 1801 1064 1802 1078 1802 1079 1802 1065 1803 1079 1803 1080 1803 1066 1804 1080 1804 1081 1804 1067 1805 1081 1805 1082 1805 1068 1806 1082 1806 1083 1806 1069 1807 1083 1807 1084 1807 1070 1808 1084 1808 1085 1808 1071 1809 1085 1809 1086 1809 1072 1810 1086 1810 1087 1810 1073 1811 1087 1811 1088 1811 1073 1812 1072 1812 1087 1812 1074 1813 1089 1813 1075 1813 1075 1814 1089 1814 1090 1814 1076 1815 1090 1815 1091 1815 1077 1816 1091 1816 1092 1816 1078 1817 1092 1817 1093 1817 1079 1818 1093 1818 1094 1818 1080 1819 1094 1819 1095 1819 1081 1820 1095 1820 1096 1820 1082 1821 1096 1821 1097 1821 1083 1822 1097 1822 1098 1822 1084 1823 1098 1823 1099 1823 1085 1824 1099 1824 1100 1824 1086 1825 1100 1825 1101 1825 1087 1826 1101 1826 1102 1826 1088 1827 1102 1827 1103 1827 1088 1828 1087 1828 1102 1828 1089 1829 1104 1829 1090 1829 1090 1830 1104 1830 1105 1830 1091 1831 1105 1831 1106 1831 1092 1832 1106 1832 1107 1832 1093 1833 1107 1833 1108 1833 1094 1834 1108 1834 1109 1834 1095 1835 1109 1835 1110 1835 1096 1836 1110 1836 1111 1836 1097 1837 1111 1837 1112 1837 1098 1838 1112 1838 1113 1838 1099 1839 1113 1839 1114 1839 1100 1840 1114 1840 1115 1840 1101 1841 1115 1841 1116 1841 1102 1842 1116 1842 1103 1842 1102 1843 1101 1843 1116 1843 1104 1844 1117 1844 1105 1844 1105 1845 1117 1845 1118 1845 1106 1846 1118 1846 1119 1846 1107 1847 1119 1847 1120 1847 1108 1848 1120 1848 1121 1848 1109 1849 1121 1849 1122 1849 1110 1850 1122 1850 1123 1850 1111 1851 1123 1851 1124 1851 1112 1852 1124 1852 1125 1852 1113 1853 1125 1853 1126 1853 1114 1854 1126 1854 1127 1854 1115 1855 1127 1855 1128 1855 1116 1856 1128 1856 1103 1856 1116 1857 1115 1857 1128 1857 1117 1858 1129 1858 1118 1858 1118 1859 1129 1859 1130 1859 1119 1860 1130 1860 1131 1860 1120 1861 1131 1861 1132 1861 1121 1862 1132 1862 1133 1862 1122 1863 1133 1863 1134 1863 1123 1864 1134 1864 1135 1864 1124 1865 1135 1865 1136 1865 1125 1866 1136 1866 1137 1866 1126 1867 1137 1867 1138 1867 1127 1868 1138 1868 1139 1868 1128 1869 1139 1869 1103 1869 1128 1870 1127 1870 1139 1870 1129 1871 1140 1871 1130 1871 1130 1872 1140 1872 1141 1872 1131 1873 1141 1873 1142 1873 1132 1874 1142 1874 1143 1874 1133 1875 1143 1875 1144 1875 1134 1876 1144 1876 1145 1876 1135 1877 1145 1877 1146 1877 1136 1878 1146 1878 1147 1878 1137 1879 1147 1879 1148 1879 1138 1880 1148 1880 1149 1880 1139 1881 1149 1881 1150 1881 1103 1882 1139 1882 1150 1882 1140 1883 1151 1883 1141 1883 1141 1884 1151 1884 1152 1884 1142 1885 1152 1885 1153 1885 1143 1886 1153 1886 1154 1886 1144 1887 1154 1887 1155 1887 1145 1888 1155 1888 1156 1888 1146 1889 1156 1889 1157 1889 1147 1890 1157 1890 1158 1890 1148 1891 1158 1891 1159 1891 1149 1892 1159 1892 1150 1892 1149 1893 1148 1893 1159 1893 1151 1894 1160 1894 1152 1894 1152 1895 1160 1895 1161 1895 1153 1896 1161 1896 1162 1896 1154 1897 1162 1897 1163 1897 1155 1898 1163 1898 1164 1898 1156 1899 1164 1899 1165 1899 1157 1900 1165 1900 1166 1900 1158 1901 1166 1901 1167 1901 1159 1902 1167 1902 1150 1902 1159 1903 1158 1903 1167 1903 1160 1904 1168 1904 1161 1904 1161 1905 1168 1905 1169 1905 1162 1906 1169 1906 1170 1906 1163 1907 1170 1907 1171 1907 1164 1908 1171 1908 1172 1908 1165 1909 1172 1909 1173 1909 1166 1910 1173 1910 1174 1910 1167 1911 1174 1911 1150 1911 1167 1912 1166 1912 1174 1912 1168 1913 1175 1913 1169 1913 1169 1914 1175 1914 1176 1914 1170 1915 1176 1915 1177 1915 1171 1916 1177 1916 1178 1916 1172 1917 1178 1917 1179 1917 1173 1918 1179 1918 1180 1918 1174 1919 1180 1919 1150 1919 1174 1920 1173 1920 1180 1920 1175 1921 1181 1921 1176 1921 1176 1922 1181 1922 1182 1922 1177 1923 1182 1923 1183 1923 1178 1924 1183 1924 1184 1924 1179 1925 1184 1925 1185 1925 1180 1926 1185 1926 1150 1926 1180 1927 1179 1927 1185 1927 1181 1928 1186 1928 1182 1928 1182 1929 1186 1929 1187 1929 1183 1930 1187 1930 1188 1930 1184 1931 1188 1931 1189 1931 1185 1932 1189 1932 1190 1932 1150 1933 1185 1933 1190 1933 1186 1934 1191 1934 1187 1934 1187 1935 1191 1935 1192 1935 1188 1936 1192 1936 1193 1936 1189 1937 1193 1937 1190 1937 1189 1938 1188 1938 1193 1938 1191 1939 1194 1939 1192 1939 1192 1940 1194 1940 1195 1940 1193 1941 1195 1941 1190 1941 1193 1942 1192 1942 1195 1942 1194 1943 1190 1943 1195 1943 971 1944 1196 1944 972 1944 972 1945 1196 1945 1197 1945 973 1946 1197 1946 1198 1946 974 1947 1198 1947 1199 1947 975 1948 1199 1948 1200 1948 976 1949 1200 1949 1201 1949 977 1950 1201 1950 1202 1950 978 1951 1202 1951 1203 1951 979 1952 1203 1952 1204 1952 980 1953 1204 1953 1205 1953 981 1954 1205 1954 1206 1954 982 1955 1206 1955 1207 1955 983 1956 1207 1956 1208 1956 941 1957 1208 1957 1209 1957 1210 1958 1209 1958 1211 1958 1210 1959 941 1959 1209 1959 1210 1960 709 1960 941 1960 1210 1961 710 1961 709 1961 1210 1962 1212 1962 710 1962 710 1963 1212 1963 711 1963 711 1964 1212 1964 701 1964 701 1965 1212 1965 700 1965 1196 1966 1213 1966 1197 1966 1197 1967 1213 1967 1214 1967 1198 1968 1214 1968 1215 1968 1199 1969 1215 1969 1216 1969 1200 1970 1216 1970 1217 1970 1201 1971 1217 1971 1218 1971 1202 1972 1218 1972 1219 1972 1203 1973 1219 1973 1220 1973 1204 1974 1220 1974 1221 1974 1205 1975 1221 1975 1222 1975 1206 1976 1222 1976 1223 1976 1207 1977 1223 1977 1224 1977 1208 1978 1224 1978 1225 1978 1209 1979 1225 1979 1211 1979 1209 1980 1208 1980 1225 1980 1213 1981 1226 1981 1214 1981 1214 1982 1226 1982 1227 1982 1215 1983 1227 1983 1228 1983 1216 1984 1228 1984 1229 1984 1217 1985 1229 1985 1230 1985 1218 1986 1230 1986 1231 1986 1219 1987 1231 1987 1232 1987 1220 1988 1232 1988 1233 1988 1221 1989 1233 1989 1234 1989 1222 1990 1234 1990 1235 1990 1223 1991 1235 1991 1236 1991 1224 1992 1236 1992 1237 1992 1225 1993 1237 1993 1211 1993 1225 1994 1224 1994 1237 1994 1226 1995 1238 1995 1227 1995 1227 1996 1238 1996 1239 1996 1228 1997 1239 1997 1240 1997 1229 1998 1240 1998 1241 1998 1230 1999 1241 1999 1242 1999 1231 2000 1242 2000 1243 2000 1232 2001 1243 2001 1244 2001 1233 2002 1244 2002 1245 2002 1234 2003 1245 2003 1246 2003 1235 2004 1246 2004 1247 2004 1236 2005 1247 2005 1248 2005 1237 2006 1248 2006 1211 2006 1237 2007 1236 2007 1248 2007 1238 2008 1249 2008 1239 2008 1239 2009 1249 2009 1250 2009 1240 2010 1250 2010 1251 2010 1241 2011 1251 2011 1252 2011 1242 2012 1252 2012 1253 2012 1243 2013 1253 2013 1254 2013 1244 2014 1254 2014 1255 2014 1245 2015 1255 2015 1256 2015 1246 2016 1256 2016 1257 2016 1247 2017 1257 2017 1258 2017 1248 2018 1258 2018 1259 2018 1211 2019 1248 2019 1259 2019 1249 2020 1260 2020 1250 2020 1250 2021 1260 2021 1261 2021 1251 2022 1261 2022 1262 2022 1252 2023 1262 2023 1263 2023 1253 2024 1263 2024 1264 2024 1254 2025 1264 2025 1265 2025 1255 2026 1265 2026 1266 2026 1256 2027 1266 2027 1267 2027 1257 2028 1267 2028 1268 2028 1258 2029 1268 2029 1259 2029 1258 2030 1257 2030 1268 2030 1260 2031 1269 2031 1261 2031 1261 2032 1269 2032 1270 2032 1262 2033 1270 2033 1271 2033 1263 2034 1271 2034 1272 2034 1264 2035 1272 2035 1273 2035 1265 2036 1273 2036 1274 2036 1266 2037 1274 2037 1275 2037 1267 2038 1275 2038 1276 2038 1268 2039 1276 2039 1259 2039 1268 2040 1267 2040 1276 2040 1269 2041 1277 2041 1270 2041 1270 2042 1277 2042 1278 2042 1271 2043 1278 2043 1279 2043 1272 2044 1279 2044 1280 2044 1273 2045 1280 2045 1281 2045 1274 2046 1281 2046 1282 2046 1275 2047 1282 2047 1283 2047 1276 2048 1283 2048 1259 2048 1276 2049 1275 2049 1283 2049 1277 2050 1284 2050 1278 2050 1278 2051 1284 2051 1285 2051 1279 2052 1285 2052 1286 2052 1280 2053 1286 2053 1287 2053 1281 2054 1287 2054 1288 2054 1282 2055 1288 2055 1289 2055 1283 2056 1289 2056 1259 2056 1283 2057 1282 2057 1289 2057 1284 2058 1290 2058 1285 2058 1285 2059 1290 2059 1291 2059 1286 2060 1291 2060 1292 2060 1287 2061 1292 2061 1293 2061 1288 2062 1293 2062 1294 2062 1289 2063 1294 2063 1259 2063 1289 2064 1288 2064 1294 2064 1290 2065 1295 2065 1291 2065 1291 2066 1295 2066 1296 2066 1292 2067 1296 2067 1297 2067 1293 2068 1297 2068 1298 2068 1294 2069 1298 2069 1259 2069 1294 2070 1293 2070 1298 2070 1295 2071 1299 2071 1296 2071 1296 2072 1299 2072 1300 2072 1297 2073 1300 2073 1301 2073 1298 2074 1301 2074 1302 2074 1259 2075 1298 2075 1302 2075 1299 2076 189 2076 1300 2076 1300 2077 189 2077 1303 2077 1301 2078 1303 2078 1302 2078 1301 2079 1300 2079 1303 2079 188 2080 1304 2080 189 2080 188 2081 187 2081 1304 2081 1304 2082 187 2082 1305 2082 1305 2083 187 2083 186 2083 190 2084 1305 2084 186 2084 190 2085 184 2085 1305 2085 1304 2086 1302 2086 189 2086 189 2087 1302 2087 1303 2087 983 2088 1208 2088 941 2088 1207 2089 1224 2089 1208 2089 1223 2090 1236 2090 1224 2090 1258 2091 1248 2091 1247 2091 1246 2092 1257 2092 1247 2092 1247 2093 1236 2093 1235 2093 1256 2094 1267 2094 1257 2094 1266 2095 1275 2095 1267 2095 1274 2096 1282 2096 1275 2096 1281 2097 1288 2097 1282 2097 1287 2098 1293 2098 1288 2098 1301 2099 1298 2099 1297 2099 1296 2100 1300 2100 1297 2100 1297 2101 1293 2101 1292 2101 982 2102 1207 2102 983 2102 1206 2103 1223 2103 1207 2103 1222 2104 1235 2104 1223 2104 1234 2105 1246 2105 1235 2105 1245 2106 1256 2106 1246 2106 1255 2107 1266 2107 1256 2107 1265 2108 1274 2108 1266 2108 1273 2109 1281 2109 1274 2109 1280 2110 1287 2110 1281 2110 1286 2111 1292 2111 1287 2111 1291 2112 1296 2112 1292 2112 947 2113 982 2113 945 2113 946 2114 947 2114 945 2114 985 2115 946 2115 944 2115 981 2116 1206 2116 982 2116 1205 2117 1222 2117 1206 2117 1221 2118 1234 2118 1222 2118 1233 2119 1245 2119 1234 2119 1244 2120 1255 2120 1245 2120 1254 2121 1265 2121 1255 2121 1264 2122 1273 2122 1265 2122 1272 2123 1280 2123 1273 2123 1279 2124 1286 2124 1280 2124 1285 2125 1291 2125 1286 2125 1000 2126 986 2126 985 2126 949 2127 981 2127 947 2127 948 2128 949 2128 947 2128 986 2129 948 2129 946 2129 980 2130 1205 2130 981 2130 1204 2131 1221 2131 1205 2131 1220 2132 1233 2132 1221 2132 1232 2133 1244 2133 1233 2133 1243 2134 1254 2134 1244 2134 1253 2135 1264 2135 1254 2135 1263 2136 1272 2136 1264 2136 1271 2137 1279 2137 1272 2137 1278 2138 1285 2138 1279 2138 1015 2139 1001 2139 1000 2139 1001 2140 987 2140 986 2140 951 2141 980 2141 949 2141 950 2142 951 2142 949 2142 987 2143 950 2143 948 2143 979 2144 1204 2144 980 2144 1203 2145 1220 2145 1204 2145 1219 2146 1232 2146 1220 2146 1231 2147 1243 2147 1232 2147 1242 2148 1253 2148 1243 2148 1252 2149 1263 2149 1253 2149 1262 2150 1271 2150 1263 2150 1270 2151 1278 2151 1271 2151 1030 2152 1016 2152 1015 2152 1016 2153 1002 2153 1001 2153 1002 2154 988 2154 987 2154 953 2155 979 2155 951 2155 952 2156 953 2156 951 2156 988 2157 952 2157 950 2157 978 2158 1203 2158 979 2158 1202 2159 1219 2159 1203 2159 1218 2160 1231 2160 1219 2160 1230 2161 1242 2161 1231 2161 1241 2162 1252 2162 1242 2162 1251 2163 1262 2163 1252 2163 1261 2164 1270 2164 1262 2164 1045 2165 1031 2165 1030 2165 1031 2166 1017 2166 1016 2166 1017 2167 1003 2167 1002 2167 1003 2168 989 2168 988 2168 955 2169 978 2169 953 2169 954 2170 955 2170 953 2170 989 2171 954 2171 952 2171 977 2172 1202 2172 978 2172 1201 2173 1218 2173 1202 2173 1217 2174 1230 2174 1218 2174 1229 2175 1241 2175 1230 2175 1240 2176 1251 2176 1241 2176 1250 2177 1261 2177 1251 2177 1060 2178 1046 2178 1045 2178 1046 2179 1032 2179 1031 2179 1032 2180 1018 2180 1017 2180 1018 2181 1004 2181 1003 2181 1004 2182 990 2182 989 2182 957 2183 977 2183 955 2183 956 2184 957 2184 955 2184 990 2185 956 2185 954 2185 976 2186 1201 2186 977 2186 1200 2187 1217 2187 1201 2187 1216 2188 1229 2188 1217 2188 1228 2189 1240 2189 1229 2189 1239 2190 1250 2190 1240 2190 1075 2191 1061 2191 1060 2191 1061 2192 1047 2192 1046 2192 1047 2193 1033 2193 1032 2193 1033 2194 1019 2194 1018 2194 1019 2195 1005 2195 1004 2195 1005 2196 991 2196 990 2196 959 2197 976 2197 957 2197 958 2198 959 2198 957 2198 991 2199 958 2199 956 2199 975 2200 1200 2200 976 2200 1199 2201 1216 2201 1200 2201 1215 2202 1228 2202 1216 2202 1227 2203 1239 2203 1228 2203 1090 2204 1076 2204 1075 2204 1076 2205 1062 2205 1061 2205 1062 2206 1048 2206 1047 2206 1048 2207 1034 2207 1033 2207 1034 2208 1020 2208 1019 2208 1020 2209 1006 2209 1005 2209 1006 2210 992 2210 991 2210 961 2211 975 2211 959 2211 960 2212 961 2212 959 2212 992 2213 960 2213 958 2213 974 2214 1199 2214 975 2214 1198 2215 1215 2215 1199 2215 1214 2216 1227 2216 1215 2216 1105 2217 1091 2217 1090 2217 1091 2218 1077 2218 1076 2218 1077 2219 1063 2219 1062 2219 1063 2220 1049 2220 1048 2220 1049 2221 1035 2221 1034 2221 1035 2222 1021 2222 1020 2222 1021 2223 1007 2223 1006 2223 1007 2224 993 2224 992 2224 963 2225 974 2225 961 2225 962 2226 963 2226 961 2226 993 2227 962 2227 960 2227 973 2228 1198 2228 974 2228 1197 2229 1214 2229 1198 2229 1118 2230 1106 2230 1105 2230 1106 2231 1092 2231 1091 2231 1092 2232 1078 2232 1077 2232 1078 2233 1064 2233 1063 2233 1064 2234 1050 2234 1049 2234 1050 2235 1036 2235 1035 2235 1036 2236 1022 2236 1021 2236 1022 2237 1008 2237 1007 2237 1008 2238 994 2238 993 2238 965 2239 973 2239 963 2239 964 2240 965 2240 963 2240 994 2241 964 2241 962 2241 972 2242 1197 2242 973 2242 1130 2243 1119 2243 1118 2243 1119 2244 1107 2244 1106 2244 1107 2245 1093 2245 1092 2245 1093 2246 1079 2246 1078 2246 1079 2247 1065 2247 1064 2247 1065 2248 1051 2248 1050 2248 1051 2249 1037 2249 1036 2249 1037 2250 1023 2250 1022 2250 1023 2251 1009 2251 1008 2251 1009 2252 995 2252 994 2252 967 2253 972 2253 965 2253 966 2254 967 2254 965 2254 995 2255 966 2255 964 2255 1141 2256 1131 2256 1130 2256 1131 2257 1120 2257 1119 2257 1120 2258 1108 2258 1107 2258 1108 2259 1094 2259 1093 2259 1094 2260 1080 2260 1079 2260 1080 2261 1066 2261 1065 2261 1066 2262 1052 2262 1051 2262 1052 2263 1038 2263 1037 2263 1038 2264 1024 2264 1023 2264 1024 2265 1010 2265 1009 2265 1010 2266 996 2266 995 2266 996 2267 968 2267 966 2267 1152 2268 1142 2268 1141 2268 1142 2269 1132 2269 1131 2269 1132 2270 1121 2270 1120 2270 1121 2271 1109 2271 1108 2271 1109 2272 1095 2272 1094 2272 1095 2273 1081 2273 1080 2273 1081 2274 1067 2274 1066 2274 1067 2275 1053 2275 1052 2275 1053 2276 1039 2276 1038 2276 1039 2277 1025 2277 1024 2277 1025 2278 1011 2278 1010 2278 1011 2279 997 2279 996 2279 1161 2280 1153 2280 1152 2280 1153 2281 1143 2281 1142 2281 1143 2282 1133 2282 1132 2282 1133 2283 1122 2283 1121 2283 1122 2284 1110 2284 1109 2284 1110 2285 1096 2285 1095 2285 1096 2286 1082 2286 1081 2286 1082 2287 1068 2287 1067 2287 1068 2288 1054 2288 1053 2288 1054 2289 1040 2289 1039 2289 1040 2290 1026 2290 1025 2290 1026 2291 1012 2291 1011 2291 1169 2292 1162 2292 1161 2292 1162 2293 1154 2293 1153 2293 1154 2294 1144 2294 1143 2294 1144 2295 1134 2295 1133 2295 1134 2296 1123 2296 1122 2296 1123 2297 1111 2297 1110 2297 1111 2298 1097 2298 1096 2298 1097 2299 1083 2299 1082 2299 1083 2300 1069 2300 1068 2300 1069 2301 1055 2301 1054 2301 1055 2302 1041 2302 1040 2302 1041 2303 1027 2303 1026 2303 1176 2304 1170 2304 1169 2304 1170 2305 1163 2305 1162 2305 1163 2306 1155 2306 1154 2306 1155 2307 1145 2307 1144 2307 1145 2308 1135 2308 1134 2308 1135 2309 1124 2309 1123 2309 1124 2310 1112 2310 1111 2310 1112 2311 1098 2311 1097 2311 1098 2312 1084 2312 1083 2312 1084 2313 1070 2313 1069 2313 1070 2314 1056 2314 1055 2314 1056 2315 1042 2315 1041 2315 1182 2316 1177 2316 1176 2316 1177 2317 1171 2317 1170 2317 1171 2318 1164 2318 1163 2318 1164 2319 1156 2319 1155 2319 1156 2320 1146 2320 1145 2320 1146 2321 1136 2321 1135 2321 1136 2322 1125 2322 1124 2322 1125 2323 1113 2323 1112 2323 1113 2324 1099 2324 1098 2324 1099 2325 1085 2325 1084 2325 1085 2326 1071 2326 1070 2326 1071 2327 1057 2327 1056 2327 1187 2328 1183 2328 1182 2328 1183 2329 1178 2329 1177 2329 1178 2330 1172 2330 1171 2330 1172 2331 1165 2331 1164 2331 1165 2332 1157 2332 1156 2332 1157 2333 1147 2333 1146 2333 1147 2334 1137 2334 1136 2334 1137 2335 1126 2335 1125 2335 1126 2336 1114 2336 1113 2336 1114 2337 1100 2337 1099 2337 1100 2338 1086 2338 1085 2338 1086 2339 1072 2339 1071 2339 1192 2340 1188 2340 1187 2340 1188 2341 1184 2341 1183 2341 1184 2342 1179 2342 1178 2342 1179 2343 1173 2343 1172 2343 1173 2344 1166 2344 1165 2344 1166 2345 1158 2345 1157 2345 1158 2346 1148 2346 1147 2346 1148 2347 1138 2347 1137 2347 1138 2348 1127 2348 1126 2348 1127 2349 1115 2349 1114 2349 1115 2350 1101 2350 1100 2350 1101 2351 1087 2351 1086 2351 1185 2352 1184 2352 1189 2352 1139 2353 1138 2353 1149 2353 700 2354 1212 2354 691 2354 691 2355 1212 2355 1210 2355 1211 2356 691 2356 1210 2356 1211 2357 1306 2357 691 2357 1211 2358 1259 2358 1306 2358 1306 2359 1259 2359 1307 2359 1307 2360 1259 2360 1302 2360 1308 2361 1307 2361 1302 2361 1308 2362 1302 2362 183 2362 183 2363 1302 2363 1304 2363 1305 2364 183 2364 1304 2364 1305 2365 184 2365 183 2365 1309 2366 1310 2366 1311 2366 1309 2367 1312 2367 1310 2367 1309 2368 1313 2368 1312 2368 1312 2369 1313 2369 1314 2369 1315 2370 1314 2370 1316 2370 1317 2371 1316 2371 1318 2371 1319 2372 1318 2372 1320 2372 1321 2373 1320 2373 1322 2373 1323 2374 1322 2374 1324 2374 1323 2375 1321 2375 1322 2375 1323 2376 1325 2376 1321 2376 1321 2377 1325 2377 1326 2377 1319 2378 1326 2378 1327 2378 1317 2379 1327 2379 1328 2379 1315 2380 1328 2380 1329 2380 1312 2381 1329 2381 1310 2381 1312 2382 1315 2382 1329 2382 1312 2383 1314 2383 1315 2383 1313 2384 1330 2384 1314 2384 1314 2385 1330 2385 1331 2385 1316 2386 1331 2386 1332 2386 1318 2387 1332 2387 1333 2387 1320 2388 1333 2388 1334 2388 1322 2389 1334 2389 1335 2389 1324 2390 1335 2390 1336 2390 1324 2391 1322 2391 1335 2391 1330 2392 1337 2392 1331 2392 1331 2393 1337 2393 1338 2393 1332 2394 1338 2394 1339 2394 1333 2395 1339 2395 1340 2395 1334 2396 1340 2396 1341 2396 1335 2397 1341 2397 1342 2397 1336 2398 1342 2398 1343 2398 1336 2399 1335 2399 1342 2399 1337 2400 1344 2400 1338 2400 1338 2401 1344 2401 1345 2401 1339 2402 1345 2402 1346 2402 1340 2403 1346 2403 1347 2403 1341 2404 1347 2404 1348 2404 1342 2405 1348 2405 1349 2405 1343 2406 1349 2406 1350 2406 1343 2407 1342 2407 1349 2407 1344 2408 1351 2408 1345 2408 1345 2409 1351 2409 1352 2409 1346 2410 1352 2410 1353 2410 1347 2411 1353 2411 1354 2411 1348 2412 1354 2412 1355 2412 1349 2413 1355 2413 1356 2413 1350 2414 1356 2414 1357 2414 1350 2415 1349 2415 1356 2415 1351 2416 1358 2416 1352 2416 1352 2417 1358 2417 1359 2417 1353 2418 1359 2418 1360 2418 1354 2419 1360 2419 1361 2419 1355 2420 1361 2420 1362 2420 1356 2421 1362 2421 1363 2421 1357 2422 1363 2422 1364 2422 1357 2423 1356 2423 1363 2423 1358 2424 1365 2424 1359 2424 1359 2425 1365 2425 1366 2425 1360 2426 1366 2426 1367 2426 1361 2427 1367 2427 1368 2427 1362 2428 1368 2428 1369 2428 1363 2429 1369 2429 1370 2429 1364 2430 1370 2430 1371 2430 1364 2431 1363 2431 1370 2431 1365 2432 1372 2432 1366 2432 1366 2433 1372 2433 1373 2433 1367 2434 1373 2434 1374 2434 1368 2435 1374 2435 1375 2435 1369 2436 1375 2436 1376 2436 1370 2437 1376 2437 1377 2437 1371 2438 1377 2438 1378 2438 1371 2439 1370 2439 1377 2439 1372 2440 1379 2440 1373 2440 1373 2441 1379 2441 1380 2441 1374 2442 1380 2442 1381 2442 1375 2443 1381 2443 1382 2443 1376 2444 1382 2444 1383 2444 1377 2445 1383 2445 1384 2445 1378 2446 1384 2446 1385 2446 1378 2447 1377 2447 1384 2447 1379 2448 1386 2448 1380 2448 1380 2449 1386 2449 1387 2449 1381 2450 1387 2450 1388 2450 1382 2451 1388 2451 1389 2451 1383 2452 1389 2452 1390 2452 1384 2453 1390 2453 1391 2453 1385 2454 1391 2454 1392 2454 1385 2455 1384 2455 1391 2455 1386 2456 1393 2456 1387 2456 1387 2457 1393 2457 1394 2457 1388 2458 1394 2458 1395 2458 1389 2459 1395 2459 1396 2459 1390 2460 1396 2460 1397 2460 1391 2461 1397 2461 1398 2461 1392 2462 1398 2462 1399 2462 1392 2463 1391 2463 1398 2463 1393 2464 1400 2464 1394 2464 1394 2465 1400 2465 1401 2465 1395 2466 1401 2466 1402 2466 1396 2467 1402 2467 1403 2467 1397 2468 1403 2468 1404 2468 1398 2469 1404 2469 1405 2469 1399 2470 1405 2470 1406 2470 1399 2471 1398 2471 1405 2471 1400 2472 1407 2472 1401 2472 1401 2473 1407 2473 1408 2473 1402 2474 1408 2474 1409 2474 1403 2475 1409 2475 1410 2475 1404 2476 1410 2476 1411 2476 1405 2477 1411 2477 1412 2477 1406 2478 1412 2478 1413 2478 1406 2479 1405 2479 1412 2479 1407 2480 1414 2480 1408 2480 1408 2481 1414 2481 1415 2481 1409 2482 1415 2482 1416 2482 1410 2483 1416 2483 1417 2483 1411 2484 1417 2484 1418 2484 1412 2485 1418 2485 1419 2485 1413 2486 1419 2486 1420 2486 1413 2487 1412 2487 1419 2487 1414 2488 1421 2488 1415 2488 1415 2489 1421 2489 1422 2489 1416 2490 1422 2490 1423 2490 1417 2491 1423 2491 1424 2491 1418 2492 1424 2492 1425 2492 1419 2493 1425 2493 1426 2493 1420 2494 1426 2494 1427 2494 1420 2495 1419 2495 1426 2495 1421 2496 1428 2496 1422 2496 1422 2497 1428 2497 1429 2497 1423 2498 1429 2498 1430 2498 1424 2499 1430 2499 1431 2499 1425 2500 1431 2500 1432 2500 1426 2501 1432 2501 1433 2501 1427 2502 1433 2502 1434 2502 1427 2503 1426 2503 1433 2503 1428 2504 1435 2504 1429 2504 1429 2505 1435 2505 1436 2505 1430 2506 1436 2506 1437 2506 1431 2507 1437 2507 1438 2507 1432 2508 1438 2508 1439 2508 1433 2509 1439 2509 1440 2509 1434 2510 1440 2510 1441 2510 1434 2511 1433 2511 1440 2511 1435 2512 1442 2512 1436 2512 1436 2513 1442 2513 1443 2513 1437 2514 1443 2514 1444 2514 1438 2515 1444 2515 1445 2515 1439 2516 1445 2516 1446 2516 1440 2517 1446 2517 1447 2517 1441 2518 1447 2518 1448 2518 1441 2519 1440 2519 1447 2519 1442 2520 1449 2520 1443 2520 1443 2521 1449 2521 1450 2521 1444 2522 1450 2522 1451 2522 1445 2523 1451 2523 1452 2523 1446 2524 1452 2524 1453 2524 1447 2525 1453 2525 1448 2525 1447 2526 1446 2526 1453 2526 1449 2527 1454 2527 1450 2527 1450 2528 1454 2528 1455 2528 1451 2529 1455 2529 1456 2529 1452 2530 1456 2530 1457 2530 1453 2531 1457 2531 1448 2531 1453 2532 1452 2532 1457 2532 1454 2533 1458 2533 1455 2533 1455 2534 1458 2534 1459 2534 1456 2535 1459 2535 1460 2535 1457 2536 1460 2536 1461 2536 1448 2537 1457 2537 1461 2537 1458 2538 1462 2538 1459 2538 1459 2539 1462 2539 1463 2539 1460 2540 1463 2540 1461 2540 1460 2541 1459 2541 1463 2541 1462 2542 1461 2542 1463 2542 1325 2543 1464 2543 1326 2543 1326 2544 1464 2544 1465 2544 1327 2545 1465 2545 1466 2545 1328 2546 1466 2546 1467 2546 1329 2547 1467 2547 1468 2547 1310 2548 1468 2548 1311 2548 1310 2549 1329 2549 1468 2549 1464 2550 1469 2550 1465 2550 1465 2551 1469 2551 1470 2551 1466 2552 1470 2552 1471 2552 1467 2553 1471 2553 1472 2553 1468 2554 1472 2554 1311 2554 1468 2555 1467 2555 1472 2555 1469 2556 1473 2556 1470 2556 1470 2557 1473 2557 1474 2557 1471 2558 1474 2558 1475 2558 1472 2559 1475 2559 1476 2559 1311 2560 1472 2560 1476 2560 1473 2561 1477 2561 1474 2561 1474 2562 1477 2562 1478 2562 1475 2563 1478 2563 1476 2563 1475 2564 1474 2564 1478 2564 1477 2565 1476 2565 1478 2565 1471 2566 1475 2566 1472 2566 1328 2567 1467 2567 1329 2567 1466 2568 1471 2568 1467 2568 1470 2569 1474 2569 1471 2569 1317 2570 1328 2570 1315 2570 1316 2571 1317 2571 1315 2571 1331 2572 1316 2572 1314 2572 1327 2573 1466 2573 1328 2573 1465 2574 1470 2574 1466 2574 1338 2575 1332 2575 1331 2575 1319 2576 1327 2576 1317 2576 1318 2577 1319 2577 1317 2577 1332 2578 1318 2578 1316 2578 1326 2579 1465 2579 1327 2579 1345 2580 1339 2580 1338 2580 1339 2581 1333 2581 1332 2581 1321 2582 1326 2582 1319 2582 1320 2583 1321 2583 1319 2583 1333 2584 1320 2584 1318 2584 1352 2585 1346 2585 1345 2585 1346 2586 1340 2586 1339 2586 1340 2587 1334 2587 1333 2587 1334 2588 1322 2588 1320 2588 1359 2589 1353 2589 1352 2589 1353 2590 1347 2590 1346 2590 1347 2591 1341 2591 1340 2591 1341 2592 1335 2592 1334 2592 1366 2593 1360 2593 1359 2593 1360 2594 1354 2594 1353 2594 1354 2595 1348 2595 1347 2595 1348 2596 1342 2596 1341 2596 1373 2597 1367 2597 1366 2597 1367 2598 1361 2598 1360 2598 1361 2599 1355 2599 1354 2599 1355 2600 1349 2600 1348 2600 1380 2601 1374 2601 1373 2601 1374 2602 1368 2602 1367 2602 1368 2603 1362 2603 1361 2603 1362 2604 1356 2604 1355 2604 1387 2605 1381 2605 1380 2605 1381 2606 1375 2606 1374 2606 1375 2607 1369 2607 1368 2607 1369 2608 1363 2608 1362 2608 1394 2609 1388 2609 1387 2609 1388 2610 1382 2610 1381 2610 1382 2611 1376 2611 1375 2611 1376 2612 1370 2612 1369 2612 1401 2613 1395 2613 1394 2613 1395 2614 1389 2614 1388 2614 1389 2615 1383 2615 1382 2615 1383 2616 1377 2616 1376 2616 1408 2617 1402 2617 1401 2617 1402 2618 1396 2618 1395 2618 1396 2619 1390 2619 1389 2619 1390 2620 1384 2620 1383 2620 1415 2621 1409 2621 1408 2621 1409 2622 1403 2622 1402 2622 1403 2623 1397 2623 1396 2623 1397 2624 1391 2624 1390 2624 1422 2625 1416 2625 1415 2625 1416 2626 1410 2626 1409 2626 1410 2627 1404 2627 1403 2627 1404 2628 1398 2628 1397 2628 1429 2629 1423 2629 1422 2629 1423 2630 1417 2630 1416 2630 1417 2631 1411 2631 1410 2631 1411 2632 1405 2632 1404 2632 1436 2633 1430 2633 1429 2633 1430 2634 1424 2634 1423 2634 1424 2635 1418 2635 1417 2635 1418 2636 1412 2636 1411 2636 1443 2637 1437 2637 1436 2637 1437 2638 1431 2638 1430 2638 1431 2639 1425 2639 1424 2639 1425 2640 1419 2640 1418 2640 1450 2641 1444 2641 1443 2641 1444 2642 1438 2642 1437 2642 1438 2643 1432 2643 1431 2643 1432 2644 1426 2644 1425 2644 1455 2645 1451 2645 1450 2645 1451 2646 1445 2646 1444 2646 1445 2647 1439 2647 1438 2647 1439 2648 1433 2648 1432 2648 1459 2649 1456 2649 1455 2649 1456 2650 1452 2650 1451 2650 1452 2651 1446 2651 1445 2651 1446 2652 1440 2652 1439 2652 1457 2653 1456 2653 1460 2653 1479 2654 1103 2654 1480 2654 1481 2655 1479 2655 1480 2655 1481 2656 1482 2656 1479 2656 1481 2657 1483 2657 1482 2657 1481 2658 1484 2658 1483 2658 1481 2659 1485 2659 1484 2659 1484 2660 1485 2660 1486 2660 1486 2661 1485 2661 1487 2661 1190 2662 1488 2662 1150 2662 1190 2663 1489 2663 1488 2663 1488 2664 1480 2664 1150 2664 1150 2665 1480 2665 1103 2665 1482 2666 1448 2666 1479 2666 1479 2667 1448 2667 1461 2667 1490 2668 1491 2668 339 2668 1490 2669 1492 2669 1491 2669 1490 2670 1493 2670 1492 2670 1492 2671 1493 2671 1494 2671 1495 2672 1494 2672 1496 2672 1497 2673 1496 2673 1498 2673 1499 2674 1498 2674 1500 2674 1501 2675 1500 2675 1502 2675 1503 2676 1502 2676 1504 2676 1505 2677 1504 2677 1506 2677 1507 2678 1506 2678 1508 2678 1509 2679 1508 2679 1510 2679 1511 2680 1510 2680 1512 2680 1513 2681 1512 2681 1514 2681 1515 2682 1514 2682 1516 2682 1517 2683 1516 2683 1518 2683 1519 2684 1518 2684 1520 2684 1519 2685 1517 2685 1518 2685 1519 2686 1521 2686 1517 2686 1517 2687 1521 2687 1522 2687 1515 2688 1522 2688 1523 2688 1513 2689 1523 2689 1524 2689 1511 2690 1524 2690 1525 2690 1509 2691 1525 2691 1526 2691 1507 2692 1526 2692 1527 2692 1505 2693 1527 2693 1528 2693 1503 2694 1528 2694 1529 2694 1501 2695 1529 2695 1530 2695 1499 2696 1530 2696 1531 2696 1497 2697 1531 2697 1532 2697 1495 2698 1532 2698 1533 2698 1492 2699 1533 2699 1491 2699 1492 2700 1495 2700 1533 2700 1492 2701 1494 2701 1495 2701 1493 2702 1534 2702 1494 2702 1494 2703 1534 2703 1535 2703 1496 2704 1535 2704 1536 2704 1498 2705 1536 2705 1537 2705 1500 2706 1537 2706 1538 2706 1502 2707 1538 2707 1539 2707 1504 2708 1539 2708 1540 2708 1506 2709 1540 2709 1541 2709 1508 2710 1541 2710 1542 2710 1510 2711 1542 2711 1543 2711 1512 2712 1543 2712 1544 2712 1514 2713 1544 2713 1545 2713 1516 2714 1545 2714 1546 2714 1518 2715 1546 2715 1547 2715 1520 2716 1547 2716 1548 2716 1520 2717 1518 2717 1547 2717 1534 2718 1549 2718 1535 2718 1535 2719 1549 2719 1550 2719 1536 2720 1550 2720 1551 2720 1537 2721 1551 2721 1552 2721 1538 2722 1552 2722 1553 2722 1539 2723 1553 2723 1554 2723 1540 2724 1554 2724 1555 2724 1541 2725 1555 2725 1556 2725 1542 2726 1556 2726 1557 2726 1543 2727 1557 2727 1558 2727 1544 2728 1558 2728 1559 2728 1545 2729 1559 2729 1560 2729 1546 2730 1560 2730 1561 2730 1547 2731 1561 2731 1562 2731 1548 2732 1562 2732 1563 2732 1548 2733 1547 2733 1562 2733 1549 2734 1564 2734 1550 2734 1550 2735 1564 2735 1565 2735 1551 2736 1565 2736 1566 2736 1552 2737 1566 2737 1567 2737 1553 2738 1567 2738 1568 2738 1554 2739 1568 2739 1569 2739 1555 2740 1569 2740 1570 2740 1556 2741 1570 2741 1571 2741 1557 2742 1571 2742 1572 2742 1558 2743 1572 2743 1573 2743 1559 2744 1573 2744 1574 2744 1560 2745 1574 2745 1575 2745 1561 2746 1575 2746 1576 2746 1562 2747 1576 2747 1577 2747 1563 2748 1577 2748 1578 2748 1563 2749 1562 2749 1577 2749 1564 2750 1579 2750 1565 2750 1565 2751 1579 2751 1580 2751 1566 2752 1580 2752 1581 2752 1567 2753 1581 2753 1582 2753 1568 2754 1582 2754 1583 2754 1569 2755 1583 2755 1584 2755 1570 2756 1584 2756 1585 2756 1571 2757 1585 2757 1586 2757 1572 2758 1586 2758 1587 2758 1573 2759 1587 2759 1588 2759 1574 2760 1588 2760 1589 2760 1575 2761 1589 2761 1590 2761 1576 2762 1590 2762 1591 2762 1577 2763 1591 2763 1592 2763 1578 2764 1592 2764 1593 2764 1578 2765 1577 2765 1592 2765 1579 2766 1594 2766 1580 2766 1580 2767 1594 2767 1595 2767 1581 2768 1595 2768 1596 2768 1582 2769 1596 2769 1597 2769 1583 2770 1597 2770 1598 2770 1584 2771 1598 2771 1599 2771 1585 2772 1599 2772 1600 2772 1586 2773 1600 2773 1601 2773 1587 2774 1601 2774 1602 2774 1588 2775 1602 2775 1603 2775 1589 2776 1603 2776 1604 2776 1590 2777 1604 2777 1605 2777 1591 2778 1605 2778 1606 2778 1592 2779 1606 2779 1607 2779 1593 2780 1607 2780 1608 2780 1593 2781 1592 2781 1607 2781 1594 2782 1609 2782 1595 2782 1595 2783 1609 2783 1610 2783 1596 2784 1610 2784 1611 2784 1597 2785 1611 2785 1612 2785 1598 2786 1612 2786 1613 2786 1599 2787 1613 2787 1614 2787 1600 2788 1614 2788 1615 2788 1601 2789 1615 2789 1616 2789 1602 2790 1616 2790 1617 2790 1603 2791 1617 2791 1618 2791 1604 2792 1618 2792 1619 2792 1605 2793 1619 2793 1620 2793 1606 2794 1620 2794 1621 2794 1607 2795 1621 2795 1622 2795 1608 2796 1622 2796 1623 2796 1608 2797 1607 2797 1622 2797 1609 2798 1624 2798 1610 2798 1610 2799 1624 2799 1625 2799 1611 2800 1625 2800 1626 2800 1612 2801 1626 2801 1627 2801 1613 2802 1627 2802 1628 2802 1614 2803 1628 2803 1629 2803 1615 2804 1629 2804 1630 2804 1616 2805 1630 2805 1631 2805 1617 2806 1631 2806 1632 2806 1618 2807 1632 2807 1633 2807 1619 2808 1633 2808 1634 2808 1620 2809 1634 2809 1635 2809 1621 2810 1635 2810 1636 2810 1622 2811 1636 2811 1637 2811 1623 2812 1637 2812 1638 2812 1623 2813 1622 2813 1637 2813 1624 2814 1639 2814 1625 2814 1625 2815 1639 2815 1640 2815 1626 2816 1640 2816 1641 2816 1627 2817 1641 2817 1642 2817 1628 2818 1642 2818 1643 2818 1629 2819 1643 2819 1644 2819 1630 2820 1644 2820 1645 2820 1631 2821 1645 2821 1646 2821 1632 2822 1646 2822 1647 2822 1633 2823 1647 2823 1648 2823 1634 2824 1648 2824 1649 2824 1635 2825 1649 2825 1650 2825 1636 2826 1650 2826 1651 2826 1637 2827 1651 2827 1652 2827 1638 2828 1652 2828 1486 2828 1638 2829 1637 2829 1652 2829 1639 2830 1653 2830 1640 2830 1640 2831 1653 2831 1654 2831 1641 2832 1654 2832 1655 2832 1642 2833 1655 2833 1656 2833 1643 2834 1656 2834 1657 2834 1644 2835 1657 2835 1658 2835 1645 2836 1658 2836 1659 2836 1646 2837 1659 2837 1660 2837 1647 2838 1660 2838 1661 2838 1648 2839 1661 2839 1662 2839 1649 2840 1662 2840 1663 2840 1650 2841 1663 2841 1664 2841 1651 2842 1664 2842 1665 2842 1652 2843 1665 2843 1486 2843 1652 2844 1651 2844 1665 2844 1653 2845 1666 2845 1654 2845 1654 2846 1666 2846 1667 2846 1655 2847 1667 2847 1668 2847 1656 2848 1668 2848 1669 2848 1657 2849 1669 2849 1670 2849 1658 2850 1670 2850 1671 2850 1659 2851 1671 2851 1672 2851 1660 2852 1672 2852 1673 2852 1661 2853 1673 2853 1674 2853 1662 2854 1674 2854 1675 2854 1663 2855 1675 2855 1676 2855 1664 2856 1676 2856 1677 2856 1665 2857 1677 2857 1486 2857 1665 2858 1664 2858 1677 2858 1666 2859 1678 2859 1667 2859 1667 2860 1678 2860 1679 2860 1668 2861 1679 2861 1680 2861 1669 2862 1680 2862 1681 2862 1670 2863 1681 2863 1682 2863 1671 2864 1682 2864 1683 2864 1672 2865 1683 2865 1684 2865 1673 2866 1684 2866 1685 2866 1674 2867 1685 2867 1686 2867 1675 2868 1686 2868 1687 2868 1676 2869 1687 2869 1688 2869 1677 2870 1688 2870 1484 2870 1486 2871 1677 2871 1484 2871 1678 2872 1689 2872 1679 2872 1679 2873 1689 2873 1690 2873 1680 2874 1690 2874 1691 2874 1681 2875 1691 2875 1692 2875 1682 2876 1692 2876 1693 2876 1683 2877 1693 2877 1694 2877 1684 2878 1694 2878 1695 2878 1685 2879 1695 2879 1696 2879 1686 2880 1696 2880 1697 2880 1687 2881 1697 2881 1698 2881 1688 2882 1698 2882 1484 2882 1688 2883 1687 2883 1698 2883 1689 2884 1699 2884 1690 2884 1690 2885 1699 2885 1700 2885 1691 2886 1700 2886 1701 2886 1692 2887 1701 2887 1702 2887 1693 2888 1702 2888 1703 2888 1694 2889 1703 2889 1704 2889 1695 2890 1704 2890 1705 2890 1696 2891 1705 2891 1706 2891 1697 2892 1706 2892 1707 2892 1698 2893 1707 2893 1484 2893 1698 2894 1697 2894 1707 2894 1699 2895 1708 2895 1700 2895 1700 2896 1708 2896 1709 2896 1701 2897 1709 2897 1710 2897 1702 2898 1710 2898 1711 2898 1703 2899 1711 2899 1712 2899 1704 2900 1712 2900 1713 2900 1705 2901 1713 2901 1714 2901 1706 2902 1714 2902 1715 2902 1707 2903 1715 2903 1484 2903 1707 2904 1706 2904 1715 2904 1708 2905 1716 2905 1709 2905 1709 2906 1716 2906 1717 2906 1710 2907 1717 2907 1718 2907 1711 2908 1718 2908 1719 2908 1712 2909 1719 2909 1720 2909 1713 2910 1720 2910 1721 2910 1714 2911 1721 2911 1722 2911 1715 2912 1722 2912 1484 2912 1715 2913 1714 2913 1722 2913 1716 2914 1723 2914 1717 2914 1717 2915 1723 2915 1724 2915 1718 2916 1724 2916 1725 2916 1719 2917 1725 2917 1726 2917 1720 2918 1726 2918 1727 2918 1721 2919 1727 2919 1728 2919 1722 2920 1728 2920 1484 2920 1722 2921 1721 2921 1728 2921 1723 2922 1729 2922 1724 2922 1724 2923 1729 2923 1730 2923 1725 2924 1730 2924 1731 2924 1726 2925 1731 2925 1732 2925 1727 2926 1732 2926 1733 2926 1728 2927 1733 2927 1484 2927 1728 2928 1727 2928 1733 2928 1729 2929 1734 2929 1730 2929 1730 2930 1734 2930 1735 2930 1731 2931 1735 2931 1736 2931 1732 2932 1736 2932 1737 2932 1733 2933 1737 2933 1483 2933 1484 2934 1733 2934 1483 2934 1734 2935 1738 2935 1735 2935 1735 2936 1738 2936 1739 2936 1736 2937 1739 2937 1740 2937 1737 2938 1740 2938 1483 2938 1737 2939 1736 2939 1740 2939 1738 2940 1741 2940 1739 2940 1739 2941 1741 2941 1742 2941 1740 2942 1742 2942 1483 2942 1740 2943 1739 2943 1742 2943 1741 2944 1483 2944 1742 2944 1521 2945 1743 2945 1522 2945 1522 2946 1743 2946 1744 2946 1523 2947 1744 2947 1745 2947 1524 2948 1745 2948 1746 2948 1525 2949 1746 2949 1747 2949 1526 2950 1747 2950 1748 2950 1527 2951 1748 2951 1749 2951 1528 2952 1749 2952 1750 2952 1529 2953 1750 2953 1751 2953 1530 2954 1751 2954 1752 2954 1531 2955 1752 2955 1753 2955 1532 2956 1753 2956 1754 2956 1533 2957 1754 2957 1755 2957 1491 2958 1755 2958 1756 2958 339 2959 1756 2959 1757 2959 1758 2960 339 2960 1757 2960 1758 2961 340 2961 339 2961 1758 2962 341 2962 340 2962 1758 2963 342 2963 341 2963 1758 2964 1759 2964 342 2964 342 2965 1759 2965 343 2965 343 2966 1759 2966 344 2966 344 2967 1759 2967 345 2967 1743 2968 1760 2968 1744 2968 1744 2969 1760 2969 1761 2969 1745 2970 1761 2970 1762 2970 1746 2971 1762 2971 1763 2971 1747 2972 1763 2972 1764 2972 1748 2973 1764 2973 1765 2973 1749 2974 1765 2974 1766 2974 1750 2975 1766 2975 1767 2975 1751 2976 1767 2976 1768 2976 1752 2977 1768 2977 1769 2977 1753 2978 1769 2978 1770 2978 1754 2979 1770 2979 1771 2979 1755 2980 1771 2980 1772 2980 1756 2981 1772 2981 1757 2981 1756 2982 1755 2982 1772 2982 1760 2983 1773 2983 1761 2983 1761 2984 1773 2984 1774 2984 1762 2985 1774 2985 1775 2985 1763 2986 1775 2986 1776 2986 1764 2987 1776 2987 1777 2987 1765 2988 1777 2988 1778 2988 1766 2989 1778 2989 1779 2989 1767 2990 1779 2990 1780 2990 1768 2991 1780 2991 1781 2991 1769 2992 1781 2992 1782 2992 1770 2993 1782 2993 1783 2993 1771 2994 1783 2994 1784 2994 1772 2995 1784 2995 1757 2995 1772 2996 1771 2996 1784 2996 1773 2997 1785 2997 1774 2997 1774 2998 1785 2998 1786 2998 1775 2999 1786 2999 1787 2999 1776 3000 1787 3000 1788 3000 1777 3001 1788 3001 1789 3001 1778 3002 1789 3002 1790 3002 1779 3003 1790 3003 1791 3003 1780 3004 1791 3004 1792 3004 1781 3005 1792 3005 1793 3005 1782 3006 1793 3006 1794 3006 1783 3007 1794 3007 1795 3007 1784 3008 1795 3008 1757 3008 1784 3009 1783 3009 1795 3009 1785 3010 1796 3010 1786 3010 1786 3011 1796 3011 1797 3011 1787 3012 1797 3012 1798 3012 1788 3013 1798 3013 1799 3013 1789 3014 1799 3014 1800 3014 1790 3015 1800 3015 1801 3015 1791 3016 1801 3016 1802 3016 1792 3017 1802 3017 1803 3017 1793 3018 1803 3018 1804 3018 1794 3019 1804 3019 1805 3019 1795 3020 1805 3020 1806 3020 1757 3021 1795 3021 1806 3021 1796 3022 1807 3022 1797 3022 1797 3023 1807 3023 1808 3023 1798 3024 1808 3024 1809 3024 1799 3025 1809 3025 1810 3025 1800 3026 1810 3026 1811 3026 1801 3027 1811 3027 1812 3027 1802 3028 1812 3028 1813 3028 1803 3029 1813 3029 1814 3029 1804 3030 1814 3030 1815 3030 1805 3031 1815 3031 1806 3031 1805 3032 1804 3032 1815 3032 1807 3033 1816 3033 1808 3033 1808 3034 1816 3034 1817 3034 1809 3035 1817 3035 1818 3035 1810 3036 1818 3036 1819 3036 1811 3037 1819 3037 1820 3037 1812 3038 1820 3038 1821 3038 1813 3039 1821 3039 1822 3039 1814 3040 1822 3040 1823 3040 1815 3041 1823 3041 1806 3041 1815 3042 1814 3042 1823 3042 1816 3043 1824 3043 1817 3043 1817 3044 1824 3044 1825 3044 1818 3045 1825 3045 1826 3045 1819 3046 1826 3046 1827 3046 1820 3047 1827 3047 1828 3047 1821 3048 1828 3048 1829 3048 1822 3049 1829 3049 1830 3049 1823 3050 1830 3050 1806 3050 1823 3051 1822 3051 1830 3051 1824 3052 1831 3052 1825 3052 1825 3053 1831 3053 1832 3053 1826 3054 1832 3054 1833 3054 1827 3055 1833 3055 1834 3055 1828 3056 1834 3056 1835 3056 1829 3057 1835 3057 1836 3057 1830 3058 1836 3058 1806 3058 1830 3059 1829 3059 1836 3059 1831 3060 1837 3060 1832 3060 1832 3061 1837 3061 1838 3061 1833 3062 1838 3062 1839 3062 1834 3063 1839 3063 1840 3063 1835 3064 1840 3064 1841 3064 1836 3065 1841 3065 1806 3065 1836 3066 1835 3066 1841 3066 1837 3067 1842 3067 1838 3067 1838 3068 1842 3068 1843 3068 1839 3069 1843 3069 1844 3069 1840 3070 1844 3070 1845 3070 1841 3071 1845 3071 1806 3071 1841 3072 1840 3072 1845 3072 1842 3073 1846 3073 1843 3073 1843 3074 1846 3074 1847 3074 1844 3075 1847 3075 1848 3075 1845 3076 1848 3076 1849 3076 1806 3077 1845 3077 1849 3077 1846 3078 1850 3078 1847 3078 1847 3079 1850 3079 1851 3079 1848 3080 1851 3080 1849 3080 1848 3081 1847 3081 1851 3081 1850 3082 1849 3082 1851 3082 1491 3083 1756 3083 339 3083 1533 3084 1755 3084 1491 3084 1754 3085 1771 3085 1755 3085 1770 3086 1783 3086 1771 3086 1805 3087 1795 3087 1794 3087 1793 3088 1804 3088 1794 3088 1794 3089 1783 3089 1782 3089 1803 3090 1814 3090 1804 3090 1813 3091 1822 3091 1814 3091 1821 3092 1829 3092 1822 3092 1828 3093 1835 3093 1829 3093 1834 3094 1840 3094 1835 3094 1848 3095 1845 3095 1844 3095 1843 3096 1847 3096 1844 3096 1844 3097 1840 3097 1839 3097 1532 3098 1754 3098 1533 3098 1753 3099 1770 3099 1754 3099 1769 3100 1782 3100 1770 3100 1781 3101 1793 3101 1782 3101 1792 3102 1803 3102 1793 3102 1802 3103 1813 3103 1803 3103 1812 3104 1821 3104 1813 3104 1820 3105 1828 3105 1821 3105 1827 3106 1834 3106 1828 3106 1833 3107 1839 3107 1834 3107 1838 3108 1843 3108 1839 3108 1497 3109 1532 3109 1495 3109 1496 3110 1497 3110 1495 3110 1535 3111 1496 3111 1494 3111 1531 3112 1753 3112 1532 3112 1752 3113 1769 3113 1753 3113 1768 3114 1781 3114 1769 3114 1780 3115 1792 3115 1781 3115 1791 3116 1802 3116 1792 3116 1801 3117 1812 3117 1802 3117 1811 3118 1820 3118 1812 3118 1819 3119 1827 3119 1820 3119 1826 3120 1833 3120 1827 3120 1832 3121 1838 3121 1833 3121 1550 3122 1536 3122 1535 3122 1499 3123 1531 3123 1497 3123 1498 3124 1499 3124 1497 3124 1536 3125 1498 3125 1496 3125 1530 3126 1752 3126 1531 3126 1751 3127 1768 3127 1752 3127 1767 3128 1780 3128 1768 3128 1779 3129 1791 3129 1780 3129 1790 3130 1801 3130 1791 3130 1800 3131 1811 3131 1801 3131 1810 3132 1819 3132 1811 3132 1818 3133 1826 3133 1819 3133 1825 3134 1832 3134 1826 3134 1565 3135 1551 3135 1550 3135 1551 3136 1537 3136 1536 3136 1501 3137 1530 3137 1499 3137 1500 3138 1501 3138 1499 3138 1537 3139 1500 3139 1498 3139 1529 3140 1751 3140 1530 3140 1750 3141 1767 3141 1751 3141 1766 3142 1779 3142 1767 3142 1778 3143 1790 3143 1779 3143 1789 3144 1800 3144 1790 3144 1799 3145 1810 3145 1800 3145 1809 3146 1818 3146 1810 3146 1817 3147 1825 3147 1818 3147 1580 3148 1566 3148 1565 3148 1566 3149 1552 3149 1551 3149 1552 3150 1538 3150 1537 3150 1503 3151 1529 3151 1501 3151 1502 3152 1503 3152 1501 3152 1538 3153 1502 3153 1500 3153 1528 3154 1750 3154 1529 3154 1749 3155 1766 3155 1750 3155 1765 3156 1778 3156 1766 3156 1777 3157 1789 3157 1778 3157 1788 3158 1799 3158 1789 3158 1798 3159 1809 3159 1799 3159 1808 3160 1817 3160 1809 3160 1595 3161 1581 3161 1580 3161 1581 3162 1567 3162 1566 3162 1567 3163 1553 3163 1552 3163 1553 3164 1539 3164 1538 3164 1505 3165 1528 3165 1503 3165 1504 3166 1505 3166 1503 3166 1539 3167 1504 3167 1502 3167 1527 3168 1749 3168 1528 3168 1748 3169 1765 3169 1749 3169 1764 3170 1777 3170 1765 3170 1776 3171 1788 3171 1777 3171 1787 3172 1798 3172 1788 3172 1797 3173 1808 3173 1798 3173 1610 3174 1596 3174 1595 3174 1596 3175 1582 3175 1581 3175 1582 3176 1568 3176 1567 3176 1568 3177 1554 3177 1553 3177 1554 3178 1540 3178 1539 3178 1507 3179 1527 3179 1505 3179 1506 3180 1507 3180 1505 3180 1540 3181 1506 3181 1504 3181 1526 3182 1748 3182 1527 3182 1747 3183 1764 3183 1748 3183 1763 3184 1776 3184 1764 3184 1775 3185 1787 3185 1776 3185 1786 3186 1797 3186 1787 3186 1625 3187 1611 3187 1610 3187 1611 3188 1597 3188 1596 3188 1597 3189 1583 3189 1582 3189 1583 3190 1569 3190 1568 3190 1569 3191 1555 3191 1554 3191 1555 3192 1541 3192 1540 3192 1509 3193 1526 3193 1507 3193 1508 3194 1509 3194 1507 3194 1541 3195 1508 3195 1506 3195 1525 3196 1747 3196 1526 3196 1746 3197 1763 3197 1747 3197 1762 3198 1775 3198 1763 3198 1774 3199 1786 3199 1775 3199 1640 3200 1626 3200 1625 3200 1626 3201 1612 3201 1611 3201 1612 3202 1598 3202 1597 3202 1598 3203 1584 3203 1583 3203 1584 3204 1570 3204 1569 3204 1570 3205 1556 3205 1555 3205 1556 3206 1542 3206 1541 3206 1511 3207 1525 3207 1509 3207 1510 3208 1511 3208 1509 3208 1542 3209 1510 3209 1508 3209 1524 3210 1746 3210 1525 3210 1745 3211 1762 3211 1746 3211 1761 3212 1774 3212 1762 3212 1654 3213 1641 3213 1640 3213 1641 3214 1627 3214 1626 3214 1627 3215 1613 3215 1612 3215 1613 3216 1599 3216 1598 3216 1599 3217 1585 3217 1584 3217 1585 3218 1571 3218 1570 3218 1571 3219 1557 3219 1556 3219 1557 3220 1543 3220 1542 3220 1513 3221 1524 3221 1511 3221 1512 3222 1513 3222 1511 3222 1543 3223 1512 3223 1510 3223 1523 3224 1745 3224 1524 3224 1744 3225 1761 3225 1745 3225 1667 3226 1655 3226 1654 3226 1655 3227 1642 3227 1641 3227 1642 3228 1628 3228 1627 3228 1628 3229 1614 3229 1613 3229 1614 3230 1600 3230 1599 3230 1600 3231 1586 3231 1585 3231 1586 3232 1572 3232 1571 3232 1572 3233 1558 3233 1557 3233 1558 3234 1544 3234 1543 3234 1515 3235 1523 3235 1513 3235 1514 3236 1515 3236 1513 3236 1544 3237 1514 3237 1512 3237 1522 3238 1744 3238 1523 3238 1679 3239 1668 3239 1667 3239 1668 3240 1656 3240 1655 3240 1656 3241 1643 3241 1642 3241 1643 3242 1629 3242 1628 3242 1629 3243 1615 3243 1614 3243 1615 3244 1601 3244 1600 3244 1601 3245 1587 3245 1586 3245 1587 3246 1573 3246 1572 3246 1573 3247 1559 3247 1558 3247 1559 3248 1545 3248 1544 3248 1517 3249 1522 3249 1515 3249 1516 3250 1517 3250 1515 3250 1545 3251 1516 3251 1514 3251 1690 3252 1680 3252 1679 3252 1680 3253 1669 3253 1668 3253 1669 3254 1657 3254 1656 3254 1657 3255 1644 3255 1643 3255 1644 3256 1630 3256 1629 3256 1630 3257 1616 3257 1615 3257 1616 3258 1602 3258 1601 3258 1602 3259 1588 3259 1587 3259 1588 3260 1574 3260 1573 3260 1574 3261 1560 3261 1559 3261 1560 3262 1546 3262 1545 3262 1546 3263 1518 3263 1516 3263 1700 3264 1691 3264 1690 3264 1691 3265 1681 3265 1680 3265 1681 3266 1670 3266 1669 3266 1670 3267 1658 3267 1657 3267 1658 3268 1645 3268 1644 3268 1645 3269 1631 3269 1630 3269 1631 3270 1617 3270 1616 3270 1617 3271 1603 3271 1602 3271 1603 3272 1589 3272 1588 3272 1589 3273 1575 3273 1574 3273 1575 3274 1561 3274 1560 3274 1561 3275 1547 3275 1546 3275 1709 3276 1701 3276 1700 3276 1701 3277 1692 3277 1691 3277 1692 3278 1682 3278 1681 3278 1682 3279 1671 3279 1670 3279 1671 3280 1659 3280 1658 3280 1659 3281 1646 3281 1645 3281 1646 3282 1632 3282 1631 3282 1632 3283 1618 3283 1617 3283 1618 3284 1604 3284 1603 3284 1604 3285 1590 3285 1589 3285 1590 3286 1576 3286 1575 3286 1576 3287 1562 3287 1561 3287 1717 3288 1710 3288 1709 3288 1710 3289 1702 3289 1701 3289 1702 3290 1693 3290 1692 3290 1693 3291 1683 3291 1682 3291 1683 3292 1672 3292 1671 3292 1672 3293 1660 3293 1659 3293 1660 3294 1647 3294 1646 3294 1647 3295 1633 3295 1632 3295 1633 3296 1619 3296 1618 3296 1619 3297 1605 3297 1604 3297 1605 3298 1591 3298 1590 3298 1591 3299 1577 3299 1576 3299 1724 3300 1718 3300 1717 3300 1718 3301 1711 3301 1710 3301 1711 3302 1703 3302 1702 3302 1703 3303 1694 3303 1693 3303 1694 3304 1684 3304 1683 3304 1684 3305 1673 3305 1672 3305 1673 3306 1661 3306 1660 3306 1661 3307 1648 3307 1647 3307 1648 3308 1634 3308 1633 3308 1634 3309 1620 3309 1619 3309 1620 3310 1606 3310 1605 3310 1606 3311 1592 3311 1591 3311 1730 3312 1725 3312 1724 3312 1725 3313 1719 3313 1718 3313 1719 3314 1712 3314 1711 3314 1712 3315 1704 3315 1703 3315 1704 3316 1695 3316 1694 3316 1695 3317 1685 3317 1684 3317 1685 3318 1674 3318 1673 3318 1674 3319 1662 3319 1661 3319 1662 3320 1649 3320 1648 3320 1649 3321 1635 3321 1634 3321 1635 3322 1621 3322 1620 3322 1621 3323 1607 3323 1606 3323 1735 3324 1731 3324 1730 3324 1731 3325 1726 3325 1725 3325 1726 3326 1720 3326 1719 3326 1720 3327 1713 3327 1712 3327 1713 3328 1705 3328 1704 3328 1705 3329 1696 3329 1695 3329 1696 3330 1686 3330 1685 3330 1686 3331 1675 3331 1674 3331 1675 3332 1663 3332 1662 3332 1663 3333 1650 3333 1649 3333 1650 3334 1636 3334 1635 3334 1636 3335 1622 3335 1621 3335 1739 3336 1736 3336 1735 3336 1736 3337 1732 3337 1731 3337 1732 3338 1727 3338 1726 3338 1727 3339 1721 3339 1720 3339 1721 3340 1714 3340 1713 3340 1714 3341 1706 3341 1705 3341 1706 3342 1697 3342 1696 3342 1697 3343 1687 3343 1686 3343 1687 3344 1676 3344 1675 3344 1676 3345 1664 3345 1663 3345 1664 3346 1651 3346 1650 3346 1651 3347 1637 3347 1636 3347 1733 3348 1732 3348 1737 3348 1677 3349 1676 3349 1688 3349 345 3350 1759 3350 331 3350 331 3351 1759 3351 1758 3351 1757 3352 331 3352 1758 3352 1757 3353 1852 3353 331 3353 1757 3354 1806 3354 1852 3354 1852 3355 1806 3355 1853 3355 1853 3356 1806 3356 1849 3356 1854 3357 1853 3357 1849 3357 1855 3358 1856 3358 1857 3358 1855 3359 1858 3359 1856 3359 1856 3360 1858 3360 1859 3360 1860 3361 1859 3361 1861 3361 1862 3362 1861 3362 1863 3362 1864 3363 1862 3363 1863 3363 1864 3364 1865 3364 1862 3364 1864 3365 1866 3365 1865 3365 1865 3366 1866 3366 1867 3366 1868 3367 1867 3367 1869 3367 1870 3368 1868 3368 1869 3368 1870 3369 1871 3369 1868 3369 1870 3370 1872 3370 1871 3370 1871 3371 1872 3371 1873 3371 1874 3372 1873 3372 1875 3372 1876 3373 1875 3373 1877 3373 1878 3374 1876 3374 1877 3374 1878 3375 1879 3375 1876 3375 1878 3376 1880 3376 1879 3376 1879 3377 1880 3377 1881 3377 1882 3378 1881 3378 1883 3378 1884 3379 1882 3379 1883 3379 1884 3380 1885 3380 1882 3380 1884 3381 1886 3381 1885 3381 1885 3382 1886 3382 1887 3382 1888 3383 1887 3383 1889 3383 1890 3384 1889 3384 1891 3384 1892 3385 1891 3385 1893 3385 1894 3386 1893 3386 1895 3386 1896 3387 1895 3387 1897 3387 1898 3388 1897 3388 1899 3388 1900 3389 1899 3389 1901 3389 1902 3390 1901 3390 1903 3390 1904 3391 1903 3391 1905 3391 1906 3392 1905 3392 1907 3392 1908 3393 1907 3393 1909 3393 1910 3394 1909 3394 1911 3394 1912 3395 1911 3395 1913 3395 1914 3396 1913 3396 1915 3396 1916 3397 1915 3397 1917 3397 1918 3398 1917 3398 1919 3398 1920 3399 1919 3399 1921 3399 1922 3400 1921 3400 1923 3400 1924 3401 1923 3401 1925 3401 1926 3402 1925 3402 1927 3402 1928 3403 1927 3403 1929 3403 1930 3404 1929 3404 1931 3404 1932 3405 1931 3405 1933 3405 1934 3406 1933 3406 1935 3406 1936 3407 1935 3407 1937 3407 1938 3408 1937 3408 1939 3408 1940 3409 1939 3409 1941 3409 1942 3410 1941 3410 1943 3410 1944 3411 1943 3411 1945 3411 1946 3412 1945 3412 1947 3412 1948 3413 1947 3413 1949 3413 1950 3414 1949 3414 1951 3414 1952 3415 1951 3415 1953 3415 1954 3416 1953 3416 1955 3416 1954 3417 1952 3417 1953 3417 1954 3418 1956 3418 1952 3418 1952 3419 1956 3419 1957 3419 1958 3420 1957 3420 1959 3420 1960 3421 1959 3421 1961 3421 1962 3422 1960 3422 1961 3422 1962 3423 1963 3423 1960 3423 1962 3424 1964 3424 1963 3424 1963 3425 1964 3425 1965 3425 1966 3426 1965 3426 1967 3426 1968 3427 1966 3427 1967 3427 1968 3428 1969 3428 1966 3428 1968 3429 1970 3429 1969 3429 1969 3430 1970 3430 1971 3430 1972 3431 1971 3431 1973 3431 1974 3432 1973 3432 1975 3432 1976 3433 1974 3433 1975 3433 1976 3434 1977 3434 1974 3434 1976 3435 1978 3435 1977 3435 1976 3436 1936 3436 1978 3436 1976 3437 1979 3437 1936 3437 1856 3438 1859 3438 1860 3438 1980 3439 1860 3439 1981 3439 1982 3440 1981 3440 1983 3440 1984 3441 1983 3441 1985 3441 1986 3442 1985 3442 1987 3442 1988 3443 1987 3443 1989 3443 1990 3444 1989 3444 1991 3444 1918 3445 1991 3445 1916 3445 1917 3446 1918 3446 1916 3446 1860 3447 1861 3447 1862 3447 1981 3448 1862 3448 1992 3448 1983 3449 1992 3449 1993 3449 1985 3450 1993 3450 1994 3450 1987 3451 1994 3451 1995 3451 1989 3452 1995 3452 1996 3452 1991 3453 1996 3453 1997 3453 1916 3454 1997 3454 1914 3454 1915 3455 1916 3455 1914 3455 1865 3456 1867 3456 1868 3456 1998 3457 1868 3457 1999 3457 2000 3458 1999 3458 2001 3458 2002 3459 2001 3459 2003 3459 2004 3460 2003 3460 2005 3460 2006 3461 2005 3461 2007 3461 2008 3462 2007 3462 2009 3462 1912 3463 2009 3463 1910 3463 1911 3464 1912 3464 1910 3464 1871 3465 1873 3465 1874 3465 2010 3466 1874 3466 2011 3466 2012 3467 2011 3467 2013 3467 2014 3468 2013 3468 2015 3468 2016 3469 2015 3469 2017 3469 2018 3470 2017 3470 2019 3470 2020 3471 2019 3471 2021 3471 1908 3472 2021 3472 1906 3472 1907 3473 1908 3473 1906 3473 1874 3474 1875 3474 1876 3474 2011 3475 1876 3475 2022 3475 2013 3476 2022 3476 2023 3476 2015 3477 2023 3477 2024 3477 2017 3478 2024 3478 2025 3478 2019 3479 2025 3479 2026 3479 2021 3480 2026 3480 2027 3480 1906 3481 2027 3481 1904 3481 1905 3482 1906 3482 1904 3482 1879 3483 1881 3483 1882 3483 2028 3484 1882 3484 2029 3484 2030 3485 2029 3485 2031 3485 2032 3486 2031 3486 2033 3486 2034 3487 2033 3487 2035 3487 2036 3488 2035 3488 2037 3488 2038 3489 2037 3489 2039 3489 1902 3490 2039 3490 1900 3490 1901 3491 1902 3491 1900 3491 1886 3492 2040 3492 1887 3492 1887 3493 2040 3493 2041 3493 2042 3494 2041 3494 2043 3494 2044 3495 2042 3495 2043 3495 2044 3496 2045 3496 2042 3496 2044 3497 2046 3497 2045 3497 2045 3498 2046 3498 2047 3498 2048 3499 2047 3499 2049 3499 2050 3500 2048 3500 2049 3500 2050 3501 2051 3501 2048 3501 2050 3502 2052 3502 2051 3502 2051 3503 2052 3503 2053 3503 2054 3504 2053 3504 2055 3504 2056 3505 2055 3505 1899 3505 2057 3506 1899 3506 2058 3506 2059 3507 2058 3507 1895 3507 1893 3508 2059 3508 1895 3508 1893 3509 2060 3509 2059 3509 1893 3510 1891 3510 2060 3510 2060 3511 1891 3511 2061 3511 2062 3512 2061 3512 2045 3512 2048 3513 2045 3513 2047 3513 2048 3514 2062 3514 2045 3514 2048 3515 2063 3515 2062 3515 2048 3516 2051 3516 2063 3516 2063 3517 2051 3517 2054 3517 2056 3518 2054 3518 2055 3518 2056 3519 2063 3519 2054 3519 2056 3520 2064 3520 2063 3520 2056 3521 2057 3521 2064 3521 2056 3522 1899 3522 2057 3522 1887 3523 2041 3523 2042 3523 1889 3524 2042 3524 2061 3524 1891 3525 1889 3525 2061 3525 2052 3526 2065 3526 2053 3526 2053 3527 2065 3527 2055 3527 2055 3528 2066 3528 1899 3528 1901 3529 1899 3529 2067 3529 1903 3530 2067 3530 2068 3530 1905 3531 2068 3531 2069 3531 1907 3532 2069 3532 2070 3532 1909 3533 2070 3533 2071 3533 1911 3534 2071 3534 2072 3534 1913 3535 2072 3535 2073 3535 1915 3536 2073 3536 2074 3536 1917 3537 2074 3537 2075 3537 1919 3538 2075 3538 2076 3538 1921 3539 2076 3539 2077 3539 1923 3540 2077 3540 2078 3540 1925 3541 2078 3541 2079 3541 1927 3542 2079 3542 2080 3542 1929 3543 2080 3543 2081 3543 1931 3544 2081 3544 2082 3544 1933 3545 2082 3545 1935 3545 1933 3546 1931 3546 2082 3546 2083 3547 2084 3547 2085 3547 2083 3548 2086 3548 2084 3548 2083 3549 2087 3549 2086 3549 2083 3550 2088 3550 2087 3550 2083 3551 2089 3551 2088 3551 2088 3552 2089 3552 2090 3552 2091 3553 2088 3553 2090 3553 2091 3554 2092 3554 2088 3554 2091 3555 2093 3555 2092 3555 2092 3556 2093 3556 2094 3556 2095 3557 2094 3557 2096 3557 2097 3558 2096 3558 2098 3558 2099 3559 2098 3559 2100 3559 2101 3560 2100 3560 2102 3560 2103 3561 2102 3561 2104 3561 2105 3562 2104 3562 2106 3562 2107 3563 2106 3563 2108 3563 2109 3564 2108 3564 2110 3564 2077 3565 2110 3565 2078 3565 2077 3566 2109 3566 2110 3566 2077 3567 2076 3567 2109 3567 2109 3568 2076 3568 2111 3568 2107 3569 2111 3569 2112 3569 2105 3570 2112 3570 2113 3570 2103 3571 2113 3571 2114 3571 2101 3572 2114 3572 2115 3572 2099 3573 2115 3573 2116 3573 2097 3574 2116 3574 2117 3574 2095 3575 2117 3575 2118 3575 2092 3576 2118 3576 2088 3576 2092 3577 2095 3577 2118 3577 2092 3578 2094 3578 2095 3578 2093 3579 2119 3579 2094 3579 2094 3580 2119 3580 2120 3580 2121 3581 2120 3581 2122 3581 2123 3582 2121 3582 2122 3582 2123 3583 2124 3583 2121 3583 2123 3584 2125 3584 2124 3584 2124 3585 2125 3585 2126 3585 2127 3586 2126 3586 2128 3586 2129 3587 2127 3587 2128 3587 2129 3588 2130 3588 2127 3588 2129 3589 2131 3589 2130 3589 2130 3590 2131 3590 2132 3590 2133 3591 2132 3591 2134 3591 2135 3592 2134 3592 2136 3592 2137 3593 2136 3593 2138 3593 2139 3594 2138 3594 2140 3594 2141 3595 2140 3595 2142 3595 2143 3596 2142 3596 2144 3596 2145 3597 2144 3597 2146 3597 2147 3598 2146 3598 2148 3598 2082 3599 2148 3599 1935 3599 2082 3600 2147 3600 2148 3600 2082 3601 2081 3601 2147 3601 2147 3602 2081 3602 2149 3602 2145 3603 2149 3603 2150 3603 2143 3604 2150 3604 2151 3604 2141 3605 2151 3605 2152 3605 2139 3606 2152 3606 2153 3606 2137 3607 2153 3607 2154 3607 2135 3608 2154 3608 2155 3608 2133 3609 2155 3609 2156 3609 2130 3610 2156 3610 2127 3610 2130 3611 2133 3611 2156 3611 2130 3612 2132 3612 2133 3612 2094 3613 2120 3613 2121 3613 2096 3614 2121 3614 2157 3614 2098 3615 2157 3615 2158 3615 2100 3616 2158 3616 2159 3616 2102 3617 2159 3617 2160 3617 2104 3618 2160 3618 2161 3618 2106 3619 2161 3619 2162 3619 2108 3620 2162 3620 2163 3620 2110 3621 2163 3621 2164 3621 2078 3622 2164 3622 2079 3622 2078 3623 2110 3623 2164 3623 2124 3624 2126 3624 2127 3624 2165 3625 2127 3625 2156 3625 2166 3626 2156 3626 2155 3626 2167 3627 2155 3627 2154 3627 2168 3628 2154 3628 2153 3628 2169 3629 2153 3629 2152 3629 2170 3630 2152 3630 2151 3630 2171 3631 2151 3631 2150 3631 2172 3632 2150 3632 2149 3632 2080 3633 2149 3633 2081 3633 2080 3634 2172 3634 2149 3634 2080 3635 2079 3635 2172 3635 2172 3636 2079 3636 2164 3636 2171 3637 2164 3637 2163 3637 2170 3638 2163 3638 2162 3638 2169 3639 2162 3639 2161 3639 2168 3640 2161 3640 2160 3640 2167 3641 2160 3641 2159 3641 2166 3642 2159 3642 2158 3642 2165 3643 2158 3643 2157 3643 2124 3644 2157 3644 2121 3644 2124 3645 2165 3645 2157 3645 2124 3646 2127 3646 2165 3646 2131 3647 2173 3647 2132 3647 2132 3648 2173 3648 2174 3648 1953 3649 2174 3649 1955 3649 1953 3650 2132 3650 2174 3650 1953 3651 2134 3651 2132 3651 1953 3652 1951 3652 2134 3652 2134 3653 1951 3653 2136 3653 2136 3654 1951 3654 1949 3654 2138 3655 1949 3655 1947 3655 2140 3656 1947 3656 1945 3656 2142 3657 1945 3657 1943 3657 2144 3658 1943 3658 1941 3658 2146 3659 1941 3659 1939 3659 2148 3660 1939 3660 1937 3660 1935 3661 2148 3661 1937 3661 1952 3662 1957 3662 1958 3662 1950 3663 1958 3663 2175 3663 1948 3664 2175 3664 2176 3664 1946 3665 2176 3665 2177 3665 1944 3666 2177 3666 2178 3666 1942 3667 2178 3667 2179 3667 1940 3668 2179 3668 2180 3668 1938 3669 2180 3669 1936 3669 1937 3670 1938 3670 1936 3670 1958 3671 1959 3671 1960 3671 2175 3672 1960 3672 2181 3672 2176 3673 2181 3673 2182 3673 2177 3674 2182 3674 2183 3674 2178 3675 2183 3675 2184 3675 2179 3676 2184 3676 2185 3676 2180 3677 2185 3677 1936 3677 2180 3678 2179 3678 2185 3678 1963 3679 1965 3679 1966 3679 2186 3680 1966 3680 2187 3680 2188 3681 2187 3681 2189 3681 2190 3682 2189 3682 2191 3682 2192 3683 2191 3683 1936 3683 2185 3684 2192 3684 1936 3684 2185 3685 2184 3685 2192 3685 2192 3686 2184 3686 2190 3686 2191 3687 2192 3687 2190 3687 1969 3688 1971 3688 1972 3688 2193 3689 1972 3689 1977 3689 1978 3690 2193 3690 1977 3690 1978 3691 2189 3691 2193 3691 1978 3692 2191 3692 2189 3692 1978 3693 1936 3693 2191 3693 1972 3694 1973 3694 1974 3694 1977 3695 1972 3695 1974 3695 1936 3696 1934 3696 1935 3696 1857 3697 2194 3697 1934 3697 1857 3698 2195 3698 2194 3698 1857 3699 1856 3699 2195 3699 2195 3700 1856 3700 1980 3700 2196 3701 1980 3701 1982 3701 2197 3702 1982 3702 1984 3702 2198 3703 1984 3703 1986 3703 2199 3704 1986 3704 1988 3704 2200 3705 1988 3705 1990 3705 1920 3706 1990 3706 1918 3706 1919 3707 1920 3707 1918 3707 1860 3708 1980 3708 1856 3708 2194 3709 2201 3709 1934 3709 2194 3710 2202 3710 2201 3710 2194 3711 2196 3711 2202 3711 2194 3712 2195 3712 2196 3712 2196 3713 2195 3713 1980 3713 2201 3714 2203 3714 1934 3714 2201 3715 2204 3715 2203 3715 2201 3716 2202 3716 2204 3716 2204 3717 2202 3717 2205 3717 2206 3718 2205 3718 2207 3718 2208 3719 2207 3719 2209 3719 1924 3720 2209 3720 1922 3720 1923 3721 1924 3721 1922 3721 2203 3722 2210 3722 1934 3722 2203 3723 2211 3723 2210 3723 2203 3724 2204 3724 2211 3724 2211 3725 2204 3725 2206 3725 2212 3726 2206 3726 2208 3726 1926 3727 2208 3727 1924 3727 1925 3728 1926 3728 1924 3728 2210 3729 2213 3729 1934 3729 2210 3730 2214 3730 2213 3730 2210 3731 2211 3731 2214 3731 2214 3732 2211 3732 2212 3732 1928 3733 2212 3733 1926 3733 1927 3734 1928 3734 1926 3734 1933 3735 1934 3735 1932 3735 1932 3736 1934 3736 2213 3736 1930 3737 2213 3737 2214 3737 1928 3738 2214 3738 2212 3738 1928 3739 1930 3739 2214 3739 1928 3740 1929 3740 1930 3740 1931 3741 1932 3741 1930 3741 1930 3742 1932 3742 2213 3742 1940 3743 2180 3743 1938 3743 1939 3744 1940 3744 1938 3744 1862 3745 1981 3745 1860 3745 1981 3746 1982 3746 1980 3746 1982 3747 2197 3747 2196 3747 2196 3748 2197 3748 2202 3748 2202 3749 2197 3749 2205 3749 2205 3750 2197 3750 2198 3750 2207 3751 2198 3751 2199 3751 2209 3752 2199 3752 2200 3752 1922 3753 2200 3753 1920 3753 1921 3754 1922 3754 1920 3754 2206 3755 2204 3755 2205 3755 2212 3756 2211 3756 2206 3756 2081 3757 1931 3757 1929 3757 2146 3758 1939 3758 2148 3758 1942 3759 2179 3759 1940 3759 1941 3760 1942 3760 1940 3760 2178 3761 2184 3761 2179 3761 2188 3762 2189 3762 2190 3762 2183 3763 2190 3763 2184 3763 2183 3764 2188 3764 2190 3764 2183 3765 2182 3765 2188 3765 2188 3766 2182 3766 2186 3766 2187 3767 2188 3767 2186 3767 1969 3768 1972 3768 2193 3768 2187 3769 2193 3769 2189 3769 2187 3770 1969 3770 2193 3770 2187 3771 1966 3771 1969 3771 1992 3772 1983 3772 1981 3772 1983 3773 1984 3773 1982 3773 1984 3774 2198 3774 2197 3774 2198 3775 2207 3775 2205 3775 2207 3776 2208 3776 2206 3776 2208 3777 1926 3777 2212 3777 2080 3778 1929 3778 1927 3778 2145 3779 2146 3779 2147 3779 2149 3780 2145 3780 2147 3780 2144 3781 1941 3781 2146 3781 1944 3782 2178 3782 1942 3782 1943 3783 1944 3783 1942 3783 2177 3784 2183 3784 2178 3784 1862 3785 1865 3785 1992 3785 1992 3786 1865 3786 1998 3786 1993 3787 1998 3787 2000 3787 1994 3788 2000 3788 2002 3788 1995 3789 2002 3789 2004 3789 1996 3790 2004 3790 2006 3790 1997 3791 2006 3791 2008 3791 1914 3792 2008 3792 1912 3792 1913 3793 1914 3793 1912 3793 1868 3794 1998 3794 1865 3794 1998 3795 1993 3795 1992 3795 1993 3796 1985 3796 1983 3796 1985 3797 1986 3797 1984 3797 1986 3798 2199 3798 2198 3798 2199 3799 2209 3799 2207 3799 2209 3800 1924 3800 2208 3800 2079 3801 1927 3801 1925 3801 2143 3802 2144 3802 2145 3802 2150 3803 2143 3803 2145 3803 2142 3804 1943 3804 2144 3804 1946 3805 2177 3805 1944 3805 1945 3806 1946 3806 1944 3806 2176 3807 2182 3807 2177 3807 1963 3808 1966 3808 2186 3808 2181 3809 2186 3809 2182 3809 2181 3810 1963 3810 2186 3810 2181 3811 1960 3811 1963 3811 1999 3812 2000 3812 1998 3812 2000 3813 1994 3813 1993 3813 1994 3814 1987 3814 1985 3814 1987 3815 1988 3815 1986 3815 1988 3816 2200 3816 2199 3816 2200 3817 1922 3817 2209 3817 2078 3818 1925 3818 1923 3818 2171 3819 2150 3819 2172 3819 2164 3820 2171 3820 2172 3820 2141 3821 2142 3821 2143 3821 2151 3822 2141 3822 2143 3822 2140 3823 1945 3823 2142 3823 1948 3824 2176 3824 1946 3824 1947 3825 1948 3825 1946 3825 2175 3826 2181 3826 2176 3826 1868 3827 1871 3827 1999 3827 1999 3828 1871 3828 2010 3828 2001 3829 2010 3829 2012 3829 2003 3830 2012 3830 2014 3830 2005 3831 2014 3831 2016 3831 2007 3832 2016 3832 2018 3832 2009 3833 2018 3833 2020 3833 1910 3834 2020 3834 1908 3834 1909 3835 1910 3835 1908 3835 1874 3836 2010 3836 1871 3836 2010 3837 2001 3837 1999 3837 2001 3838 2002 3838 2000 3838 2002 3839 1995 3839 1994 3839 1995 3840 1989 3840 1987 3840 1989 3841 1990 3841 1988 3841 1990 3842 1920 3842 2200 3842 2077 3843 1923 3843 1921 3843 2170 3844 2151 3844 2171 3844 2163 3845 2170 3845 2171 3845 2139 3846 2140 3846 2141 3846 2152 3847 2139 3847 2141 3847 2138 3848 1947 3848 2140 3848 1950 3849 2175 3849 1948 3849 1949 3850 1950 3850 1948 3850 1958 3851 1960 3851 2175 3851 1876 3852 2011 3852 1874 3852 2011 3853 2012 3853 2010 3853 2012 3854 2003 3854 2001 3854 2003 3855 2004 3855 2002 3855 2004 3856 1996 3856 1995 3856 1996 3857 1991 3857 1989 3857 1991 3858 1918 3858 1990 3858 2076 3859 1921 3859 1919 3859 2108 3860 2163 3860 2110 3860 2169 3861 2152 3861 2170 3861 2162 3862 2169 3862 2170 3862 2137 3863 2138 3863 2139 3863 2153 3864 2137 3864 2139 3864 2136 3865 1949 3865 2138 3865 1952 3866 1958 3866 1950 3866 1951 3867 1952 3867 1950 3867 2022 3868 2013 3868 2011 3868 2013 3869 2014 3869 2012 3869 2014 3870 2005 3870 2003 3870 2005 3871 2006 3871 2004 3871 2006 3872 1997 3872 1996 3872 1997 3873 1916 3873 1991 3873 2075 3874 1919 3874 1917 3874 2111 3875 2076 3875 2075 3875 2215 3876 2075 3876 2074 3876 2216 3877 2074 3877 2073 3877 2217 3878 2073 3878 2072 3878 2218 3879 2072 3879 2071 3879 2219 3880 2071 3880 2070 3880 2220 3881 2070 3881 2069 3881 2221 3882 2069 3882 2068 3882 2222 3883 2068 3883 2067 3883 2085 3884 2067 3884 1899 3884 2085 3885 2222 3885 2067 3885 2085 3886 2223 3886 2222 3886 2085 3887 2224 3887 2223 3887 2085 3888 2225 3888 2224 3888 2085 3889 2226 3889 2225 3889 2085 3890 2084 3890 2226 3890 2226 3891 2084 3891 2227 3891 2228 3892 2227 3892 2229 3892 2230 3893 2229 3893 2231 3893 2232 3894 2231 3894 2233 3894 2218 3895 2233 3895 2217 3895 2072 3896 2218 3896 2217 3896 2107 3897 2108 3897 2109 3897 2111 3898 2107 3898 2109 3898 2106 3899 2162 3899 2108 3899 2168 3900 2153 3900 2169 3900 2161 3901 2168 3901 2169 3901 2135 3902 2136 3902 2137 3902 2154 3903 2135 3903 2137 3903 1876 3904 1879 3904 2022 3904 2022 3905 1879 3905 2028 3905 2023 3906 2028 3906 2030 3906 2024 3907 2030 3907 2032 3907 2025 3908 2032 3908 2034 3908 2026 3909 2034 3909 2036 3909 2027 3910 2036 3910 2038 3910 1904 3911 2038 3911 1902 3911 1903 3912 1904 3912 1902 3912 1882 3913 2028 3913 1879 3913 2028 3914 2023 3914 2022 3914 2023 3915 2015 3915 2013 3915 2015 3916 2016 3916 2014 3916 2016 3917 2007 3917 2005 3917 2007 3918 2008 3918 2006 3918 2008 3919 1914 3919 1997 3919 2074 3920 1917 3920 1915 3920 2112 3921 2111 3921 2215 3921 2234 3922 2215 3922 2216 3922 2235 3923 2216 3923 2217 3923 2233 3924 2235 3924 2217 3924 2233 3925 2236 3925 2235 3925 2233 3926 2231 3926 2236 3926 2236 3927 2231 3927 2237 3927 2238 3928 2237 3928 2239 3928 2115 3929 2239 3929 2116 3929 2115 3930 2238 3930 2239 3930 2115 3931 2114 3931 2238 3931 2238 3932 2114 3932 2240 3932 2236 3933 2240 3933 2235 3933 2236 3934 2238 3934 2240 3934 2236 3935 2237 3935 2238 3935 2105 3936 2106 3936 2107 3936 2112 3937 2105 3937 2107 3937 2104 3938 2161 3938 2106 3938 2167 3939 2154 3939 2168 3939 2160 3940 2167 3940 2168 3940 2133 3941 2134 3941 2135 3941 2155 3942 2133 3942 2135 3942 2215 3943 2111 3943 2075 3943 2029 3944 2030 3944 2028 3944 2030 3945 2024 3945 2023 3945 2024 3946 2017 3946 2015 3946 2017 3947 2018 3947 2016 3947 2018 3948 2009 3948 2007 3948 2009 3949 1912 3949 2008 3949 2073 3950 1915 3950 1913 3950 2216 3951 2215 3951 2074 3951 2113 3952 2112 3952 2234 3952 2240 3953 2234 3953 2235 3953 2240 3954 2113 3954 2234 3954 2240 3955 2114 3955 2113 3955 2103 3956 2104 3956 2105 3956 2113 3957 2103 3957 2105 3957 2102 3958 2160 3958 2104 3958 2166 3959 2155 3959 2167 3959 2159 3960 2166 3960 2167 3960 2234 3961 2112 3961 2215 3961 1882 3962 1885 3962 2029 3962 2029 3963 1885 3963 1888 3963 2031 3964 1888 3964 1890 3964 2033 3965 1890 3965 1892 3965 2035 3966 1892 3966 1894 3966 2037 3967 1894 3967 1896 3967 2039 3968 1896 3968 1898 3968 1900 3969 1898 3969 1899 3969 1900 3970 2039 3970 1898 3970 1887 3971 1888 3971 1885 3971 1888 3972 2031 3972 2029 3972 2031 3973 2032 3973 2030 3973 2032 3974 2025 3974 2024 3974 2025 3975 2019 3975 2017 3975 2019 3976 2020 3976 2018 3976 2020 3977 1910 3977 2009 3977 2072 3978 1913 3978 1911 3978 2217 3979 2216 3979 2073 3979 2235 3980 2234 3980 2216 3980 2101 3981 2102 3981 2103 3981 2114 3982 2101 3982 2103 3982 2100 3983 2159 3983 2102 3983 2165 3984 2156 3984 2166 3984 2158 3985 2165 3985 2166 3985 2042 3986 1889 3986 1887 3986 1889 3987 1890 3987 1888 3987 1890 3988 2033 3988 2031 3988 2033 3989 2034 3989 2032 3989 2034 3990 2026 3990 2025 3990 2026 3991 2021 3991 2019 3991 2021 3992 1908 3992 2020 3992 2071 3993 1911 3993 1909 3993 2099 3994 2100 3994 2101 3994 2115 3995 2099 3995 2101 3995 2098 3996 2158 3996 2100 3996 2045 3997 2061 3997 2042 3997 1892 3998 1890 3998 1891 3998 2035 3999 2033 3999 1892 3999 2036 4000 2034 4000 2035 4000 2027 4001 2026 4001 2036 4001 1906 4002 2021 4002 2027 4002 2070 4003 1909 4003 1907 4003 2232 4004 2233 4004 2218 4004 2219 4005 2218 4005 2071 4005 2219 4006 2232 4006 2218 4006 2219 4007 2241 4007 2232 4007 2219 4008 2220 4008 2241 4008 2219 4009 2070 4009 2220 4009 2097 4010 2098 4010 2099 4010 2116 4011 2097 4011 2099 4011 2096 4012 2157 4012 2098 4012 2060 4013 2061 4013 2062 4013 2064 4014 2062 4014 2063 4014 2064 4015 2060 4015 2062 4015 2064 4016 2059 4016 2060 4016 2064 4017 2057 4017 2059 4017 2059 4018 2057 4018 2058 4018 1894 4019 1892 4019 1893 4019 2037 4020 2035 4020 1894 4020 2038 4021 2036 4021 2037 4021 1904 4022 2027 4022 2038 4022 2069 4023 1907 4023 1905 4023 2230 4024 2231 4024 2232 4024 2241 4025 2230 4025 2232 4025 2241 4026 2242 4026 2230 4026 2241 4027 2243 4027 2242 4027 2241 4028 2220 4028 2243 4028 2243 4029 2220 4029 2221 4029 2223 4030 2221 4030 2222 4030 2223 4031 2243 4031 2221 4031 2223 4032 2224 4032 2243 4032 2243 4033 2224 4033 2242 4033 2242 4034 2224 4034 2225 4034 2228 4035 2225 4035 2226 4035 2227 4036 2228 4036 2226 4036 2231 4037 2229 4037 2237 4037 2237 4038 2229 4038 2244 4038 2239 4039 2244 4039 2245 4039 2116 4040 2245 4040 2117 4040 2116 4041 2239 4041 2245 4041 2239 4042 2237 4042 2244 4042 2095 4043 2096 4043 2097 4043 2117 4044 2095 4044 2097 4044 2094 4045 2121 4045 2096 4045 1896 4046 1894 4046 1895 4046 2039 4047 2037 4047 1896 4047 1902 4048 2038 4048 2039 4048 2068 4049 1905 4049 1903 4049 2221 4050 2220 4050 2069 4050 2228 4051 2229 4051 2230 4051 2242 4052 2228 4052 2230 4052 2242 4053 2225 4053 2228 4053 2229 4054 2227 4054 2244 4054 2244 4055 2227 4055 2246 4055 2245 4056 2246 4056 2247 4056 2117 4057 2247 4057 2118 4057 2117 4058 2245 4058 2247 4058 2245 4059 2244 4059 2246 4059 2053 4060 2054 4060 2051 4060 1897 4061 1895 4061 2058 4061 1899 4062 1897 4062 2058 4062 1898 4063 1896 4063 1897 4063 2067 4064 1903 4064 1901 4064 2222 4065 2221 4065 2068 4065 2227 4066 2084 4066 2246 4066 2246 4067 2084 4067 2086 4067 2247 4068 2086 4068 2087 4068 2118 4069 2087 4069 2088 4069 2118 4070 2247 4070 2087 4070 2247 4071 2246 4071 2086 4071 2248 4072 2083 4072 2249 4072 2249 4073 2083 4073 2085 4073 1899 4074 2249 4074 2085 4074 1899 4075 2250 4075 2249 4075 1899 4076 2251 4076 2250 4076 1899 4077 2066 4077 2251 4077 2055 4078 2252 4078 2066 4078 2055 4079 2253 4079 2252 4079 2055 4080 2065 4080 2253 4080 2253 4081 2065 4081 2052 4081 2254 4082 2052 4082 2050 4082 2255 4083 2050 4083 2049 4083 2047 4084 2255 4084 2049 4084 2047 4085 2256 4085 2255 4085 2047 4086 2046 4086 2256 4086 2256 4087 2046 4087 2044 4087 2257 4088 2044 4088 2043 4088 2041 4089 2257 4089 2043 4089 2041 4090 2258 4090 2257 4090 2041 4091 2040 4091 2258 4091 2258 4092 2040 4092 2259 4092 2260 4093 2259 4093 2261 4093 2262 4094 2261 4094 2263 4094 2264 4095 2263 4095 2265 4095 2266 4096 2265 4096 2267 4096 2268 4097 2267 4097 2269 4097 2270 4098 2269 4098 2271 4098 2272 4099 2271 4099 2273 4099 2274 4100 2273 4100 2275 4100 2276 4101 2275 4101 2277 4101 2278 4102 2277 4102 2279 4102 2278 4103 2276 4103 2277 4103 2278 4104 2280 4104 2276 4104 2276 4105 2280 4105 2281 4105 2282 4106 2281 4106 2283 4106 2284 4107 2282 4107 2283 4107 2284 4108 2285 4108 2282 4108 2284 4109 2286 4109 2285 4109 2285 4110 2286 4110 2287 4110 2288 4111 2287 4111 2289 4111 2290 4112 2288 4112 2289 4112 2290 4113 2291 4113 2288 4113 2290 4114 2292 4114 2291 4114 2291 4115 2292 4115 2293 4115 2294 4116 2293 4116 2295 4116 2296 4117 2295 4117 2297 4117 2298 4118 2297 4118 2299 4118 2300 4119 2299 4119 2301 4119 2302 4120 2301 4120 2303 4120 2304 4121 2303 4121 2305 4121 2306 4122 2305 4122 2307 4122 2308 4123 2307 4123 2309 4123 2254 4124 2309 4124 2253 4124 2052 4125 2254 4125 2253 4125 2254 4126 2050 4126 2255 4126 2308 4127 2255 4127 2310 4127 2306 4128 2310 4128 2311 4128 2304 4129 2311 4129 2312 4129 2302 4130 2312 4130 2313 4130 2300 4131 2313 4131 2314 4131 2298 4132 2314 4132 2315 4132 2296 4133 2315 4133 2316 4133 2294 4134 2316 4134 2317 4134 2291 4135 2317 4135 2288 4135 2291 4136 2294 4136 2317 4136 2291 4137 2293 4137 2294 4137 2256 4138 2044 4138 2257 4138 2318 4139 2257 4139 2319 4139 2320 4140 2319 4140 2321 4140 2322 4141 2321 4141 2323 4141 2324 4142 2323 4142 2325 4142 2326 4143 2325 4143 2327 4143 2328 4144 2327 4144 2329 4144 2330 4145 2329 4145 2331 4145 2332 4146 2331 4146 2333 4146 2285 4147 2333 4147 2282 4147 2285 4148 2332 4148 2333 4148 2285 4149 2288 4149 2332 4149 2285 4150 2287 4150 2288 4150 2040 4151 1886 4151 2259 4151 2259 4152 1886 4152 1884 4152 2334 4153 1884 4153 1883 4153 1881 4154 2334 4154 1883 4154 1881 4155 2335 4155 2334 4155 1881 4156 1880 4156 2335 4156 2335 4157 1880 4157 1878 4157 2336 4158 1878 4158 1877 4158 1875 4159 2336 4159 1877 4159 1875 4160 2337 4160 2336 4160 1875 4161 1873 4161 2337 4161 2337 4162 1873 4162 2338 4162 2339 4163 2338 4163 2340 4163 2341 4164 2340 4164 2342 4164 2343 4165 2342 4165 2344 4165 2345 4166 2344 4166 2346 4166 2347 4167 2346 4167 2348 4167 2349 4168 2348 4168 2350 4168 2351 4169 2350 4169 2352 4169 2353 4170 2352 4170 2354 4170 2355 4171 2354 4171 2277 4171 2275 4172 2355 4172 2277 4172 2275 4173 2356 4173 2355 4173 2275 4174 2273 4174 2356 4174 2356 4175 2273 4175 2357 4175 2358 4176 2357 4176 2359 4176 2360 4177 2359 4177 2361 4177 2345 4178 2361 4178 2343 4178 2344 4179 2345 4179 2343 4179 2259 4180 1884 4180 2334 4180 2261 4181 2334 4181 2362 4181 2263 4182 2362 4182 2363 4182 2265 4183 2363 4183 2364 4183 2267 4184 2364 4184 2365 4184 2269 4185 2365 4185 2366 4185 2271 4186 2366 4186 2357 4186 2273 4187 2271 4187 2357 4187 2335 4188 1878 4188 2336 4188 2367 4189 2336 4189 2368 4189 2369 4190 2368 4190 2370 4190 2371 4191 2370 4191 2372 4191 2373 4192 2372 4192 2361 4192 2359 4193 2373 4193 2361 4193 2359 4194 2366 4194 2373 4194 2359 4195 2357 4195 2366 4195 1873 4196 1872 4196 2338 4196 2338 4197 1872 4197 1870 4197 2374 4198 1870 4198 1869 4198 1867 4199 2374 4199 1869 4199 1867 4200 2375 4200 2374 4200 1867 4201 1866 4201 2375 4201 2375 4202 1866 4202 1864 4202 2376 4203 1864 4203 1863 4203 1861 4204 2376 4204 1863 4204 1861 4205 2377 4205 2376 4205 1861 4206 1859 4206 2377 4206 2377 4207 1859 4207 2378 4207 2379 4208 2378 4208 1855 4208 2350 4209 1855 4209 1857 4209 2350 4210 2379 4210 1855 4210 2350 4211 2380 4211 2379 4211 2350 4212 2381 4212 2380 4212 2350 4213 2382 4213 2381 4213 2350 4214 2348 4214 2382 4214 2382 4215 2348 4215 2346 4215 2383 4216 2346 4216 2344 4216 2384 4217 2344 4217 2342 4217 2385 4218 2342 4218 2340 4218 2374 4219 2340 4219 2338 4219 1870 4220 2374 4220 2338 4220 2375 4221 1864 4221 2376 4221 2386 4222 2376 4222 2387 4222 2388 4223 2387 4223 2380 4223 2381 4224 2388 4224 2380 4224 2381 4225 2383 4225 2388 4225 2381 4226 2382 4226 2383 4226 2383 4227 2382 4227 2346 4227 1859 4228 1858 4228 2378 4228 2378 4229 1858 4229 1855 4229 2349 4230 2350 4230 2351 4230 2389 4231 2351 4231 2390 4231 2358 4232 2390 4232 2356 4232 2357 4233 2358 4233 2356 4233 2352 4234 2391 4234 2354 4234 2354 4235 2391 4235 2392 4235 2279 4236 2354 4236 2392 4236 2279 4237 2277 4237 2354 4237 2276 4238 2281 4238 2282 4238 2274 4239 2282 4239 2333 4239 2272 4240 2333 4240 2331 4240 2270 4241 2331 4241 2329 4241 2268 4242 2329 4242 2327 4242 2266 4243 2327 4243 2325 4243 2264 4244 2325 4244 2323 4244 2262 4245 2323 4245 2321 4245 2260 4246 2321 4246 2319 4246 2258 4247 2319 4247 2257 4247 2258 4248 2260 4248 2319 4248 2258 4249 2259 4249 2260 4249 2292 4250 2393 4250 2293 4250 2293 4251 2393 4251 2394 4251 2395 4252 2394 4252 2396 4252 2397 4253 2395 4253 2396 4253 2397 4254 2398 4254 2395 4254 2397 4255 2399 4255 2398 4255 2398 4256 2399 4256 2400 4256 2401 4257 2400 4257 2402 4257 2403 4258 2401 4258 2402 4258 2403 4259 2404 4259 2401 4259 2403 4260 2405 4260 2404 4260 2404 4261 2405 4261 2406 4261 2407 4262 2406 4262 2408 4262 2409 4263 2408 4263 2410 4263 2411 4264 2410 4264 2412 4264 2413 4265 2412 4265 2414 4265 2415 4266 2414 4266 2066 4266 2416 4267 2066 4267 2417 4267 2418 4268 2417 4268 2419 4268 2420 4269 2419 4269 2307 4269 2305 4270 2420 4270 2307 4270 2305 4271 2421 4271 2420 4271 2305 4272 2303 4272 2421 4272 2421 4273 2303 4273 2422 4273 2423 4274 2422 4274 2424 4274 2425 4275 2424 4275 2426 4275 2409 4276 2426 4276 2407 4276 2408 4277 2409 4277 2407 4277 2293 4278 2394 4278 2395 4278 2295 4279 2395 4279 2427 4279 2297 4280 2427 4280 2428 4280 2299 4281 2428 4281 2429 4281 2301 4282 2429 4282 2422 4282 2303 4283 2301 4283 2422 4283 2398 4284 2400 4284 2401 4284 2430 4285 2401 4285 2431 4285 2432 4286 2431 4286 2426 4286 2424 4287 2432 4287 2426 4287 2424 4288 2429 4288 2432 4288 2424 4289 2422 4289 2429 4289 2405 4290 2433 4290 2406 4290 2406 4291 2433 4291 2434 4291 2435 4292 2434 4292 2436 4292 2437 4293 2435 4293 2436 4293 2437 4294 2438 4294 2435 4294 2437 4295 2439 4295 2438 4295 2438 4296 2439 4296 2440 4296 2441 4297 2440 4297 2442 4297 2443 4298 2442 4298 2444 4298 2445 4299 2443 4299 2444 4299 2445 4300 2446 4300 2443 4300 2445 4301 2447 4301 2446 4301 2445 4302 2448 4302 2447 4302 2445 4303 2066 4303 2448 4303 2445 4304 2251 4304 2066 4304 2406 4305 2434 4305 2435 4305 2408 4306 2435 4306 2449 4306 2410 4307 2449 4307 2450 4307 2412 4308 2450 4308 2448 4308 2414 4309 2448 4309 2066 4309 2414 4310 2412 4310 2448 4310 2438 4311 2440 4311 2441 4311 2451 4312 2441 4312 2446 4312 2447 4313 2451 4313 2446 4313 2447 4314 2450 4314 2451 4314 2447 4315 2448 4315 2450 4315 2441 4316 2442 4316 2443 4316 2446 4317 2441 4317 2443 4317 2419 4318 2417 4318 2252 4318 2309 4319 2252 4319 2253 4319 2309 4320 2419 4320 2252 4320 2309 4321 2307 4321 2419 4321 2415 4322 2066 4322 2416 4322 2452 4323 2416 4323 2418 4323 2453 4324 2418 4324 2420 4324 2421 4325 2453 4325 2420 4325 2421 4326 2423 4326 2453 4326 2421 4327 2422 4327 2423 4327 2066 4328 2252 4328 2417 4328 2416 4329 2417 4329 2418 4329 2413 4330 2414 4330 2415 4330 2452 4331 2415 4331 2416 4331 2452 4332 2413 4332 2415 4332 2452 4333 2454 4333 2413 4333 2452 4334 2453 4334 2454 4334 2452 4335 2418 4335 2453 4335 2308 4336 2309 4336 2254 4336 2255 4337 2308 4337 2254 4337 2420 4338 2418 4338 2419 4338 2411 4339 2412 4339 2413 4339 2454 4340 2411 4340 2413 4340 2454 4341 2425 4341 2411 4341 2454 4342 2423 4342 2425 4342 2454 4343 2453 4343 2423 4343 2410 4344 2450 4344 2412 4344 2438 4345 2441 4345 2451 4345 2449 4346 2451 4346 2450 4346 2449 4347 2438 4347 2451 4347 2449 4348 2435 4348 2438 4348 2306 4349 2307 4349 2308 4349 2310 4350 2306 4350 2308 4350 2409 4351 2410 4351 2411 4351 2425 4352 2409 4352 2411 4352 2425 4353 2426 4353 2409 4353 2408 4354 2449 4354 2410 4354 2255 4355 2256 4355 2310 4355 2310 4356 2256 4356 2318 4356 2311 4357 2318 4357 2320 4357 2312 4358 2320 4358 2322 4358 2313 4359 2322 4359 2324 4359 2314 4360 2324 4360 2326 4360 2315 4361 2326 4361 2328 4361 2316 4362 2328 4362 2330 4362 2317 4363 2330 4363 2332 4363 2288 4364 2317 4364 2332 4364 2257 4365 2318 4365 2256 4365 2304 4366 2305 4366 2306 4366 2311 4367 2304 4367 2306 4367 2318 4368 2311 4368 2310 4368 2424 4369 2425 4369 2423 4369 2406 4370 2435 4370 2408 4370 2320 4371 2318 4371 2319 4371 2312 4372 2311 4372 2320 4372 2302 4373 2303 4373 2304 4373 2312 4374 2302 4374 2304 4374 2404 4375 2406 4375 2407 4375 2431 4376 2407 4376 2426 4376 2431 4377 2404 4377 2407 4377 2431 4378 2401 4378 2404 4378 2322 4379 2320 4379 2321 4379 2313 4380 2312 4380 2322 4380 2300 4381 2301 4381 2302 4381 2313 4382 2300 4382 2302 4382 2299 4383 2429 4383 2301 4383 2430 4384 2431 4384 2432 4384 2428 4385 2432 4385 2429 4385 2428 4386 2430 4386 2432 4386 2428 4387 2427 4387 2430 4387 2430 4388 2427 4388 2398 4388 2401 4389 2430 4389 2398 4389 2262 4390 2321 4390 2260 4390 2261 4391 2262 4391 2260 4391 2334 4392 2261 4392 2259 4392 2324 4393 2322 4393 2323 4393 2314 4394 2313 4394 2324 4394 2298 4395 2299 4395 2300 4395 2314 4396 2298 4396 2300 4396 2297 4397 2428 4397 2299 4397 2264 4398 2323 4398 2262 4398 2263 4399 2264 4399 2262 4399 2362 4400 2263 4400 2261 4400 2326 4401 2324 4401 2325 4401 2315 4402 2314 4402 2326 4402 2296 4403 2297 4403 2298 4403 2315 4404 2296 4404 2298 4404 2295 4405 2427 4405 2297 4405 2395 4406 2398 4406 2427 4406 2334 4407 2335 4407 2362 4407 2362 4408 2335 4408 2367 4408 2363 4409 2367 4409 2369 4409 2364 4410 2369 4410 2371 4410 2365 4411 2371 4411 2373 4411 2366 4412 2365 4412 2373 4412 2336 4413 2367 4413 2335 4413 2367 4414 2363 4414 2362 4414 2266 4415 2325 4415 2264 4415 2265 4416 2266 4416 2264 4416 2363 4417 2265 4417 2263 4417 2328 4418 2326 4418 2327 4418 2316 4419 2315 4419 2328 4419 2294 4420 2295 4420 2296 4420 2316 4421 2294 4421 2296 4421 2293 4422 2395 4422 2295 4422 2368 4423 2369 4423 2367 4423 2369 4424 2364 4424 2363 4424 2268 4425 2327 4425 2266 4425 2267 4426 2268 4426 2266 4426 2364 4427 2267 4427 2265 4427 2330 4428 2328 4428 2329 4428 2317 4429 2316 4429 2330 4429 2336 4430 2337 4430 2368 4430 2368 4431 2337 4431 2339 4431 2370 4432 2339 4432 2341 4432 2372 4433 2341 4433 2343 4433 2361 4434 2372 4434 2343 4434 2338 4435 2339 4435 2337 4435 2339 4436 2370 4436 2368 4436 2370 4437 2371 4437 2369 4437 2371 4438 2365 4438 2364 4438 2270 4439 2329 4439 2268 4439 2269 4440 2270 4440 2268 4440 2365 4441 2269 4441 2267 4441 2332 4442 2330 4442 2331 4442 2341 4443 2339 4443 2340 4443 2372 4444 2370 4444 2341 4444 2373 4445 2371 4445 2372 4445 2271 4446 2269 4446 2366 4446 2272 4447 2331 4447 2270 4447 2271 4448 2272 4448 2270 4448 2385 4449 2340 4449 2374 4449 2375 4450 2385 4450 2374 4450 2375 4451 2386 4451 2385 4451 2375 4452 2376 4452 2386 4452 2343 4453 2341 4453 2342 4453 2274 4454 2333 4454 2272 4454 2273 4455 2274 4455 2272 4455 2384 4456 2342 4456 2385 4456 2386 4457 2384 4457 2385 4457 2386 4458 2388 4458 2384 4458 2386 4459 2387 4459 2388 4459 2360 4460 2361 4460 2345 4460 2347 4461 2345 4461 2346 4461 2347 4462 2360 4462 2345 4462 2347 4463 2389 4463 2360 4463 2347 4464 2349 4464 2389 4464 2347 4465 2348 4465 2349 4465 2358 4466 2359 4466 2360 4466 2389 4467 2358 4467 2360 4467 2389 4468 2390 4468 2358 4468 2276 4469 2282 4469 2274 4469 2275 4470 2276 4470 2274 4470 2383 4471 2344 4471 2384 4471 2388 4472 2383 4472 2384 4472 2355 4473 2356 4473 2390 4473 2353 4474 2390 4474 2351 4474 2352 4475 2353 4475 2351 4475 2376 4476 2377 4476 2387 4476 2387 4477 2377 4477 2379 4477 2380 4478 2387 4478 2379 4478 2378 4479 2379 4479 2377 4479 2351 4480 2389 4480 2349 4480 2354 4481 2355 4481 2353 4481 2353 4482 2355 4482 2390 4482 1976 4483 2455 4483 1979 4483 1976 4484 1975 4484 2455 4484 2455 4485 1975 4485 1973 4485 2456 4486 1973 4486 1971 4486 2457 4487 1971 4487 1970 4487 1968 4488 2457 4488 1970 4488 1968 4489 2458 4489 2457 4489 1968 4490 1967 4490 2458 4490 2458 4491 1967 4491 1965 4491 2459 4492 1965 4492 1964 4492 1962 4493 2459 4493 1964 4493 1962 4494 2460 4494 2459 4494 1962 4495 1961 4495 2460 4495 2460 4496 1961 4496 1959 4496 2461 4497 1959 4497 1957 4497 2462 4498 1957 4498 1956 4498 1954 4499 2462 4499 1956 4499 1954 4500 2463 4500 2462 4500 1954 4501 1955 4501 2463 4501 2463 4502 1955 4502 2174 4502 2464 4503 2174 4503 2173 4503 2131 4504 2464 4504 2173 4504 2131 4505 2465 4505 2464 4505 2131 4506 2129 4506 2465 4506 2465 4507 2129 4507 2128 4507 2466 4508 2128 4508 2126 4508 2467 4509 2126 4509 2125 4509 2123 4510 2467 4510 2125 4510 2123 4511 2468 4511 2467 4511 2123 4512 2122 4512 2468 4512 2468 4513 2122 4513 2120 4513 2469 4514 2120 4514 2119 4514 2093 4515 2469 4515 2119 4515 2093 4516 2470 4516 2469 4516 2093 4517 2091 4517 2470 4517 2470 4518 2091 4518 2471 4518 2472 4519 2471 4519 2089 4519 2473 4520 2089 4520 2474 4520 2475 4521 2474 4521 2476 4521 2477 4522 2476 4522 2478 4522 2479 4523 2478 4523 2480 4523 2481 4524 2480 4524 2482 4524 2483 4525 2482 4525 2484 4525 2485 4526 2484 4526 2486 4526 2487 4527 2486 4527 2488 4527 2489 4528 2488 4528 2490 4528 2491 4529 2490 4529 2492 4529 2493 4530 2492 4530 2494 4530 2495 4531 2494 4531 2496 4531 2497 4532 2496 4532 2498 4532 2499 4533 2498 4533 2500 4533 2501 4534 2500 4534 2502 4534 2503 4535 2502 4535 2504 4535 2505 4536 2504 4536 2506 4536 2507 4537 2506 4537 2508 4537 2509 4538 2508 4538 2510 4538 2511 4539 2510 4539 2512 4539 2513 4540 2512 4540 2514 4540 2515 4541 2514 4541 2516 4541 2517 4542 2516 4542 2518 4542 2519 4543 2518 4543 2520 4543 2519 4544 2517 4544 2518 4544 2519 4545 2521 4545 2517 4545 2517 4546 2521 4546 2522 4546 2523 4547 2522 4547 2524 4547 2525 4548 2523 4548 2524 4548 2525 4549 2526 4549 2523 4549 2525 4550 2527 4550 2526 4550 2526 4551 2527 4551 2528 4551 2529 4552 2528 4552 2530 4552 2531 4553 2530 4553 2532 4553 2533 4554 2531 4554 2532 4554 2533 4555 2534 4555 2531 4555 2533 4556 2507 4556 2534 4556 2533 4557 2535 4557 2507 4557 2455 4558 1973 4558 2456 4558 2536 4559 2456 4559 2537 4559 2501 4560 2537 4560 2499 4560 2500 4561 2501 4561 2499 4561 2456 4562 1971 4562 2457 4562 2537 4563 2457 4563 2538 4563 2499 4564 2538 4564 2497 4564 2498 4565 2499 4565 2497 4565 2458 4566 1965 4566 2459 4566 2539 4567 2459 4567 2540 4567 2495 4568 2540 4568 2493 4568 2494 4569 2495 4569 2493 4569 2460 4570 1959 4570 2461 4570 2541 4571 2461 4571 2542 4571 2491 4572 2542 4572 2489 4572 2490 4573 2491 4573 2489 4573 2461 4574 1957 4574 2462 4574 2542 4575 2462 4575 2543 4575 2489 4576 2543 4576 2487 4576 2488 4577 2489 4577 2487 4577 2463 4578 2174 4578 2464 4578 2544 4579 2464 4579 2545 4579 2485 4580 2545 4580 2483 4580 2484 4581 2485 4581 2483 4581 2465 4582 2128 4582 2466 4582 2546 4583 2466 4583 2547 4583 2481 4584 2547 4584 2479 4584 2480 4585 2481 4585 2479 4585 2466 4586 2126 4586 2467 4586 2547 4587 2467 4587 2548 4587 2479 4588 2548 4588 2477 4588 2478 4589 2479 4589 2477 4589 2468 4590 2120 4590 2469 4590 2549 4591 2469 4591 2550 4591 2475 4592 2550 4592 2473 4592 2474 4593 2475 4593 2473 4593 2091 4594 2090 4594 2471 4594 2471 4595 2090 4595 2089 4595 2083 4596 2248 4596 2089 4596 2089 4597 2248 4597 2474 4597 2474 4598 2248 4598 2551 4598 2476 4599 2551 4599 2552 4599 2478 4600 2552 4600 2553 4600 2480 4601 2553 4601 2554 4601 2482 4602 2554 4602 2555 4602 2484 4603 2555 4603 2556 4603 2486 4604 2556 4604 2557 4604 2488 4605 2557 4605 2558 4605 2490 4606 2558 4606 2559 4606 2492 4607 2559 4607 2560 4607 2494 4608 2560 4608 2561 4608 2496 4609 2561 4609 2562 4609 2498 4610 2562 4610 2563 4610 2500 4611 2563 4611 2564 4611 2502 4612 2564 4612 2565 4612 2504 4613 2565 4613 2566 4613 2506 4614 2566 4614 2508 4614 2506 4615 2504 4615 2566 4615 2567 4616 2568 4616 2248 4616 2567 4617 2569 4617 2568 4617 2567 4618 2570 4618 2569 4618 2569 4619 2570 4619 2571 4619 2572 4620 2571 4620 2573 4620 2574 4621 2573 4621 2575 4621 2576 4622 2574 4622 2575 4622 2576 4623 2577 4623 2574 4623 2576 4624 2578 4624 2577 4624 2577 4625 2578 4625 2579 4625 2580 4626 2579 4626 2581 4626 2582 4627 2580 4627 2581 4627 2582 4628 2583 4628 2580 4628 2582 4629 2584 4629 2583 4629 2583 4630 2584 4630 2585 4630 2586 4631 2585 4631 2587 4631 2588 4632 2587 4632 2589 4632 2590 4633 2589 4633 2591 4633 2592 4634 2591 4634 2593 4634 2561 4635 2593 4635 2562 4635 2561 4636 2592 4636 2593 4636 2561 4637 2560 4637 2592 4637 2592 4638 2560 4638 2594 4638 2590 4639 2594 4639 2595 4639 2588 4640 2595 4640 2596 4640 2586 4641 2596 4641 2597 4641 2583 4642 2597 4642 2580 4642 2583 4643 2586 4643 2597 4643 2583 4644 2585 4644 2586 4644 2569 4645 2571 4645 2572 4645 2598 4646 2572 4646 2599 4646 2600 4647 2599 4647 2601 4647 2602 4648 2601 4648 2603 4648 2604 4649 2603 4649 2605 4649 2556 4650 2605 4650 2557 4650 2556 4651 2604 4651 2605 4651 2556 4652 2555 4652 2604 4652 2604 4653 2555 4653 2606 4653 2602 4654 2606 4654 2607 4654 2600 4655 2607 4655 2608 4655 2598 4656 2608 4656 2568 4656 2569 4657 2598 4657 2568 4657 2569 4658 2572 4658 2598 4658 2572 4659 2573 4659 2574 4659 2599 4660 2574 4660 2609 4660 2601 4661 2609 4661 2610 4661 2603 4662 2610 4662 2611 4662 2605 4663 2611 4663 2612 4663 2557 4664 2612 4664 2558 4664 2557 4665 2605 4665 2612 4665 2577 4666 2579 4666 2580 4666 2613 4667 2580 4667 2597 4667 2614 4668 2597 4668 2596 4668 2615 4669 2596 4669 2595 4669 2616 4670 2595 4670 2594 4670 2559 4671 2594 4671 2560 4671 2559 4672 2616 4672 2594 4672 2559 4673 2558 4673 2616 4673 2616 4674 2558 4674 2612 4674 2615 4675 2612 4675 2611 4675 2614 4676 2611 4676 2610 4676 2613 4677 2610 4677 2609 4677 2577 4678 2609 4678 2574 4678 2577 4679 2613 4679 2609 4679 2577 4680 2580 4680 2613 4680 2584 4681 2617 4681 2585 4681 2585 4682 2617 4682 2618 4682 2619 4683 2618 4683 2620 4683 2621 4684 2619 4684 2620 4684 2621 4685 2622 4685 2619 4685 2621 4686 2623 4686 2622 4686 2622 4687 2623 4687 2624 4687 2625 4688 2624 4688 2626 4688 2627 4689 2625 4689 2626 4689 2627 4690 2628 4690 2625 4690 2627 4691 2629 4691 2628 4691 2628 4692 2629 4692 2518 4692 2630 4693 2518 4693 2516 4693 2631 4694 2516 4694 2514 4694 2632 4695 2514 4695 2512 4695 2633 4696 2512 4696 2510 4696 2566 4697 2510 4697 2508 4697 2566 4698 2633 4698 2510 4698 2566 4699 2565 4699 2633 4699 2633 4700 2565 4700 2634 4700 2632 4701 2634 4701 2635 4701 2631 4702 2635 4702 2636 4702 2630 4703 2636 4703 2637 4703 2628 4704 2637 4704 2625 4704 2628 4705 2630 4705 2637 4705 2628 4706 2518 4706 2630 4706 2585 4707 2618 4707 2619 4707 2587 4708 2619 4708 2638 4708 2589 4709 2638 4709 2639 4709 2591 4710 2639 4710 2640 4710 2593 4711 2640 4711 2641 4711 2562 4712 2641 4712 2563 4712 2562 4713 2593 4713 2641 4713 2622 4714 2624 4714 2625 4714 2642 4715 2625 4715 2637 4715 2643 4716 2637 4716 2636 4716 2644 4717 2636 4717 2635 4717 2645 4718 2635 4718 2634 4718 2564 4719 2634 4719 2565 4719 2564 4720 2645 4720 2634 4720 2564 4721 2563 4721 2645 4721 2645 4722 2563 4722 2641 4722 2644 4723 2641 4723 2640 4723 2643 4724 2640 4724 2639 4724 2642 4725 2639 4725 2638 4725 2622 4726 2638 4726 2619 4726 2622 4727 2642 4727 2638 4727 2622 4728 2625 4728 2642 4728 2629 4729 2520 4729 2518 4729 2517 4730 2522 4730 2523 4730 2515 4731 2523 4731 2646 4731 2513 4732 2646 4732 2647 4732 2511 4733 2647 4733 2648 4733 2509 4734 2648 4734 2507 4734 2508 4735 2509 4735 2507 4735 2526 4736 2528 4736 2529 4736 2649 4737 2529 4737 2534 4737 2650 4738 2534 4738 2507 4738 2648 4739 2650 4739 2507 4739 2648 4740 2647 4740 2650 4740 2650 4741 2647 4741 2649 4741 2534 4742 2650 4742 2649 4742 2529 4743 2530 4743 2531 4743 2534 4744 2529 4744 2531 4744 2506 4745 2507 4745 2505 4745 2505 4746 2507 4746 1979 4746 2651 4747 1979 4747 2455 4747 2536 4748 2455 4748 2456 4748 2536 4749 2651 4749 2455 4749 2536 4750 2503 4750 2651 4750 2536 4751 2501 4751 2503 4751 2536 4752 2537 4752 2501 4752 2505 4753 1979 4753 2651 4753 2503 4754 2505 4754 2651 4754 2503 4755 2504 4755 2505 4755 2511 4756 2648 4756 2509 4756 2510 4757 2511 4757 2509 4757 2457 4758 2537 4758 2456 4758 2502 4759 2503 4759 2501 4759 2565 4760 2504 4760 2502 4760 2513 4761 2647 4761 2511 4761 2512 4762 2513 4762 2511 4762 2526 4763 2529 4763 2649 4763 2646 4764 2649 4764 2647 4764 2646 4765 2526 4765 2649 4765 2646 4766 2523 4766 2526 4766 2538 4767 2499 4767 2537 4767 2564 4768 2502 4768 2500 4768 2632 4769 2512 4769 2633 4769 2634 4770 2632 4770 2633 4770 2515 4771 2646 4771 2513 4771 2514 4772 2515 4772 2513 4772 2457 4773 2458 4773 2538 4773 2538 4774 2458 4774 2539 4774 2497 4775 2539 4775 2495 4775 2496 4776 2497 4776 2495 4776 2459 4777 2539 4777 2458 4777 2539 4778 2497 4778 2538 4778 2563 4779 2500 4779 2498 4779 2631 4780 2514 4780 2632 4780 2635 4781 2631 4781 2632 4781 2517 4782 2523 4782 2515 4782 2516 4783 2517 4783 2515 4783 2540 4784 2495 4784 2539 4784 2562 4785 2498 4785 2496 4785 2644 4786 2635 4786 2645 4786 2641 4787 2644 4787 2645 4787 2630 4788 2516 4788 2631 4788 2636 4789 2630 4789 2631 4789 2459 4790 2460 4790 2540 4790 2540 4791 2460 4791 2541 4791 2493 4792 2541 4792 2491 4792 2492 4793 2493 4793 2491 4793 2461 4794 2541 4794 2460 4794 2541 4795 2493 4795 2540 4795 2561 4796 2496 4796 2494 4796 2643 4797 2636 4797 2644 4797 2640 4798 2643 4798 2644 4798 2462 4799 2542 4799 2461 4799 2542 4800 2491 4800 2541 4800 2560 4801 2494 4801 2492 4801 2591 4802 2640 4802 2593 4802 2642 4803 2637 4803 2643 4803 2639 4804 2642 4804 2643 4804 2543 4805 2489 4805 2542 4805 2559 4806 2492 4806 2490 4806 2590 4807 2591 4807 2592 4807 2594 4808 2590 4808 2592 4808 2589 4809 2639 4809 2591 4809 2462 4810 2463 4810 2543 4810 2543 4811 2463 4811 2544 4811 2487 4812 2544 4812 2485 4812 2486 4813 2487 4813 2485 4813 2464 4814 2544 4814 2463 4814 2544 4815 2487 4815 2543 4815 2558 4816 2490 4816 2488 4816 2588 4817 2589 4817 2590 4817 2595 4818 2588 4818 2590 4818 2587 4819 2638 4819 2589 4819 2545 4820 2485 4820 2544 4820 2557 4821 2488 4821 2486 4821 2615 4822 2595 4822 2616 4822 2612 4823 2615 4823 2616 4823 2586 4824 2587 4824 2588 4824 2596 4825 2586 4825 2588 4825 2585 4826 2619 4826 2587 4826 2464 4827 2465 4827 2545 4827 2545 4828 2465 4828 2546 4828 2483 4829 2546 4829 2481 4829 2482 4830 2483 4830 2481 4830 2466 4831 2546 4831 2465 4831 2546 4832 2483 4832 2545 4832 2556 4833 2486 4833 2484 4833 2614 4834 2596 4834 2615 4834 2611 4835 2614 4835 2615 4835 2467 4836 2547 4836 2466 4836 2547 4837 2481 4837 2546 4837 2555 4838 2484 4838 2482 4838 2603 4839 2611 4839 2605 4839 2613 4840 2597 4840 2614 4840 2610 4841 2613 4841 2614 4841 2548 4842 2479 4842 2547 4842 2554 4843 2482 4843 2480 4843 2606 4844 2555 4844 2554 4844 2652 4845 2554 4845 2553 4845 2653 4846 2553 4846 2552 4846 2654 4847 2552 4847 2551 4847 2248 4848 2654 4848 2551 4848 2248 4849 2655 4849 2654 4849 2248 4850 2656 4850 2655 4850 2248 4851 2568 4851 2656 4851 2656 4852 2568 4852 2608 4852 2657 4853 2608 4853 2607 4853 2652 4854 2607 4854 2606 4854 2554 4855 2652 4855 2606 4855 2602 4856 2603 4856 2604 4856 2606 4857 2602 4857 2604 4857 2601 4858 2610 4858 2603 4858 2467 4859 2468 4859 2548 4859 2548 4860 2468 4860 2549 4860 2477 4861 2549 4861 2475 4861 2476 4862 2477 4862 2475 4862 2469 4863 2549 4863 2468 4863 2549 4864 2477 4864 2548 4864 2553 4865 2480 4865 2478 4865 2600 4866 2601 4866 2602 4866 2607 4867 2600 4867 2602 4867 2599 4868 2609 4868 2601 4868 2550 4869 2475 4869 2549 4869 2552 4870 2478 4870 2476 4870 2657 4871 2607 4871 2652 4871 2653 4872 2652 4872 2553 4872 2653 4873 2657 4873 2652 4873 2653 4874 2655 4874 2657 4874 2653 4875 2654 4875 2655 4875 2653 4876 2552 4876 2654 4876 2598 4877 2599 4877 2600 4877 2608 4878 2598 4878 2600 4878 2572 4879 2574 4879 2599 4879 2469 4880 2470 4880 2550 4880 2550 4881 2470 4881 2472 4881 2473 4882 2472 4882 2089 4882 2473 4883 2550 4883 2472 4883 2471 4884 2472 4884 2470 4884 2551 4885 2476 4885 2474 4885 2656 4886 2608 4886 2657 4886 2655 4887 2656 4887 2657 4887 2533 4888 2658 4888 2535 4888 2533 4889 2532 4889 2658 4889 2658 4890 2532 4890 2530 4890 2659 4891 2530 4891 2528 4891 2660 4892 2528 4892 2527 4892 2525 4893 2660 4893 2527 4893 2525 4894 2661 4894 2660 4894 2525 4895 2524 4895 2661 4895 2661 4896 2524 4896 2522 4896 2662 4897 2522 4897 2521 4897 2519 4898 2662 4898 2521 4898 2519 4899 2663 4899 2662 4899 2519 4900 2520 4900 2663 4900 2663 4901 2520 4901 2629 4901 2664 4902 2629 4902 2627 4902 2665 4903 2627 4903 2626 4903 2624 4904 2665 4904 2626 4904 2624 4905 2666 4905 2665 4905 2624 4906 2623 4906 2666 4906 2666 4907 2623 4907 2621 4907 2667 4908 2621 4908 2620 4908 2618 4909 2667 4909 2620 4909 2618 4910 2668 4910 2667 4910 2618 4911 2617 4911 2668 4911 2668 4912 2617 4912 2669 4912 2670 4913 2669 4913 2671 4913 2672 4914 2671 4914 2673 4914 2674 4915 2673 4915 2675 4915 2676 4916 2675 4916 2677 4916 2678 4917 2677 4917 2679 4917 2680 4918 2679 4918 2249 4918 2681 4919 2249 4919 2682 4919 2683 4920 2682 4920 2684 4920 2685 4921 2684 4921 2686 4921 2687 4922 2686 4922 2688 4922 2689 4923 2688 4923 2690 4923 2691 4924 2690 4924 2692 4924 2693 4925 2692 4925 2694 4925 2695 4926 2694 4926 2696 4926 2697 4927 2696 4927 2698 4927 2699 4928 2698 4928 2700 4928 2701 4929 2700 4929 2702 4929 2703 4930 2702 4930 2704 4930 2705 4931 2704 4931 2706 4931 2707 4932 2706 4932 2708 4932 2709 4933 2708 4933 2710 4933 2711 4934 2710 4934 2712 4934 2713 4935 2712 4935 2714 4935 2715 4936 2714 4936 2716 4936 2717 4937 2716 4937 2718 4937 2719 4938 2718 4938 2720 4938 2721 4939 2720 4939 2722 4939 2723 4940 2722 4940 2724 4940 2725 4941 2724 4941 2726 4941 2727 4942 2726 4942 2728 4942 2729 4943 2728 4943 2730 4943 2731 4944 2730 4944 2732 4944 2733 4945 2732 4945 2734 4945 2394 4946 2734 4946 2396 4946 2394 4947 2733 4947 2734 4947 2394 4948 2393 4948 2733 4948 2733 4949 2393 4949 2292 4949 2735 4950 2292 4950 2290 4950 2736 4951 2290 4951 2289 4951 2287 4952 2736 4952 2289 4952 2287 4953 2737 4953 2736 4953 2287 4954 2286 4954 2737 4954 2737 4955 2286 4955 2284 4955 2738 4956 2284 4956 2283 4956 2281 4957 2738 4957 2283 4957 2281 4958 2739 4958 2738 4958 2281 4959 2280 4959 2739 4959 2739 4960 2280 4960 2278 4960 2740 4961 2278 4961 2279 4961 2741 4962 2279 4962 2392 4962 2391 4963 2741 4963 2392 4963 2391 4964 2742 4964 2741 4964 2391 4965 2743 4965 2742 4965 2391 4966 2717 4966 2743 4966 2391 4967 2352 4967 2717 4967 2658 4968 2530 4968 2659 4968 2744 4969 2659 4969 2745 4969 2746 4970 2745 4970 2747 4970 2748 4971 2747 4971 2749 4971 2750 4972 2749 4972 2751 4972 2752 4973 2751 4973 2753 4973 2754 4974 2753 4974 2755 4974 2699 4975 2755 4975 2697 4975 2698 4976 2699 4976 2697 4976 2659 4977 2528 4977 2660 4977 2745 4978 2660 4978 2756 4978 2747 4979 2756 4979 2757 4979 2749 4980 2757 4980 2758 4980 2751 4981 2758 4981 2759 4981 2753 4982 2759 4982 2760 4982 2755 4983 2760 4983 2761 4983 2697 4984 2761 4984 2695 4984 2696 4985 2697 4985 2695 4985 2661 4986 2522 4986 2662 4986 2762 4987 2662 4987 2763 4987 2764 4988 2763 4988 2765 4988 2766 4989 2765 4989 2767 4989 2768 4990 2767 4990 2769 4990 2770 4991 2769 4991 2771 4991 2772 4992 2771 4992 2773 4992 2693 4993 2773 4993 2691 4993 2692 4994 2693 4994 2691 4994 2663 4995 2629 4995 2664 4995 2774 4996 2664 4996 2775 4996 2776 4997 2775 4997 2777 4997 2778 4998 2777 4998 2779 4998 2780 4999 2779 4999 2781 4999 2782 5000 2781 5000 2783 5000 2784 5001 2783 5001 2785 5001 2689 5002 2785 5002 2687 5002 2688 5003 2689 5003 2687 5003 2664 5004 2627 5004 2665 5004 2775 5005 2665 5005 2786 5005 2777 5006 2786 5006 2787 5006 2779 5007 2787 5007 2788 5007 2781 5008 2788 5008 2789 5008 2783 5009 2789 5009 2790 5009 2785 5010 2790 5010 2791 5010 2687 5011 2791 5011 2685 5011 2686 5012 2687 5012 2685 5012 2666 5013 2621 5013 2667 5013 2792 5014 2667 5014 2793 5014 2794 5015 2793 5015 2795 5015 2796 5016 2795 5016 2797 5016 2798 5017 2797 5017 2799 5017 2800 5018 2799 5018 2801 5018 2802 5019 2801 5019 2803 5019 2683 5020 2803 5020 2681 5020 2682 5021 2683 5021 2681 5021 2617 5022 2584 5022 2669 5022 2669 5023 2584 5023 2582 5023 2804 5024 2582 5024 2581 5024 2579 5025 2804 5025 2581 5025 2579 5026 2805 5026 2804 5026 2579 5027 2578 5027 2805 5027 2805 5028 2578 5028 2576 5028 2806 5029 2576 5029 2575 5029 2573 5030 2806 5030 2575 5030 2573 5031 2807 5031 2806 5031 2573 5032 2571 5032 2807 5032 2807 5033 2571 5033 2808 5033 2809 5034 2808 5034 2567 5034 2810 5035 2567 5035 2249 5035 2811 5036 2249 5036 2812 5036 2813 5037 2812 5037 2677 5037 2675 5038 2813 5038 2677 5038 2675 5039 2814 5039 2813 5039 2675 5040 2673 5040 2814 5040 2814 5041 2673 5041 2815 5041 2816 5042 2815 5042 2805 5042 2806 5043 2805 5043 2576 5043 2806 5044 2816 5044 2805 5044 2806 5045 2817 5045 2816 5045 2806 5046 2807 5046 2817 5046 2817 5047 2807 5047 2809 5047 2810 5048 2809 5048 2567 5048 2810 5049 2817 5049 2809 5049 2810 5050 2818 5050 2817 5050 2810 5051 2811 5051 2818 5051 2810 5052 2249 5052 2811 5052 2669 5053 2582 5053 2804 5053 2671 5054 2804 5054 2815 5054 2673 5055 2671 5055 2815 5055 2571 5056 2570 5056 2808 5056 2808 5057 2570 5057 2567 5057 2567 5058 2248 5058 2249 5058 2682 5059 2249 5059 2819 5059 2684 5060 2819 5060 2820 5060 2686 5061 2820 5061 2821 5061 2688 5062 2821 5062 2822 5062 2690 5063 2822 5063 2823 5063 2692 5064 2823 5064 2824 5064 2694 5065 2824 5065 2825 5065 2696 5066 2825 5066 2826 5066 2698 5067 2826 5067 2827 5067 2700 5068 2827 5068 2828 5068 2702 5069 2828 5069 2829 5069 2704 5070 2829 5070 2830 5070 2706 5071 2830 5071 2831 5071 2708 5072 2831 5072 2832 5072 2710 5073 2832 5073 2833 5073 2712 5074 2833 5074 2834 5074 2714 5075 2834 5075 2716 5075 2714 5076 2712 5076 2834 5076 2251 5077 2835 5077 2250 5077 2251 5078 2836 5078 2835 5078 2251 5079 2837 5079 2836 5079 2251 5080 2838 5080 2837 5080 2251 5081 2445 5081 2838 5081 2838 5082 2445 5082 2444 5082 2442 5083 2838 5083 2444 5083 2442 5084 2839 5084 2838 5084 2442 5085 2440 5085 2839 5085 2839 5086 2440 5086 2840 5086 2841 5087 2840 5087 2842 5087 2843 5088 2842 5088 2844 5088 2845 5089 2844 5089 2846 5089 2847 5090 2846 5090 2848 5090 2849 5091 2848 5091 2850 5091 2851 5092 2850 5092 2852 5092 2853 5093 2852 5093 2854 5093 2855 5094 2854 5094 2856 5094 2829 5095 2856 5095 2830 5095 2829 5096 2855 5096 2856 5096 2829 5097 2828 5097 2855 5097 2855 5098 2828 5098 2857 5098 2853 5099 2857 5099 2858 5099 2851 5100 2858 5100 2859 5100 2849 5101 2859 5101 2860 5101 2847 5102 2860 5102 2861 5102 2845 5103 2861 5103 2862 5103 2843 5104 2862 5104 2863 5104 2841 5105 2863 5105 2864 5105 2839 5106 2864 5106 2838 5106 2839 5107 2841 5107 2864 5107 2839 5108 2840 5108 2841 5108 2440 5109 2439 5109 2840 5109 2840 5110 2439 5110 2437 5110 2865 5111 2437 5111 2436 5111 2434 5112 2865 5112 2436 5112 2434 5113 2866 5113 2865 5113 2434 5114 2433 5114 2866 5114 2866 5115 2433 5115 2405 5115 2867 5116 2405 5116 2403 5116 2402 5117 2867 5117 2403 5117 2402 5118 2868 5118 2867 5118 2402 5119 2400 5119 2868 5119 2868 5120 2400 5120 2869 5120 2870 5121 2869 5121 2871 5121 2872 5122 2871 5122 2873 5122 2874 5123 2873 5123 2875 5123 2876 5124 2875 5124 2877 5124 2878 5125 2877 5125 2879 5125 2880 5126 2879 5126 2881 5126 2882 5127 2881 5127 2883 5127 2884 5128 2883 5128 2885 5128 2834 5129 2885 5129 2716 5129 2834 5130 2884 5130 2885 5130 2834 5131 2833 5131 2884 5131 2884 5132 2833 5132 2886 5132 2882 5133 2886 5133 2887 5133 2880 5134 2887 5134 2888 5134 2878 5135 2888 5135 2889 5135 2876 5136 2889 5136 2890 5136 2874 5137 2890 5137 2891 5137 2872 5138 2891 5138 2892 5138 2870 5139 2892 5139 2893 5139 2868 5140 2893 5140 2867 5140 2868 5141 2870 5141 2893 5141 2868 5142 2869 5142 2870 5142 2840 5143 2437 5143 2865 5143 2842 5144 2865 5144 2894 5144 2844 5145 2894 5145 2895 5145 2846 5146 2895 5146 2896 5146 2848 5147 2896 5147 2897 5147 2850 5148 2897 5148 2898 5148 2852 5149 2898 5149 2899 5149 2854 5150 2899 5150 2900 5150 2856 5151 2900 5151 2901 5151 2830 5152 2901 5152 2831 5152 2830 5153 2856 5153 2901 5153 2866 5154 2405 5154 2867 5154 2902 5155 2867 5155 2893 5155 2903 5156 2893 5156 2892 5156 2904 5157 2892 5157 2891 5157 2905 5158 2891 5158 2890 5158 2906 5159 2890 5159 2889 5159 2907 5160 2889 5160 2888 5160 2908 5161 2888 5161 2887 5161 2909 5162 2887 5162 2886 5162 2832 5163 2886 5163 2833 5163 2832 5164 2909 5164 2886 5164 2832 5165 2831 5165 2909 5165 2909 5166 2831 5166 2901 5166 2908 5167 2901 5167 2900 5167 2907 5168 2900 5168 2899 5168 2906 5169 2899 5169 2898 5169 2905 5170 2898 5170 2897 5170 2904 5171 2897 5171 2896 5171 2903 5172 2896 5172 2895 5172 2902 5173 2895 5173 2894 5173 2866 5174 2894 5174 2865 5174 2866 5175 2902 5175 2894 5175 2866 5176 2867 5176 2902 5176 2400 5177 2399 5177 2869 5177 2869 5178 2399 5178 2397 5178 2734 5179 2397 5179 2396 5179 2734 5180 2869 5180 2397 5180 2734 5181 2871 5181 2869 5181 2734 5182 2732 5182 2871 5182 2871 5183 2732 5183 2873 5183 2873 5184 2732 5184 2730 5184 2875 5185 2730 5185 2728 5185 2877 5186 2728 5186 2726 5186 2879 5187 2726 5187 2724 5187 2881 5188 2724 5188 2722 5188 2883 5189 2722 5189 2720 5189 2885 5190 2720 5190 2718 5190 2716 5191 2885 5191 2718 5191 2733 5192 2292 5192 2735 5192 2731 5193 2735 5193 2910 5193 2729 5194 2910 5194 2911 5194 2727 5195 2911 5195 2912 5195 2725 5196 2912 5196 2913 5196 2723 5197 2913 5197 2914 5197 2721 5198 2914 5198 2915 5198 2719 5199 2915 5199 2717 5199 2718 5200 2719 5200 2717 5200 2735 5201 2290 5201 2736 5201 2910 5202 2736 5202 2916 5202 2911 5203 2916 5203 2917 5203 2912 5204 2917 5204 2918 5204 2913 5205 2918 5205 2919 5205 2914 5206 2919 5206 2920 5206 2915 5207 2920 5207 2717 5207 2915 5208 2914 5208 2920 5208 2737 5209 2284 5209 2738 5209 2921 5210 2738 5210 2922 5210 2923 5211 2922 5211 2924 5211 2925 5212 2924 5212 2926 5212 2927 5213 2926 5213 2717 5213 2920 5214 2927 5214 2717 5214 2920 5215 2919 5215 2927 5215 2927 5216 2919 5216 2925 5216 2926 5217 2927 5217 2925 5217 2739 5218 2278 5218 2740 5218 2928 5219 2740 5219 2742 5219 2743 5220 2928 5220 2742 5220 2743 5221 2924 5221 2928 5221 2743 5222 2926 5222 2924 5222 2743 5223 2717 5223 2926 5223 2740 5224 2279 5224 2741 5224 2742 5225 2740 5225 2741 5225 2717 5226 2715 5226 2716 5226 2535 5227 2929 5227 2715 5227 2535 5228 2930 5228 2929 5228 2535 5229 2658 5229 2930 5229 2930 5230 2658 5230 2744 5230 2931 5231 2744 5231 2746 5231 2932 5232 2746 5232 2748 5232 2933 5233 2748 5233 2750 5233 2934 5234 2750 5234 2752 5234 2935 5235 2752 5235 2754 5235 2701 5236 2754 5236 2699 5236 2700 5237 2701 5237 2699 5237 2659 5238 2744 5238 2658 5238 2929 5239 2936 5239 2715 5239 2929 5240 2937 5240 2936 5240 2929 5241 2931 5241 2937 5241 2929 5242 2930 5242 2931 5242 2931 5243 2930 5243 2744 5243 2936 5244 2938 5244 2715 5244 2936 5245 2939 5245 2938 5245 2936 5246 2937 5246 2939 5246 2939 5247 2937 5247 2940 5247 2941 5248 2940 5248 2942 5248 2943 5249 2942 5249 2944 5249 2705 5250 2944 5250 2703 5250 2704 5251 2705 5251 2703 5251 2938 5252 2945 5252 2715 5252 2938 5253 2946 5253 2945 5253 2938 5254 2939 5254 2946 5254 2946 5255 2939 5255 2941 5255 2947 5256 2941 5256 2943 5256 2707 5257 2943 5257 2705 5257 2706 5258 2707 5258 2705 5258 2945 5259 2948 5259 2715 5259 2945 5260 2949 5260 2948 5260 2945 5261 2946 5261 2949 5261 2949 5262 2946 5262 2947 5262 2709 5263 2947 5263 2707 5263 2708 5264 2709 5264 2707 5264 2714 5265 2715 5265 2713 5265 2713 5266 2715 5266 2948 5266 2711 5267 2948 5267 2949 5267 2709 5268 2949 5268 2947 5268 2709 5269 2711 5269 2949 5269 2709 5270 2710 5270 2711 5270 2712 5271 2713 5271 2711 5271 2711 5272 2713 5272 2948 5272 2721 5273 2915 5273 2719 5273 2720 5274 2721 5274 2719 5274 2660 5275 2745 5275 2659 5275 2745 5276 2746 5276 2744 5276 2746 5277 2932 5277 2931 5277 2931 5278 2932 5278 2937 5278 2937 5279 2932 5279 2940 5279 2940 5280 2932 5280 2933 5280 2942 5281 2933 5281 2934 5281 2944 5282 2934 5282 2935 5282 2703 5283 2935 5283 2701 5283 2702 5284 2703 5284 2701 5284 2941 5285 2939 5285 2940 5285 2947 5286 2946 5286 2941 5286 2833 5287 2712 5287 2710 5287 2883 5288 2720 5288 2885 5288 2723 5289 2914 5289 2721 5289 2722 5290 2723 5290 2721 5290 2913 5291 2919 5291 2914 5291 2923 5292 2924 5292 2925 5292 2918 5293 2925 5293 2919 5293 2918 5294 2923 5294 2925 5294 2918 5295 2917 5295 2923 5295 2923 5296 2917 5296 2921 5296 2922 5297 2923 5297 2921 5297 2739 5298 2740 5298 2928 5298 2922 5299 2928 5299 2924 5299 2922 5300 2739 5300 2928 5300 2922 5301 2738 5301 2739 5301 2756 5302 2747 5302 2745 5302 2747 5303 2748 5303 2746 5303 2748 5304 2933 5304 2932 5304 2933 5305 2942 5305 2940 5305 2942 5306 2943 5306 2941 5306 2943 5307 2707 5307 2947 5307 2832 5308 2710 5308 2708 5308 2882 5309 2883 5309 2884 5309 2886 5310 2882 5310 2884 5310 2881 5311 2722 5311 2883 5311 2725 5312 2913 5312 2723 5312 2724 5313 2725 5313 2723 5313 2912 5314 2918 5314 2913 5314 2660 5315 2661 5315 2756 5315 2756 5316 2661 5316 2762 5316 2757 5317 2762 5317 2764 5317 2758 5318 2764 5318 2766 5318 2759 5319 2766 5319 2768 5319 2760 5320 2768 5320 2770 5320 2761 5321 2770 5321 2772 5321 2695 5322 2772 5322 2693 5322 2694 5323 2695 5323 2693 5323 2662 5324 2762 5324 2661 5324 2762 5325 2757 5325 2756 5325 2757 5326 2749 5326 2747 5326 2749 5327 2750 5327 2748 5327 2750 5328 2934 5328 2933 5328 2934 5329 2944 5329 2942 5329 2944 5330 2705 5330 2943 5330 2831 5331 2708 5331 2706 5331 2880 5332 2881 5332 2882 5332 2887 5333 2880 5333 2882 5333 2879 5334 2724 5334 2881 5334 2727 5335 2912 5335 2725 5335 2726 5336 2727 5336 2725 5336 2911 5337 2917 5337 2912 5337 2737 5338 2738 5338 2921 5338 2916 5339 2921 5339 2917 5339 2916 5340 2737 5340 2921 5340 2916 5341 2736 5341 2737 5341 2763 5342 2764 5342 2762 5342 2764 5343 2758 5343 2757 5343 2758 5344 2751 5344 2749 5344 2751 5345 2752 5345 2750 5345 2752 5346 2935 5346 2934 5346 2935 5347 2703 5347 2944 5347 2830 5348 2706 5348 2704 5348 2908 5349 2887 5349 2909 5349 2901 5350 2908 5350 2909 5350 2878 5351 2879 5351 2880 5351 2888 5352 2878 5352 2880 5352 2877 5353 2726 5353 2879 5353 2729 5354 2911 5354 2727 5354 2728 5355 2729 5355 2727 5355 2910 5356 2916 5356 2911 5356 2662 5357 2663 5357 2763 5357 2763 5358 2663 5358 2774 5358 2765 5359 2774 5359 2776 5359 2767 5360 2776 5360 2778 5360 2769 5361 2778 5361 2780 5361 2771 5362 2780 5362 2782 5362 2773 5363 2782 5363 2784 5363 2691 5364 2784 5364 2689 5364 2690 5365 2691 5365 2689 5365 2664 5366 2774 5366 2663 5366 2774 5367 2765 5367 2763 5367 2765 5368 2766 5368 2764 5368 2766 5369 2759 5369 2758 5369 2759 5370 2753 5370 2751 5370 2753 5371 2754 5371 2752 5371 2754 5372 2701 5372 2935 5372 2829 5373 2704 5373 2702 5373 2907 5374 2888 5374 2908 5374 2900 5375 2907 5375 2908 5375 2876 5376 2877 5376 2878 5376 2889 5377 2876 5377 2878 5377 2875 5378 2728 5378 2877 5378 2731 5379 2910 5379 2729 5379 2730 5380 2731 5380 2729 5380 2735 5381 2736 5381 2910 5381 2665 5382 2775 5382 2664 5382 2775 5383 2776 5383 2774 5383 2776 5384 2767 5384 2765 5384 2767 5385 2768 5385 2766 5385 2768 5386 2760 5386 2759 5386 2760 5387 2755 5387 2753 5387 2755 5388 2699 5388 2754 5388 2828 5389 2702 5389 2700 5389 2854 5390 2900 5390 2856 5390 2906 5391 2889 5391 2907 5391 2899 5392 2906 5392 2907 5392 2874 5393 2875 5393 2876 5393 2890 5394 2874 5394 2876 5394 2873 5395 2730 5395 2875 5395 2733 5396 2735 5396 2731 5396 2732 5397 2733 5397 2731 5397 2786 5398 2777 5398 2775 5398 2777 5399 2778 5399 2776 5399 2778 5400 2769 5400 2767 5400 2769 5401 2770 5401 2768 5401 2770 5402 2761 5402 2760 5402 2761 5403 2697 5403 2755 5403 2827 5404 2700 5404 2698 5404 2857 5405 2828 5405 2827 5405 2950 5406 2827 5406 2826 5406 2951 5407 2826 5407 2825 5407 2952 5408 2825 5408 2824 5408 2953 5409 2824 5409 2823 5409 2954 5410 2823 5410 2822 5410 2955 5411 2822 5411 2821 5411 2956 5412 2821 5412 2820 5412 2957 5413 2820 5413 2819 5413 2250 5414 2819 5414 2249 5414 2250 5415 2957 5415 2819 5415 2250 5416 2958 5416 2957 5416 2250 5417 2959 5417 2958 5417 2250 5418 2960 5418 2959 5418 2250 5419 2961 5419 2960 5419 2250 5420 2835 5420 2961 5420 2961 5421 2835 5421 2962 5421 2963 5422 2962 5422 2964 5422 2965 5423 2964 5423 2966 5423 2967 5424 2966 5424 2968 5424 2953 5425 2968 5425 2952 5425 2824 5426 2953 5426 2952 5426 2853 5427 2854 5427 2855 5427 2857 5428 2853 5428 2855 5428 2852 5429 2899 5429 2854 5429 2905 5430 2890 5430 2906 5430 2898 5431 2905 5431 2906 5431 2872 5432 2873 5432 2874 5432 2891 5433 2872 5433 2874 5433 2665 5434 2666 5434 2786 5434 2786 5435 2666 5435 2792 5435 2787 5436 2792 5436 2794 5436 2788 5437 2794 5437 2796 5437 2789 5438 2796 5438 2798 5438 2790 5439 2798 5439 2800 5439 2791 5440 2800 5440 2802 5440 2685 5441 2802 5441 2683 5441 2684 5442 2685 5442 2683 5442 2667 5443 2792 5443 2666 5443 2792 5444 2787 5444 2786 5444 2787 5445 2779 5445 2777 5445 2779 5446 2780 5446 2778 5446 2780 5447 2771 5447 2769 5447 2771 5448 2772 5448 2770 5448 2772 5449 2695 5449 2761 5449 2826 5450 2698 5450 2696 5450 2858 5451 2857 5451 2950 5451 2969 5452 2950 5452 2951 5452 2970 5453 2951 5453 2952 5453 2968 5454 2970 5454 2952 5454 2968 5455 2971 5455 2970 5455 2968 5456 2966 5456 2971 5456 2971 5457 2966 5457 2972 5457 2973 5458 2972 5458 2974 5458 2861 5459 2974 5459 2862 5459 2861 5460 2973 5460 2974 5460 2861 5461 2860 5461 2973 5461 2973 5462 2860 5462 2975 5462 2971 5463 2975 5463 2970 5463 2971 5464 2973 5464 2975 5464 2971 5465 2972 5465 2973 5465 2851 5466 2852 5466 2853 5466 2858 5467 2851 5467 2853 5467 2850 5468 2898 5468 2852 5468 2904 5469 2891 5469 2905 5469 2897 5470 2904 5470 2905 5470 2870 5471 2871 5471 2872 5471 2892 5472 2870 5472 2872 5472 2950 5473 2857 5473 2827 5473 2793 5474 2794 5474 2792 5474 2794 5475 2788 5475 2787 5475 2788 5476 2781 5476 2779 5476 2781 5477 2782 5477 2780 5477 2782 5478 2773 5478 2771 5478 2773 5479 2693 5479 2772 5479 2825 5480 2696 5480 2694 5480 2951 5481 2950 5481 2826 5481 2859 5482 2858 5482 2969 5482 2975 5483 2969 5483 2970 5483 2975 5484 2859 5484 2969 5484 2975 5485 2860 5485 2859 5485 2849 5486 2850 5486 2851 5486 2859 5487 2849 5487 2851 5487 2848 5488 2897 5488 2850 5488 2903 5489 2892 5489 2904 5489 2896 5490 2903 5490 2904 5490 2969 5491 2858 5491 2950 5491 2667 5492 2668 5492 2793 5492 2793 5493 2668 5493 2670 5493 2795 5494 2670 5494 2672 5494 2797 5495 2672 5495 2674 5495 2799 5496 2674 5496 2676 5496 2801 5497 2676 5497 2678 5497 2803 5498 2678 5498 2680 5498 2681 5499 2680 5499 2249 5499 2681 5500 2803 5500 2680 5500 2669 5501 2670 5501 2668 5501 2670 5502 2795 5502 2793 5502 2795 5503 2796 5503 2794 5503 2796 5504 2789 5504 2788 5504 2789 5505 2783 5505 2781 5505 2783 5506 2784 5506 2782 5506 2784 5507 2691 5507 2773 5507 2824 5508 2694 5508 2692 5508 2952 5509 2951 5509 2825 5509 2970 5510 2969 5510 2951 5510 2847 5511 2848 5511 2849 5511 2860 5512 2847 5512 2849 5512 2846 5513 2896 5513 2848 5513 2902 5514 2893 5514 2903 5514 2895 5515 2902 5515 2903 5515 2804 5516 2671 5516 2669 5516 2671 5517 2672 5517 2670 5517 2672 5518 2797 5518 2795 5518 2797 5519 2798 5519 2796 5519 2798 5520 2790 5520 2789 5520 2790 5521 2785 5521 2783 5521 2785 5522 2689 5522 2784 5522 2823 5523 2692 5523 2690 5523 2845 5524 2846 5524 2847 5524 2861 5525 2845 5525 2847 5525 2844 5526 2895 5526 2846 5526 2805 5527 2815 5527 2804 5527 2674 5528 2672 5528 2673 5528 2799 5529 2797 5529 2674 5529 2800 5530 2798 5530 2799 5530 2791 5531 2790 5531 2800 5531 2687 5532 2785 5532 2791 5532 2822 5533 2690 5533 2688 5533 2967 5534 2968 5534 2953 5534 2954 5535 2953 5535 2823 5535 2954 5536 2967 5536 2953 5536 2954 5537 2976 5537 2967 5537 2954 5538 2955 5538 2976 5538 2954 5539 2822 5539 2955 5539 2843 5540 2844 5540 2845 5540 2862 5541 2843 5541 2845 5541 2842 5542 2894 5542 2844 5542 2814 5543 2815 5543 2816 5543 2818 5544 2816 5544 2817 5544 2818 5545 2814 5545 2816 5545 2818 5546 2813 5546 2814 5546 2818 5547 2811 5547 2813 5547 2813 5548 2811 5548 2812 5548 2676 5549 2674 5549 2675 5549 2801 5550 2799 5550 2676 5550 2802 5551 2800 5551 2801 5551 2685 5552 2791 5552 2802 5552 2821 5553 2688 5553 2686 5553 2965 5554 2966 5554 2967 5554 2976 5555 2965 5555 2967 5555 2976 5556 2977 5556 2965 5556 2976 5557 2978 5557 2977 5557 2976 5558 2955 5558 2978 5558 2978 5559 2955 5559 2956 5559 2958 5560 2956 5560 2957 5560 2958 5561 2978 5561 2956 5561 2958 5562 2959 5562 2978 5562 2978 5563 2959 5563 2977 5563 2977 5564 2959 5564 2960 5564 2963 5565 2960 5565 2961 5565 2962 5566 2963 5566 2961 5566 2966 5567 2964 5567 2972 5567 2972 5568 2964 5568 2979 5568 2974 5569 2979 5569 2980 5569 2862 5570 2980 5570 2863 5570 2862 5571 2974 5571 2980 5571 2974 5572 2972 5572 2979 5572 2841 5573 2842 5573 2843 5573 2863 5574 2841 5574 2843 5574 2840 5575 2865 5575 2842 5575 2678 5576 2676 5576 2677 5576 2803 5577 2801 5577 2678 5577 2683 5578 2802 5578 2803 5578 2820 5579 2686 5579 2684 5579 2956 5580 2955 5580 2821 5580 2963 5581 2964 5581 2965 5581 2977 5582 2963 5582 2965 5582 2977 5583 2960 5583 2963 5583 2964 5584 2962 5584 2979 5584 2979 5585 2962 5585 2981 5585 2980 5586 2981 5586 2982 5586 2863 5587 2982 5587 2864 5587 2863 5588 2980 5588 2982 5588 2980 5589 2979 5589 2981 5589 2808 5590 2809 5590 2807 5590 2679 5591 2677 5591 2812 5591 2249 5592 2679 5592 2812 5592 2680 5593 2678 5593 2679 5593 2819 5594 2684 5594 2682 5594 2957 5595 2956 5595 2820 5595 2962 5596 2835 5596 2981 5596 2981 5597 2835 5597 2836 5597 2982 5598 2836 5598 2837 5598 2864 5599 2837 5599 2838 5599 2864 5600 2982 5600 2837 5600 2982 5601 2981 5601 2836 5601 1481 5602 2983 5602 1485 5602 1485 5603 2983 5603 2984 5603 1487 5604 2984 5604 2985 5604 1487 5605 1485 5605 2984 5605 1854 5606 1849 5606 2985 5606 2985 5607 1849 5607 1850 5607 1846 5608 2985 5608 1850 5608 1846 5609 1842 5609 2985 5609 2985 5610 1842 5610 1837 5610 1831 5611 2985 5611 1837 5611 1831 5612 1824 5612 2985 5612 2985 5613 1824 5613 1816 5613 1807 5614 2985 5614 1816 5614 1807 5615 1796 5615 2985 5615 2985 5616 1796 5616 1785 5616 1773 5617 2985 5617 1785 5617 1773 5618 1760 5618 2985 5618 2985 5619 1760 5619 1743 5619 1521 5620 2985 5620 1743 5620 1521 5621 1519 5621 2985 5621 2985 5622 1519 5622 1520 5622 1548 5623 2985 5623 1520 5623 1548 5624 1563 5624 2985 5624 2985 5625 1563 5625 1578 5625 1593 5626 2985 5626 1578 5626 1593 5627 1608 5627 2985 5627 2985 5628 1608 5628 1623 5628 1638 5629 2985 5629 1623 5629 1638 5630 1486 5630 2985 5630 2985 5631 1486 5631 1487 5631 1482 5632 1483 5632 2986 5632 2986 5633 1483 5633 1741 5633 1738 5634 2986 5634 1741 5634 1738 5635 1734 5635 2986 5635 2986 5636 1734 5636 1729 5636 1723 5637 2986 5637 1729 5637 1723 5638 1716 5638 2986 5638 2986 5639 1716 5639 352 5639 367 5640 2986 5640 352 5640 1716 5641 1708 5641 352 5641 352 5642 1708 5642 1699 5642 1689 5643 352 5643 1699 5643 1689 5644 1678 5644 352 5644 352 5645 1678 5645 1666 5645 1653 5646 352 5646 1666 5646 1653 5647 1639 5647 352 5647 352 5648 1639 5648 1624 5648 1609 5649 352 5649 1624 5649 1609 5650 1594 5650 352 5650 352 5651 1594 5651 1579 5651 1564 5652 352 5652 1579 5652 1564 5653 1549 5653 352 5653 352 5654 1549 5654 1534 5654 1493 5655 352 5655 1534 5655 1493 5656 1490 5656 352 5656 352 5657 1490 5657 339 5657 2987 5658 1480 5658 2988 5658 2988 5659 1480 5659 1488 5659 2989 5660 1488 5660 1489 5660 2989 5661 2988 5661 1488 5661 1479 5662 191 5662 1103 5662 1103 5663 191 5663 1088 5663 1088 5664 191 5664 1073 5664 1073 5665 191 5665 1058 5665 1058 5666 191 5666 1043 5666 1043 5667 191 5667 1028 5667 1028 5668 191 5668 1013 5668 1013 5669 191 5669 998 5669 998 5670 191 5670 170 5670 970 5671 170 5671 969 5671 970 5672 998 5672 170 5672 191 5673 2 5673 170 5673 189 5674 1299 5674 170 5674 170 5675 1299 5675 1295 5675 1290 5676 170 5676 1295 5676 1290 5677 1284 5677 170 5677 170 5678 1284 5678 1277 5678 1269 5679 170 5679 1277 5679 1269 5680 1260 5680 170 5680 170 5681 1260 5681 1249 5681 1238 5682 170 5682 1249 5682 1238 5683 1226 5683 170 5683 170 5684 1226 5684 1213 5684 1196 5685 170 5685 1213 5685 1196 5686 971 5686 170 5686 170 5687 971 5687 969 5687 2983 5688 1481 5688 2987 5688 2987 5689 1481 5689 1480 5689 1311 5690 1476 5690 2990 5690 2990 5691 1476 5691 2991 5691 1479 5692 1461 5692 191 5692 191 5693 1461 5693 1462 5693 1458 5694 191 5694 1462 5694 1458 5695 1454 5695 191 5695 191 5696 1454 5696 1449 5696 1442 5697 191 5697 1449 5697 1442 5698 1435 5698 191 5698 191 5699 1435 5699 1428 5699 140 5700 1428 5700 1421 5700 1414 5701 140 5701 1421 5701 1414 5702 1407 5702 140 5702 140 5703 1407 5703 1400 5703 1393 5704 140 5704 1400 5704 1393 5705 1386 5705 140 5705 140 5706 1386 5706 1379 5706 1372 5707 140 5707 1379 5707 1372 5708 1365 5708 140 5708 140 5709 1365 5709 1358 5709 1351 5710 140 5710 1358 5710 1351 5711 1344 5711 140 5711 140 5712 1344 5712 1337 5712 1330 5713 140 5713 1337 5713 1330 5714 1313 5714 140 5714 140 5715 1313 5715 133 5715 133 5716 1313 5716 1309 5716 1311 5717 133 5717 1309 5717 1311 5718 2990 5718 133 5718 191 5719 1428 5719 140 5719 155 5720 191 5720 140 5720 891 5721 904 5721 2992 5721 2992 5722 904 5722 2993 5722 2993 5723 2994 5723 2992 5723 2992 5724 2994 5724 2995 5724 2984 5725 2996 5725 2985 5725 2984 5726 2997 5726 2996 5726 2984 5727 2983 5727 2997 5727 2997 5728 2983 5728 2987 5728 2988 5729 2997 5729 2987 5729 2988 5730 2996 5730 2997 5730 2988 5731 2998 5731 2996 5731 2988 5732 2989 5732 2998 5732 2995 5733 2999 5733 2998 5733 2995 5734 2994 5734 2999 5734 2999 5735 2994 5735 3000 5735 3001 5736 3000 5736 2985 5736 2996 5737 3001 5737 2985 5737 2996 5738 2998 5738 3001 5738 3001 5739 2998 5739 2999 5739 3000 5740 3001 5740 2999 5740 3000 5741 573 5741 2985 5741 2985 5742 573 5742 1854 5742 1854 5743 573 5743 572 5743 2535 5744 572 5744 570 5744 567 5745 2535 5745 570 5745 567 5746 563 5746 2535 5746 2535 5747 563 5747 558 5747 551 5748 2535 5748 558 5748 551 5749 544 5749 2535 5749 2535 5750 544 5750 404 5750 402 5751 2535 5751 404 5751 402 5752 403 5752 2535 5752 2535 5753 403 5753 419 5753 428 5754 2535 5754 419 5754 428 5755 437 5755 2535 5755 2535 5756 437 5756 446 5756 455 5757 2535 5757 446 5757 455 5758 464 5758 2535 5758 2535 5759 464 5759 473 5759 482 5760 2535 5760 473 5760 482 5761 938 5761 2535 5761 482 5762 491 5762 938 5762 938 5763 491 5763 500 5763 1854 5764 572 5764 2535 5764 2715 5765 1854 5765 2535 5765 2715 5766 1853 5766 1854 5766 2715 5767 2717 5767 1853 5767 1853 5768 2717 5768 1852 5768 1852 5769 2717 5769 2352 5769 313 5770 2352 5770 304 5770 313 5771 1852 5771 2352 5771 313 5772 322 5772 1852 5772 1852 5773 322 5773 331 5773 2535 5774 938 5774 2507 5774 2507 5775 938 5775 939 5775 1979 5776 939 5776 758 5776 754 5777 1979 5777 758 5777 754 5778 749 5778 1979 5778 1979 5779 749 5779 742 5779 735 5780 1979 5780 742 5780 735 5781 595 5781 1979 5781 1979 5782 595 5782 593 5782 594 5783 1979 5783 593 5783 594 5784 610 5784 1979 5784 1979 5785 610 5785 619 5785 628 5786 1979 5786 619 5786 628 5787 637 5787 1979 5787 1979 5788 637 5788 646 5788 655 5789 1979 5789 646 5789 655 5790 664 5790 1979 5790 1979 5791 664 5791 673 5791 1306 5792 673 5792 682 5792 691 5793 1306 5793 682 5793 765 5794 761 5794 939 5794 939 5795 761 5795 758 5795 1979 5796 673 5796 1306 5796 1936 5797 1306 5797 1307 5797 1934 5798 1307 5798 1308 5798 1857 5799 1308 5799 176 5799 171 5800 1857 5800 176 5800 171 5801 164 5801 1857 5801 1857 5802 164 5802 157 5802 20 5803 1857 5803 157 5803 20 5804 18 5804 1857 5804 1857 5805 18 5805 19 5805 35 5806 1857 5806 19 5806 35 5807 44 5807 1857 5807 1857 5808 44 5808 53 5808 62 5809 1857 5809 53 5809 62 5810 71 5810 1857 5810 1857 5811 71 5811 80 5811 89 5812 1857 5812 80 5812 89 5813 98 5813 1857 5813 1857 5814 98 5814 107 5814 116 5815 1857 5815 107 5815 116 5816 125 5816 1857 5816 1857 5817 125 5817 133 5817 2350 5818 133 5818 3002 5818 211 5819 3002 5819 2991 5819 211 5820 2350 5820 3002 5820 211 5821 2352 5821 2350 5821 211 5822 209 5822 2352 5822 2352 5823 209 5823 210 5823 381 5824 2352 5824 210 5824 381 5825 378 5825 2352 5825 2352 5826 378 5826 374 5826 369 5827 2352 5827 374 5827 369 5828 227 5828 2352 5828 2352 5829 227 5829 225 5829 226 5830 2352 5830 225 5830 226 5831 253 5831 2352 5831 2352 5832 253 5832 251 5832 252 5833 2352 5833 251 5833 252 5834 268 5834 2352 5834 2352 5835 268 5835 277 5835 286 5836 2352 5836 277 5836 286 5837 295 5837 2352 5837 2352 5838 295 5838 304 5838 1979 5839 1306 5839 1936 5839 1936 5840 1307 5840 1934 5840 183 5841 180 5841 1308 5841 1308 5842 180 5842 176 5842 133 5843 2990 5843 3002 5843 3002 5844 2990 5844 2991 5844 1857 5845 1934 5845 1308 5845 1979 5846 2507 5846 939 5846 2350 5847 1857 5847 133 5847 884 5848 891 5848 3003 5848 877 5849 3003 5849 870 5849 877 5850 884 5850 3003 5850 2995 5851 2998 5851 2992 5851 2992 5852 2998 5852 3003 5852 891 5853 2992 5853 3003 5853 3004 5854 748 5854 3003 5854 3004 5855 577 5855 748 5855 764 5856 928 5856 748 5856 748 5857 928 5857 923 5857 916 5858 748 5858 923 5858 916 5859 907 5859 748 5859 748 5860 907 5860 782 5860 780 5861 748 5861 782 5861 780 5862 781 5862 748 5862 748 5863 781 5863 793 5863 800 5864 748 5864 793 5864 800 5865 807 5865 748 5865 748 5866 807 5866 814 5866 821 5867 748 5867 814 5867 821 5868 828 5868 748 5868 748 5869 828 5869 835 5869 842 5870 748 5870 835 5870 842 5871 3003 5871 748 5871 842 5872 849 5872 3003 5872 3003 5873 849 5873 856 5873 863 5874 3003 5874 856 5874 863 5875 870 5875 3003 5875 574 5876 386 5876 3005 5876 3005 5877 386 5877 557 5877 573 5878 3005 5878 557 5878 573 5879 3000 5879 3005 5879 904 5880 3005 5880 2993 5880 904 5881 905 5881 3005 5881 3005 5882 905 5882 901 5882 897 5883 3005 5883 901 5883 897 5884 892 5884 3005 5884 3005 5885 892 5885 885 5885 878 5886 3005 5886 885 5886 878 5887 871 5887 3005 5887 3005 5888 871 5888 527 5888 574 5889 527 5889 542 5889 574 5890 3005 5890 527 5890 871 5891 864 5891 527 5891 527 5892 864 5892 857 5892 850 5893 527 5893 857 5893 850 5894 843 5894 527 5894 527 5895 843 5895 836 5895 829 5896 527 5896 836 5896 829 5897 822 5897 527 5897 527 5898 822 5898 815 5898 808 5899 527 5899 815 5899 808 5900 801 5900 527 5900 527 5901 801 5901 794 5901 787 5902 527 5902 794 5902 787 5903 770 5903 527 5903 527 5904 770 5904 767 5904 518 5905 527 5905 767 5905 3005 5906 3000 5906 2993 5906 2993 5907 3000 5907 2994 5907 734 5908 733 5908 3004 5908 3004 5909 733 5909 731 5909 727 5910 3004 5910 731 5910 727 5911 723 5911 3004 5911 3004 5912 723 5912 718 5912 712 5913 3004 5913 718 5913 712 5914 702 5914 3004 5914 3004 5915 702 5915 692 5915 683 5916 3004 5916 692 5916 683 5917 674 5917 3004 5917 3004 5918 674 5918 665 5918 656 5919 3004 5919 665 5919 656 5920 647 5920 3004 5920 3004 5921 647 5921 638 5921 629 5922 3004 5922 638 5922 629 5923 620 5923 3004 5923 3004 5924 620 5924 611 5924 602 5925 3004 5925 611 5925 602 5926 579 5926 3004 5926 3004 5927 579 5927 575 5927 577 5928 3004 5928 575 5928 1190 5929 3003 5929 1489 5929 1190 5930 1194 5930 3003 5930 3003 5931 1194 5931 1191 5931 1186 5932 3003 5932 1191 5932 1186 5933 1181 5933 3003 5933 3003 5934 1181 5934 1175 5934 1168 5935 3003 5935 1175 5935 1168 5936 1160 5936 3003 5936 3003 5937 1160 5937 730 5937 3004 5938 730 5938 734 5938 3004 5939 3003 5939 730 5939 1160 5940 1151 5940 730 5940 730 5941 1151 5941 1140 5941 1129 5942 730 5942 1140 5942 1129 5943 1117 5943 730 5943 730 5944 1117 5944 1104 5944 1089 5945 730 5945 1104 5945 1089 5946 1074 5946 730 5946 730 5947 1074 5947 1059 5947 1044 5948 730 5948 1059 5948 1044 5949 1029 5949 730 5949 730 5950 1029 5950 1014 5950 999 5951 730 5951 1014 5951 999 5952 984 5952 730 5952 730 5953 984 5953 943 5953 940 5954 730 5954 943 5954 940 5955 709 5955 730 5955 3003 5956 2998 5956 1489 5956 1489 5957 2998 5957 2989 5957 367 5958 368 5958 2986 5958 2986 5959 368 5959 365 5959 362 5960 2986 5960 365 5960 362 5961 358 5961 2986 5961 2986 5962 358 5962 353 5962 346 5963 2986 5963 353 5963 346 5964 332 5964 2986 5964 2986 5965 332 5965 323 5965 314 5966 2986 5966 323 5966 314 5967 305 5967 2986 5967 2986 5968 305 5968 296 5968 287 5969 2986 5969 296 5969 287 5970 278 5970 2986 5970 2986 5971 278 5971 269 5971 260 5972 2986 5972 269 5972 260 5973 237 5973 2986 5973 2986 5974 237 5974 233 5974 235 5975 2986 5975 233 5975 235 5976 195 5976 2986 5976 2986 5977 195 5977 192 5977 194 5978 2986 5978 192 5978 1482 5979 2986 5979 1448 5979 1448 5980 2986 5980 1441 5980 1441 5981 2986 5981 1434 5981 1434 5982 2986 5982 1427 5982 1427 5983 2986 5983 1420 5983 1420 5984 2986 5984 1413 5984 1413 5985 2986 5985 1406 5985 1406 5986 2986 5986 1399 5986 1399 5987 2986 5987 383 5987 1392 5988 383 5988 1385 5988 1392 5989 1399 5989 383 5989 2986 5990 194 5990 383 5990 211 5991 1473 5991 383 5991 211 5992 1477 5992 1473 5992 211 5993 1476 5993 1477 5993 211 5994 2991 5994 1476 5994 1473 5995 1469 5995 383 5995 383 5996 1469 5996 1464 5996 1325 5997 383 5997 1464 5997 1325 5998 1323 5998 383 5998 383 5999 1323 5999 1324 5999 1336 6000 383 6000 1324 6000 1336 6001 1343 6001 383 6001 383 6002 1343 6002 1350 6002 1357 6003 383 6003 1350 6003 1357 6004 1364 6004 383 6004 383 6005 1364 6005 1371 6005 1378 6006 383 6006 1371 6006 1378 6007 1385 6007 383 6007</p>
        </triangles>
      </mesh>
    </geometry>
  </library_geometries>
  <library_visual_scenes>
    <visual_scene id="Scene" name="Scene">
      <node id="table" name="table" type="NODE">
        <matrix sid="transform">1 0 0 0 0 1 0 0 0 0 1 0.8263267 0 0 0 1</matrix>
        <instance_geometry url="#table_001-mesh" name="table"/>
      </node>
      <node id="Camera" name="Camera" type="NODE">
        <matrix sid="transform">0.6859207 -0.3240135 0.6515582 7.358891 0.7276763 0.3054208 -0.6141704 -6.925791 0 0.8953956 0.4452714 4.958309 0 0 0 1</matrix>
        <instance_camera url="#Camera-camera"/>
      </node>
      <node id="Light" name="Light" type="NODE">
        <matrix sid="transform">-0.2908646 -0.7711008 0.5663932 4.076245 0.9551712 -0.1998834 0.2183912 1.005454 -0.05518906 0.6045247 0.7946723 5.903862 0 0 0 1</matrix>
        <instance_light url="#Light-light"/>
      </node>
    </visual_scene>
  </library_visual_scenes>
  <scene>
    <instance_visual_scene url="#Scene"/>
  </scene>
</COLLADA>